ItemIndex,RecordName,RepresentIndex,HighGroup,MiddleGroup,FunctionIndex,IsResell,ResellPoint,PointPrice,CashPrice,BonusPoint,CashType,IsSell,DisplayOrder,IsShopShow,IsNew,NewBeginTime,NewEndTime,IsHot,HotBeginTime,HotEndTime,IsSale,SaleBeginTime,SaleEndTime,SalePrice,UseType,Durability,UseTime,UseCount,IsMerge,Cangift,RepairPoint,OnlyPvE,EngName,BuyPopupOrder,ItemDesc,ItemDetailDesc,InfoType,Attack,Accuracy,Stability,ShotSpeed,Carry,Magazine,Supply,IsInvenShow,BuyLevelLimit,EquipLevelLimit,UseState,SlotCount,WeaponType,CapsuleGrade
12100101,MP_M_TF_01,12100101,1,2,0,0,0,0,0,0,0,0,0,0,0,0,0,0,0,0,0,0,0,0,1,0,0,0,1,0,0,0,Jack Conrad_Primary,,I_D_MP_M_TF_01,,0,0,0,0,0,0,0,0,1,00,0,1,1,0,1
12400301,MP_M_TF_03,12400301,1,2,0,0,0,0,0,0,0,0,0,0,0,0,0,0,0,0,0,0,0,0,4,0,0,0,1,0,0,0,Mark Edwin_Period_NoItem,,I_D_MP_M_TF_03,,0,0,0,0,0,0,0,0,1,04,0,1,2,0,1
12400302,MP_M_TF_03,12400301,1,2,0,0,0,720,0,0,0,1,0,1,0,0,0,0,0,0,0,0,0,0,4,0,86400,0,1,0,0,0,Mark Edwin_Period_24,1,I_D_MP_M_TF_03,,0,0,0,0,0,0,0,0,1,04,0,1,2,0,1
12400303,MP_M_TF_03,12400301,1,2,0,0,0,3024,0,0,0,1,0,0,0,0,0,0,0,0,0,0,0,0,4,0,604800,0,1,0,0,0,Mark Edwin_Period_168,2,I_D_MP_M_TF_03,,0,0,0,0,0,0,0,0,1,04,0,1,2,0,1
12400304,MP_M_TF_03,12400301,1,2,0,0,0,8640,0,0,0,1,0,0,0,0,0,0,0,0,0,0,0,0,4,0,2592000,0,1,0,0,0,Mark Edwin_Period_720,3,I_D_MP_M_TF_03,,0,0,0,0,0,0,0,0,1,04,0,1,2,0,1
12600301,MP_M_TF_03,12600301,1,2,0,0,0,0,0,0,0,0,0,0,0,0,0,0,0,0,0,0,0,0,6,0,0,0,0,0,0,0,Mark Edwin_Permanent_NoItem,,I_D_MP_M_TF_03,,0,0,0,0,0,0,0,0,1,04,0,1,2,0,1
12600302,MP_M_TF_03,12600301,1,2,0,0,0,17280,0,0,0,1,0,0,0,0,0,0,0,0,0,0,0,0,6,0,0,0,0,0,0,0,Mark Edwin_Permanent,4,I_D_MP_M_TF_03,,0,0,0,0,0,0,0,0,1,04,0,1,2,0,1
12400401,MP_M_TF_04,12400401,1,2,0,0,0,0,0,0,1,0,0,0,0,0,0,0,0,0,0,0,0,0,4,0,0,0,1,0,0,0,Jason Blair_Period_NoItem,,I_D_MP_M_TF_04,,0,0,0,0,0,0,0,0,1,00,0,1,3,0,1
12400402,MP_M_TF_04,12400401,1,2,0,0,0,0,119,0,1,1,0,1,0,0,0,0,0,0,0,0,0,0,4,0,86400,0,1,1,0,0,Jason Blair_Period_24,1,I_D_MP_M_TF_04,,0,0,0,0,0,0,0,0,1,00,0,1,3,0,1
12400403,MP_M_TF_04,12400401,1,2,0,0,0,0,409,0,1,1,0,0,0,0,0,0,0,0,0,0,0,0,4,0,604800,0,1,1,0,0,Jason Blair_Period_168,2,I_D_MP_M_TF_04,,0,0,0,0,0,0,0,0,1,00,0,1,3,0,1
12400404,MP_M_TF_04,12400401,1,2,0,0,0,0,1399,0,1,1,0,0,0,0,0,0,0,0,0,0,0,0,4,0,2592000,0,1,1,0,0,Jason Blair_Period_720,3,I_D_MP_M_TF_04,,0,0,0,0,0,0,0,0,1,00,0,1,3,0,1
12600401,MP_M_TF_04,12600401,1,2,0,0,0,0,0,0,1,0,0,0,0,0,0,0,0,0,0,0,0,0,6,0,0,0,0,0,0,0,Jason Blair_Permanent_NoItem,,I_D_MP_M_TF_04,,0,0,0,0,0,0,0,0,1,00,0,1,3,0,1
12600402,MP_M_TF_04,12600401,1,2,0,0,0,0,2798,0,1,1,0,0,0,0,0,0,0,0,0,0,0,0,6,0,0,0,0,1,0,0,Jason Blair_Permanent,4,I_D_MP_M_TF_04,,0,0,0,0,0,0,0,0,1,00,0,1,3,0,1
12400501,MP_M_TF_05,12400501,1,2,0,0,0,0,0,0,0,0,0,0,0,0,0,0,0,0,0,0,0,0,4,0,0,0,1,0,0,0,Vincent_Period_NoItem,,I_D_MP_M_TF_05,,0,0,0,0,0,0,0,0,1,03,0,1,2,0,1
12400502,MP_M_TF_05,12400501,1,2,0,0,0,600,0,0,0,1,0,1,0,0,0,0,0,0,0,0,0,0,4,0,86400,0,1,0,0,0,Vincent_Period_24,1,I_D_MP_M_TF_05,,0,0,0,0,0,0,0,0,1,03,0,1,2,0,1
12400503,MP_M_TF_05,12400501,1,2,0,0,0,2520,0,0,0,1,0,0,0,0,0,0,0,0,0,0,0,0,4,0,604800,0,1,0,0,0,Vincent_Period_168,2,I_D_MP_M_TF_05,,0,0,0,0,0,0,0,0,1,03,0,1,2,0,1
12400504,MP_M_TF_05,12400501,1,2,0,0,0,7200,0,0,0,1,0,0,0,0,0,0,0,0,0,0,0,0,4,0,2592000,0,1,0,0,0,Vincent_Period_720,3,I_D_MP_M_TF_05,,0,0,0,0,0,0,0,0,1,03,0,1,2,0,1
12600501,MP_M_TF_05,12600501,1,2,0,0,0,0,0,0,0,0,0,0,0,0,0,0,0,0,0,0,0,0,6,0,0,0,0,0,0,0,Vincent_Permanent_NoItem,,I_D_MP_M_TF_05,,0,0,0,0,0,0,0,0,1,03,0,1,2,0,1
12600502,MP_M_TF_05,12600501,1,2,0,0,0,14400,0,0,0,1,0,0,0,0,0,0,0,0,0,0,0,0,6,0,0,0,0,0,0,0,Vincent_Permanent,4,I_D_MP_M_TF_05,,0,0,0,0,0,0,0,0,1,03,0,1,2,0,1
12400201,MP_M_TF_02,12400201,1,2,0,0,0,0,0,0,1,0,0,0,0,0,0,0,0,0,0,0,0,0,4,0,0,0,1,0,0,0,Eric Roth_Period_NoItem,,I_D_MP_M_TF_02,,0,0,0,0,0,0,0,0,1,00,0,1,3,0,1
12400202,MP_M_TF_02,12400201,1,2,0,0,0,0,149,0,1,1,0,1,0,0,0,0,0,0,0,0,0,0,4,0,86400,0,1,1,0,0,Eric Roth_Period_24,1,I_D_MP_M_TF_02,,0,0,0,0,0,0,0,0,1,00,0,1,3,0,1
12400203,MP_M_TF_02,12400201,1,2,0,0,0,0,499,0,1,1,0,0,0,0,0,0,0,0,0,0,0,0,4,0,604800,0,1,1,0,0,Eric Roth_Period_168,2,I_D_MP_M_TF_02,,0,0,0,0,0,0,0,0,1,00,0,1,3,0,1
12400204,MP_M_TF_02,12400201,1,2,0,0,0,0,1699,0,1,1,0,0,0,0,0,0,0,0,0,0,0,0,4,0,2592000,0,1,1,0,0,Eric Roth_Period_720,3,I_D_MP_M_TF_02,,0,0,0,0,0,0,0,0,1,00,0,1,3,0,1
12600201,MP_M_TF_02,12600201,1,2,0,0,0,0,0,0,1,0,0,0,0,0,0,0,0,0,0,0,0,0,6,0,0,0,0,0,0,0,Eric Roth_Permanent_NoItem,,I_D_MP_M_TF_02,,0,0,0,0,0,0,0,0,1,00,0,1,3,0,1
12600202,MP_M_TF_02,12600201,1,2,0,0,0,0,3398,0,1,1,0,0,0,0,0,0,0,0,0,0,0,0,6,0,0,0,0,1,0,0,Eric Roth_Permanent,4,I_D_MP_M_TF_02,,0,0,0,0,0,0,0,0,1,00,0,1,3,0,1
12400601,MP_W_TF_01,12400601,1,2,0,0,0,0,0,0,0,0,0,0,0,0,0,0,0,0,0,0,0,0,4,0,0,0,1,0,0,0,Erica Lin_Period_NoItem,,I_D_MP_W_TF_01,,0,0,0,0,0,0,0,0,1,05,0,1,2,0,1
12400602,MP_W_TF_01,12400601,1,2,0,0,0,840,0,0,0,1,0,1,0,0,0,0,0,0,0,0,0,0,4,0,86400,0,1,0,0,0,Erica Lin_Period_24,1,I_D_MP_W_TF_01,,0,0,0,0,0,0,0,0,1,05,0,1,2,0,1
12400603,MP_W_TF_01,12400601,1,2,0,0,0,3528,0,0,0,1,0,0,0,0,0,0,0,0,0,0,0,0,4,0,604800,0,1,0,0,0,Erica Lin_Period_168,2,I_D_MP_W_TF_01,,0,0,0,0,0,0,0,0,1,05,0,1,2,0,1
12400604,MP_W_TF_01,12400601,1,2,0,0,0,10080,0,0,0,1,0,0,0,0,0,0,0,0,0,0,0,0,4,0,2592000,0,1,0,0,0,Erica Lin_Period_720,3,I_D_MP_W_TF_01,,0,0,0,0,0,0,0,0,1,05,0,1,2,0,1
12600601,MP_W_TF_01,12600601,1,2,0,0,0,0,0,0,0,0,0,0,0,0,0,0,0,0,0,0,0,0,6,0,0,0,0,0,0,0,Erica Lin_Permanent_NoItem,,I_D_MP_W_TF_01,,0,0,0,0,0,0,0,0,1,05,0,1,2,0,1
12600602,MP_W_TF_01,12600601,1,2,0,0,0,20160,0,0,0,1,0,0,0,0,0,0,0,0,0,0,0,0,6,0,0,0,0,0,0,0,Erica Lin_Permanent,4,I_D_MP_W_TF_01,,0,0,0,0,0,0,0,0,1,05,0,1,2,0,1
12400701,MP_W_TF_02,12400701,1,2,0,0,0,0,0,0,1,0,0,0,0,0,0,1,0,0,0,0,0,0,4,0,0,0,1,0,0,0,Emily Roth_Period_NoItem,,I_D_MP_W_TF_02,,0,0,0,0,0,0,0,0,1,00,0,1,3,0,1
12400702,MP_W_TF_02,12400701,1,2,0,0,0,0,169,0,1,1,0,1,0,0,0,1,0,0,0,0,0,0,4,0,86400,0,1,1,0,0,Emily Roth_Period_24,1,I_D_MP_W_TF_02,,0,0,0,0,0,0,0,0,1,00,0,1,3,0,1
12400703,MP_W_TF_02,12400701,1,2,0,0,0,0,589,0,1,1,0,0,0,0,0,1,0,0,0,0,0,0,4,0,604800,0,1,1,0,0,Emily Roth_Period_168,2,I_D_MP_W_TF_02,,0,0,0,0,0,0,0,0,1,00,0,1,3,0,1
12400704,MP_W_TF_02,12400701,1,2,0,0,0,0,1999,0,1,1,0,0,0,0,0,1,0,0,0,0,0,0,4,0,2592000,0,1,1,0,0,Emily Roth_Period_720,3,I_D_MP_W_TF_02,,0,0,0,0,0,0,0,0,1,00,0,1,3,0,1
12600701,MP_W_TF_02,12600701,1,2,0,0,0,0,0,0,1,0,0,0,0,0,0,1,0,0,0,0,0,0,6,0,0,0,0,0,0,0,Emily Roth_Permanent_NoItem,,I_D_MP_W_TF_02,,0,0,0,0,0,0,0,0,1,00,0,1,3,0,1
12600702,MP_W_TF_02,12600701,1,2,0,0,0,0,3998,0,1,1,0,0,0,0,0,1,0,0,0,0,0,0,6,0,0,0,0,1,0,0,Emily Roth_Permanent,4,I_D_MP_W_TF_02,,0,0,0,0,0,0,0,0,1,00,0,1,3,0,1
12400801,MP_W_H_TF_01,12400801,1,2,0,0,0,0,0,0,1,0,0,0,1,0,0,0,0,0,0,0,0,0,4,0,0,0,1,0,0,0,Manon Petit_Period_NoItem,,I_D_MP_W_H_TF_01,,0,0,0,0,0,0,0,0,1,00,0,1,3,0,1
12400802,MP_W_H_TF_01,12400801,1,2,0,0,0,0,169,0,1,1,0,1,1,0,0,0,0,0,0,0,0,0,4,0,86400,0,1,1,0,0,Manon Petit_Period_24,1,I_D_MP_W_H_TF_01,,0,0,0,0,0,0,0,0,1,00,0,1,3,0,1
12400803,MP_W_H_TF_01,12400801,1,2,0,0,0,0,589,0,1,1,0,0,1,0,0,0,0,0,0,0,0,0,4,0,604800,0,1,1,0,0,Manon Petit_Period_168,2,I_D_MP_W_H_TF_01,,0,0,0,0,0,0,0,0,1,00,0,1,3,0,1
12400804,MP_W_H_TF_01,12400801,1,2,0,0,0,0,1999,0,1,1,0,0,1,0,0,0,0,0,0,0,0,0,4,0,2592000,0,1,1,0,0,Manon Petit_Period_720,3,I_D_MP_W_H_TF_01,,0,0,0,0,0,0,0,0,1,00,0,1,3,0,1
12600801,MP_W_H_TF_01,12600801,1,2,0,0,0,0,0,0,1,0,0,0,1,0,0,0,0,0,0,0,0,0,6,0,0,0,0,0,0,0,Manon Petit_Permanent_NoItem,,I_D_MP_W_H_TF_01,,0,0,0,0,0,0,0,0,1,00,0,1,3,0,1
12600802,MP_W_H_TF_01,12600801,1,2,0,0,0,0,3998,0,1,1,0,0,1,0,0,0,0,0,0,0,0,0,6,0,0,0,0,1,0,0,Manon Petit_Permanent,4,I_D_MP_W_H_TF_01,,0,0,0,0,0,0,0,0,1,00,0,1,3,0,1
11100101,MP_M_ATC_01,11100101,1,1,0,0,0,0,0,0,0,0,0,0,0,0,0,0,0,0,0,0,0,0,1,0,0,0,1,0,0,0,Benedict_Primary,,I_D_MP_M_ATC_01,,0,0,0,0,0,0,0,0,1,00,0,1,1,0,1
11400201,MP_M_ATC_02,11400201,1,1,0,0,0,0,0,0,1,0,0,0,0,0,0,0,0,0,0,0,0,0,4,0,0,0,1,0,0,0,Fernando Silva_Period_NoItem,,I_D_MP_M_ATC_02,,0,0,0,0,0,0,0,0,1,00,0,1,3,0,1
11400202,MP_M_ATC_02,11400201,1,1,0,0,0,0,119,0,1,1,0,1,0,0,0,0,0,0,0,0,0,0,4,0,86400,0,1,1,0,0,Fernando Silva_Period_24,1,I_D_MP_M_ATC_02,,0,0,0,0,0,0,0,0,1,00,0,1,3,0,1
11400203,MP_M_ATC_02,11400201,1,1,0,0,0,0,409,0,1,1,0,0,0,0,0,0,0,0,0,0,0,0,4,0,604800,0,1,1,0,0,Fernando Silva_Period_168,2,I_D_MP_M_ATC_02,,0,0,0,0,0,0,0,0,1,00,0,1,3,0,1
11400204,MP_M_ATC_02,11400201,1,1,0,0,0,0,1399,0,1,1,0,0,0,0,0,0,0,0,0,0,0,0,4,0,2592000,0,1,1,0,0,Fernando Silva_Period_720,3,I_D_MP_M_ATC_02,,0,0,0,0,0,0,0,0,1,00,0,1,3,0,1
11600201,MP_M_ATC_02,11600201,1,1,0,0,0,0,0,0,1,0,0,0,0,0,0,0,0,0,0,0,0,0,6,0,0,0,0,0,0,0,Fernando Silva_Permanent_NoItem,,I_D_MP_M_ATC_02,,0,0,0,0,0,0,0,0,1,00,0,1,3,0,1
11600202,MP_M_ATC_02,11600201,1,1,0,0,0,0,2798,0,1,1,0,0,0,0,0,0,0,0,0,0,0,0,6,0,0,0,0,1,0,0,Fernando Silva_Permanent,4,I_D_MP_M_ATC_02,,0,0,0,0,0,0,0,0,1,00,0,1,3,0,1
11400301,MP_M_ATC_03,11400301,1,1,0,0,0,0,0,0,0,0,0,0,0,0,0,1,0,0,0,0,0,0,4,0,0,0,1,0,0,0,Bill Walker_Period_NoItem,,I_D_MP_M_ATC_03,,0,0,0,0,0,0,0,0,1,03,0,1,2,0,1
11400302,MP_M_ATC_03,11400301,1,1,0,0,0,600,0,0,0,1,0,1,0,0,0,1,0,0,0,0,0,0,4,0,86400,0,1,0,0,0,Bill Walker_Period_24,1,I_D_MP_M_ATC_03,,0,0,0,0,0,0,0,0,1,03,0,1,2,0,1
11400303,MP_M_ATC_03,11400301,1,1,0,0,0,2520,0,0,0,1,0,0,0,0,0,1,0,0,0,0,0,0,4,0,604800,0,1,0,0,0,Bill Walker_Period_168,2,I_D_MP_M_ATC_03,,0,0,0,0,0,0,0,0,1,03,0,1,2,0,1
11400304,MP_M_ATC_03,11400301,1,1,0,0,0,7200,0,0,0,1,0,0,0,0,0,1,0,0,0,0,0,0,4,0,2592000,0,1,0,0,0,Bill Walker_Period_720,3,I_D_MP_M_ATC_03,,0,0,0,0,0,0,0,0,1,03,0,1,2,0,1
11600301,MP_M_ATC_03,11600301,1,1,0,0,0,0,0,0,0,0,0,0,0,0,0,1,0,0,0,0,0,0,6,0,0,0,0,0,0,0,Bill Walker_Permanent_NoItem,,I_D_MP_M_ATC_03,,0,0,0,0,0,0,0,0,1,03,0,1,2,0,1
11600302,MP_M_ATC_03,11600301,1,1,0,0,0,14400,0,0,0,1,0,0,0,0,0,1,0,0,0,0,0,0,6,0,0,0,0,0,0,0,Bill Walker_Permanent,4,I_D_MP_M_ATC_03,,0,0,0,0,0,0,0,0,1,03,0,1,2,0,1
11400401,MP_M_ATC_04,11400401,1,1,0,0,0,0,0,0,1,0,0,0,0,0,0,0,0,0,0,0,0,0,4,0,0,0,1,0,0,0,Crimson_Period_NoItem,,I_D_MP_M_ATC_04,,0,0,0,0,0,0,0,0,1,00,0,1,3,0,1
11400402,MP_M_ATC_04,11400401,1,1,0,0,0,0,149,0,1,1,0,1,0,0,0,0,0,0,0,0,0,0,4,0,86400,0,1,1,0,0,Crimson_Period_24,1,I_D_MP_M_ATC_04,,0,0,0,0,0,0,0,0,1,00,0,1,3,0,1
11400403,MP_M_ATC_04,11400401,1,1,0,0,0,0,499,0,1,1,0,0,0,0,0,0,0,0,0,0,0,0,4,0,604800,0,1,1,0,0,Crimson_Period_168,2,I_D_MP_M_ATC_04,,0,0,0,0,0,0,0,0,1,00,0,1,3,0,1
11400404,MP_M_ATC_04,11400401,1,1,0,0,0,0,1699,0,1,1,0,0,0,0,0,0,0,0,0,0,0,0,4,0,2592000,0,1,1,0,0,Crimson_Period_720,3,I_D_MP_M_ATC_04,,0,0,0,0,0,0,0,0,1,00,0,1,3,0,1
11600401,MP_M_ATC_04,11600401,1,1,0,0,0,0,0,0,1,0,0,0,0,0,0,0,0,0,0,0,0,0,6,0,0,0,0,0,0,0,Crimson_Permanent_NoItem,,I_D_MP_M_ATC_04,,0,0,0,0,0,0,0,0,1,00,0,1,3,0,1
11600402,MP_M_ATC_04,11600401,1,1,0,0,0,0,3398,0,1,1,0,0,0,0,0,0,0,0,0,0,0,0,6,0,0,0,0,1,0,0,Crimson_Permanent,4,I_D_MP_M_ATC_04,,0,0,0,0,0,0,0,0,1,00,0,1,3,0,1
11400501,MP_M_ATC_05,11400501,1,1,0,0,0,0,0,0,0,0,0,0,0,0,0,0,0,0,0,0,0,0,4,0,0,0,1,0,0,0,Dominic Jarvis_Period_NoItem,,I_D_MP_M_ATC_05,,0,0,0,0,0,0,0,0,1,04,0,1,2,0,1
11400502,MP_M_ATC_05,11400501,1,1,0,0,0,720,0,0,0,1,0,1,0,0,0,0,0,0,0,0,0,0,4,0,86400,0,1,0,0,0,Dominic Jarvis_Period_24,1,I_D_MP_M_ATC_05,,0,0,0,0,0,0,0,0,1,04,0,1,2,0,1
11400503,MP_M_ATC_05,11400501,1,1,0,0,0,3024,0,0,0,1,0,0,0,0,0,0,0,0,0,0,0,0,4,0,604800,0,1,0,0,0,Dominic Jarvis_Period_168,2,I_D_MP_M_ATC_05,,0,0,0,0,0,0,0,0,1,04,0,1,2,0,1
11400504,MP_M_ATC_05,11400501,1,1,0,0,0,8640,0,0,0,1,0,0,0,0,0,0,0,0,0,0,0,0,4,0,2592000,0,1,0,0,0,Dominic Jarvis_Period_720,3,I_D_MP_M_ATC_05,,0,0,0,0,0,0,0,0,1,04,0,1,2,0,1
11600501,MP_M_ATC_05,11600501,1,1,0,0,0,0,0,0,0,0,0,0,0,0,0,0,0,0,0,0,0,0,6,0,0,0,0,0,0,0,Dominic Jarvis_Permanent_NoItem,,I_D_MP_M_ATC_05,,0,0,0,0,0,0,0,0,1,04,0,1,2,0,1
11600502,MP_M_ATC_05,11600501,1,1,0,0,0,17280,0,0,0,1,0,0,0,0,0,0,0,0,0,0,0,0,6,0,0,0,0,0,0,0,Dominic Jarvis_Permanent,4,I_D_MP_M_ATC_05,,0,0,0,0,0,0,0,0,1,04,0,1,2,0,1
11400601,MP_W_ATC_01,11400601,1,1,0,0,0,0,0,0,0,0,0,0,0,0,0,0,0,0,0,0,0,0,4,0,0,0,1,0,0,0,Valentina Dario_Period_NoItem,,I_D_MP_W_ATC_01,,0,0,0,0,0,0,0,0,1,05,0,1,2,0,1
11400602,MP_W_ATC_01,11400601,1,1,0,0,0,840,0,0,0,1,0,1,0,0,0,0,0,0,0,0,0,0,4,0,86400,0,1,0,0,0,Valentina Dario_Period_24,1,I_D_MP_W_ATC_01,,0,0,0,0,0,0,0,0,1,05,0,1,2,0,1
11400603,MP_W_ATC_01,11400601,1,1,0,0,0,3528,0,0,0,1,0,0,0,0,0,0,0,0,0,0,0,0,4,0,604800,0,1,0,0,0,Valentina Dario_Period_168,2,I_D_MP_W_ATC_01,,0,0,0,0,0,0,0,0,1,05,0,1,2,0,1
11400604,MP_W_ATC_01,11400601,1,1,0,0,0,10080,0,0,0,1,0,0,0,0,0,0,0,0,0,0,0,0,4,0,2592000,0,1,0,0,0,Valentina Dario_Period_720,3,I_D_MP_W_ATC_01,,0,0,0,0,0,0,0,0,1,05,0,1,2,0,1
11600601,MP_W_ATC_01,11600601,1,1,0,0,0,0,0,0,0,0,0,0,0,0,0,0,0,0,0,0,0,0,6,0,0,0,0,0,0,0,Valentina Dario_Permanent_NoItem,,I_D_MP_W_ATC_01,,0,0,0,0,0,0,0,0,1,05,0,1,2,0,1
11600602,MP_W_ATC_01,11600601,1,1,0,0,0,20160,0,0,0,1,0,0,0,0,0,0,0,0,0,0,0,0,6,0,0,0,0,0,0,0,Valentina Dario_Permanent,4,I_D_MP_W_ATC_01,,0,0,0,0,0,0,0,0,1,05,0,1,2,0,1
11400701,MP_W_ATC_02,11400701,1,1,0,0,0,0,0,0,1,0,0,0,0,0,0,0,0,0,0,0,0,0,4,0,0,0,1,0,0,0,Natalie_Period_NoItem,,I_D_MP_W_ATC_02,,0,0,0,0,0,0,0,0,1,00,0,1,3,0,1
11400702,MP_W_ATC_02,11400701,1,1,0,0,0,0,169,0,1,1,0,1,0,0,0,0,0,0,0,0,0,0,4,0,86400,0,1,1,0,0,Natalie_Period_24,1,I_D_MP_W_ATC_02,,0,0,0,0,0,0,0,0,1,00,0,1,3,0,1
11400703,MP_W_ATC_02,11400701,1,1,0,0,0,0,589,0,1,1,0,0,0,0,0,0,0,0,0,0,0,0,4,0,604800,0,1,1,0,0,Natalie_Period_168,2,I_D_MP_W_ATC_02,,0,0,0,0,0,0,0,0,1,00,0,1,3,0,1
11400704,MP_W_ATC_02,11400701,1,1,0,0,0,0,1999,0,1,1,0,0,0,0,0,0,0,0,0,0,0,0,4,0,2592000,0,1,1,0,0,Natalie_Period_720,3,I_D_MP_W_ATC_02,,0,0,0,0,0,0,0,0,1,00,0,1,3,0,1
11600701,MP_W_ATC_02,11600701,1,1,0,0,0,0,0,0,1,0,0,0,0,0,0,0,0,0,0,0,0,0,6,0,0,0,0,0,0,0,Natalie_Permanent_NoItem,,I_D_MP_W_ATC_02,,0,0,0,0,0,0,0,0,1,00,0,1,3,0,1
11600702,MP_W_ATC_02,11600701,1,1,0,0,0,0,3998,0,1,1,0,0,0,0,0,0,0,0,0,0,0,0,6,0,0,0,0,1,0,0,Natalie_Permanent,4,I_D_MP_W_ATC_02,,0,0,0,0,0,0,0,0,1,00,0,1,3,0,1
11400801,MP_W_H_ATC_01,11400801,1,1,0,0,0,0,0,0,1,0,0,0,1,0,0,0,0,0,0,0,0,0,4,0,0,0,1,0,0,0,Infected Manon Petit_Period_NoItem,,I_D_MP_W_H_ATC_01,,0,0,0,0,0,0,0,0,1,00,0,1,3,0,1
11400802,MP_W_H_ATC_01,11400801,1,1,0,0,0,0,169,0,1,1,0,1,1,0,0,0,0,0,0,0,0,0,4,0,86400,0,1,1,0,0,Infected Manon Petit_Period_24,1,I_D_MP_W_H_ATC_01,,0,0,0,0,0,0,0,0,1,00,0,1,3,0,1
11400803,MP_W_H_ATC_01,11400801,1,1,0,0,0,0,589,0,1,1,0,0,1,0,0,0,0,0,0,0,0,0,4,0,604800,0,1,1,0,0,Infected Manon Petit_Period_168,2,I_D_MP_W_H_ATC_01,,0,0,0,0,0,0,0,0,1,00,0,1,3,0,1
11400804,MP_W_H_ATC_01,11400801,1,1,0,0,0,0,1999,0,1,1,0,0,1,0,0,0,0,0,0,0,0,0,4,0,2592000,0,1,1,0,0,Infected Manon Petit_Period_720,3,I_D_MP_W_H_ATC_01,,0,0,0,0,0,0,0,0,1,00,0,1,3,0,1
11600801,MP_W_H_ATC_01,11600801,1,1,0,0,0,0,0,0,1,0,0,0,1,0,0,0,0,0,0,0,0,0,6,0,0,0,0,0,0,0,Infected Manon Petit_Permanent_NoItem,,I_D_MP_W_H_ATC_01,,0,0,0,0,0,0,0,0,1,00,0,1,3,0,1
11600802,MP_W_H_ATC_01,11600801,1,1,0,0,0,0,3998,0,1,1,0,0,1,0,0,0,0,0,0,0,0,0,6,0,0,0,0,1,0,0,Infected Manon Petit_Permanent,4,I_D_MP_W_H_ATC_01,,0,0,0,0,0,0,0,0,1,00,0,1,3,0,1
19100101,TakeMP_SPECTER,19100101,1,9,0,0,0,0,0,0,0,0,0,0,0,0,0,0,0,0,0,0,0,0,1,0,0,0,1,0,0,0,Specter_Primary_NoItem,,I_D_TakeMP_SPECTER,,0,0,0,0,0,0,0,0,0,00,0,1,0,0,1
29100101,1_Ghost_Flame,29100101,2,9,0,0,0,0,0,0,0,0,0,0,0,0,0,0,0,0,0,0,0,0,1,0,0,0,1,0,0,0,Specter Attack_Primary_NoItem,,I_D_1_Ghost_Flame,,0,0,0,0,0,0,0,0,0,00,0,1,0,0,1
29100201,Unarmed,29100201,2,9,0,0,0,0,0,0,0,0,0,0,0,0,0,0,0,0,0,0,0,0,1,0,0,0,1,0,0,0,Unarmed_Primary_NoItem,,I_D_Unarmed,,0,0,0,0,0,0,0,0,0,00,0,1,0,0,1
29100401,MP_PoweredArmorMG,29100401,2,9,0,0,0,0,0,0,0,0,0,0,0,0,0,0,0,0,0,0,0,0,1,0,0,0,1,0,0,0,Powered Armor MG_Primary_NoItem,,I_D_MP_PoweredArmorMG,,0,0,0,0,0,0,0,0,0,00,0,1,0,0,1
29100501,ElitePoweredArmorML,29100501,2,9,0,0,0,0,0,0,0,0,0,0,0,0,0,0,0,0,0,0,0,0,1,0,0,0,1,0,0,0,Powered Armor ML_Primary_NoItem,,I_D_ElitePoweredArmorML,,0,0,0,0,0,0,0,0,0,00,0,1,0,0,1
29100601,MP_Turret,29100601,2,9,0,0,0,0,0,0,0,0,0,0,0,0,0,0,0,0,0,0,0,0,1,0,0,0,1,0,0,0,MP_Turret_Primary_NoItem,,I_D_MP_Turret,,0,0,0,0,0,0,0,0,0,00,0,1,0,0,1
29100701,SyncAction,29100701,2,9,0,0,0,0,0,0,0,0,0,0,0,0,0,0,0,0,0,0,0,0,1,0,0,0,1,0,0,0,SyncAction_Primary_NoItem,,I_D_SyncAction,,0,0,0,0,0,0,0,0,0,00,0,1,0,0,1
29100801,Explosion,29100801,2,9,0,0,0,0,0,0,0,0,0,0,0,0,0,0,0,0,0,0,0,0,1,0,0,0,1,0,0,0,Explosion_Primary_NoItem,,I_D_Explosion,,0,0,0,0,0,0,0,0,0,00,0,1,0,0,1
29100901,Sliding,29100901,2,9,0,0,0,0,0,0,0,0,0,0,0,0,0,0,0,0,0,0,0,0,1,0,0,0,1,0,0,0,Sliding_Primary_NoItem,,I_D_Sliding,,0,0,0,0,0,0,0,0,0,00,0,1,0,0,1
29101001,Air Attack,29101001,2,9,0,0,0,0,0,0,0,0,0,0,0,0,0,0,0,0,0,0,0,0,1,0,0,0,1,0,0,0,Air Attack_Primary_NoItem,,I_D_Air Attack,,0,0,0,0,0,0,0,0,0,00,0,1,0,0,1
29101101,Melee Attack,29101101,2,9,0,0,0,0,0,0,0,0,0,0,0,0,0,0,0,0,0,0,0,0,1,0,0,0,1,0,0,0,Melee Attack_Primary_NoItem,,I_D_Melee Attack,,0,0,0,0,0,0,0,0,0,00,0,1,0,0,1
29101201,3_Melee_Zombie_Hunter,29101201,2,9,0,0,0,0,0,0,0,0,0,0,0,0,0,0,0,0,0,0,0,0,1,0,0,0,1,0,0,0,Zombie Hunter_Primary_NoItem,,I_D_3_Melee_Zombie_Hunter,,0,0,0,0,0,0,0,0,0,00,0,1,0,0,1
29101301,3_Melee_Zombie_Berserker,29101301,2,9,0,0,0,0,0,0,0,0,0,0,0,0,0,0,0,0,0,0,0,0,1,0,0,0,1,0,0,0,Zombie Berserker_Primary_NoItem,,I_D_3_Melee_Zombie_Berserker,,0,0,0,0,0,0,0,0,0,00,0,1,0,0,1
29101401,ZombieTimeOut,29101401,2,9,0,0,0,0,0,0,0,0,0,0,0,0,0,0,0,0,0,0,0,0,1,0,0,0,1,0,0,0,Zombie TimeOut_Primary_NoItem,,I_D_ZombieTimeOut,,0,0,0,0,0,0,0,0,0,00,0,1,0,0,1
21400101,1_AR_M4,21400101,2,1,0,0,0,0,0,0,0,0,0,0,0,0,0,0,0,0,0,0,0,0,4,0,0,0,1,0,0,0,M4A1_Period_NoItem,,I_D_1_AR_M4,,1,33,50,39,59,54,30,120,1,02,0,1,0,1,1
21400102,1_AR_M4,21400101,2,1,0,0,0,1000,500,0,0,0,0,0,0,0,0,0,0,0,0,0,0,0,4,0,86400,0,1,0,0,0,M4A1_Period_24,,I_D_1_AR_M4,,1,33,50,39,59,54,30,120,1,02,0,1,0,1,1
21400103,1_AR_M4,21400101,2,1,0,0,0,5700,3200,0,0,0,0,0,0,0,0,0,0,0,0,0,0,0,4,0,604800,0,1,0,0,0,M4A1_Period_168,,I_D_1_AR_M4,,1,33,50,39,59,54,30,120,1,02,0,1,0,1,1
21400104,1_AR_M4,21400101,2,1,0,0,0,19000,10600,0,0,0,0,0,0,0,0,0,0,0,0,0,0,0,4,0,2592000,0,1,0,0,0,M4A1_Period_720,,I_D_1_AR_M4,,1,33,50,39,59,54,30,120,1,02,0,1,0,1,1
21200101,1_AR_M4,21200101,2,1,0,0,0,0,0,0,0,0,0,0,0,0,0,0,0,0,0,0,0,0,2,172800,0,0,1,0,8,0,M4A1_Durability_NoItem,,I_D_1_AR_M4,,1,33,50,39,59,54,30,120,1,02,0,1,0,1,1
21200102,1_AR_M4,21200101,2,1,0,0,0,28800,16000,0,0,0,0,0,0,0,0,0,0,0,0,0,0,0,2,172800,0,0,1,0,8,0,M4A1_Durability,,I_D_1_AR_M4,,1,33,50,39,59,54,30,120,1,02,0,1,0,1,1
21600101,1_AR_M4,21600101,2,1,0,0,0,0,0,0,0,0,0,0,0,0,0,0,0,0,0,0,0,0,6,0,0,0,0,0,0,0,M4A1_Permanent_NoItem,,I_D_1_AR_M4,,1,33,50,39,59,54,30,120,1,02,0,1,0,1,1
21600102,1_AR_M4,21600101,2,1,0,0,0,27000,16000,0,0,1,0,1,0,0,0,0,0,0,0,0,0,0,6,0,0,0,0,0,0,0,M4A1_Permanent,1,I_D_1_AR_M4,,1,33,50,39,59,54,30,120,1,02,0,1,0,1,1
21400301,1_AR_AK47,21400301,2,1,0,0,0,0,0,0,0,0,0,0,0,0,0,1,0,0,0,0,0,0,4,0,0,0,1,0,0,0,AK47 SOPMOD_Period_NoItem,,I_D_1_AR_AK47,,1,43,44,25,55,50,30,90,1,02,0,1,0,1,1
21400302,1_AR_AK47,21400301,2,1,0,0,0,1200,700,0,0,0,0,0,0,0,0,1,0,0,0,0,0,0,4,0,86400,0,1,0,0,0,AK47 SOPMOD_Period_24,,I_D_1_AR_AK47,,1,43,44,25,55,50,30,90,1,02,0,1,0,1,1
21400303,1_AR_AK47,21400301,2,1,0,0,0,7100,4000,0,0,0,0,0,0,0,0,1,0,0,0,0,0,0,4,0,604800,0,1,0,0,0,AK47 SOPMOD_Period_168,,I_D_1_AR_AK47,,1,43,44,25,55,50,30,90,1,02,0,1,0,1,1
21400304,1_AR_AK47,21400301,2,1,0,0,0,23800,13200,0,0,0,0,0,0,0,0,1,0,0,0,0,0,0,4,0,2592000,0,1,0,0,0,AK47 SOPMOD_Period_720,,I_D_1_AR_AK47,,1,43,44,25,55,50,30,90,1,02,0,1,0,1,1
21200301,1_AR_AK47,21200301,2,1,0,0,0,0,0,0,0,0,0,0,0,0,0,1,0,0,0,0,0,0,2,172800,0,0,1,0,6,0,AK47 SOPMOD_Durability_NoItem,,I_D_1_AR_AK47,,1,43,44,25,55,50,30,90,1,02,0,1,0,1,1
21200302,1_AR_AK47,21200301,2,1,0,0,0,36000,20000,0,0,0,0,0,0,0,0,1,0,0,0,0,0,0,2,172800,0,0,1,0,6,0,AK47 SOPMOD_Durability,,I_D_1_AR_AK47,,1,43,44,25,55,50,30,90,1,02,0,1,0,1,1
21600301,1_AR_AK47,21600301,2,1,0,0,0,0,0,0,0,0,0,0,0,0,0,1,0,0,0,0,0,0,6,0,0,0,0,0,0,0,AK47 SOPMOD_Permanent_NoItem,,I_D_1_AR_AK47,,1,43,44,25,55,50,30,90,1,02,0,1,0,1,1
21600302,1_AR_AK47,21600301,2,1,0,0,0,25650,20000,0,0,1,0,1,0,0,0,1,0,0,0,0,0,0,6,0,0,0,0,0,0,0,AK47 SOPMOD_Permanent,1,I_D_1_AR_AK47,,1,43,44,25,55,50,30,90,1,02,0,1,0,1,1
21400201,1_SMG_G36C,21400201,2,1,0,0,0,0,0,0,0,0,0,0,0,0,0,0,0,0,0,0,0,0,4,0,0,0,1,0,0,0,HK G36C_Period_NoItem,,I_D_1_SMG_G36C,,1,30,29,56,70,73,30,120,1,04,0,1,0,2,1
21400202,1_SMG_G36C,21400201,2,1,0,0,0,1200,700,0,0,0,0,0,0,0,0,0,0,0,0,0,0,0,4,0,86400,0,1,0,0,0,HK G36C_Period_24,,I_D_1_SMG_G36C,,1,30,29,56,70,73,30,120,1,04,0,1,0,2,1
21400203,1_SMG_G36C,21400201,2,1,0,0,0,7100,4000,0,0,0,0,0,0,0,0,0,0,0,0,0,0,0,4,0,604800,0,1,0,0,0,HK G36C_Period_168,,I_D_1_SMG_G36C,,1,30,29,56,70,73,30,120,1,04,0,1,0,2,1
21400204,1_SMG_G36C,21400201,2,1,0,0,0,23800,13200,0,0,0,0,0,0,0,0,0,0,0,0,0,0,0,4,0,2592000,0,1,0,0,0,HK G36C_Period_720,,I_D_1_SMG_G36C,,1,30,29,56,70,73,30,120,1,04,0,1,0,2,1
21200201,1_SMG_G36C,21200201,2,1,0,0,0,0,0,0,0,0,0,0,0,0,0,0,0,0,0,0,0,0,2,172800,0,0,1,0,6,0,HK G36C_Durability_NoItem,,I_D_1_SMG_G36C,,1,30,29,56,70,73,30,120,1,04,0,1,0,2,1
21200202,1_SMG_G36C,21200201,2,1,0,0,0,36000,20000,0,0,0,0,0,0,0,0,0,0,0,0,0,0,0,2,172800,0,0,1,0,6,0,HK G36C_Durability,,I_D_1_SMG_G36C,,1,30,29,56,70,73,30,120,1,04,0,1,0,2,1
21600201,1_SMG_G36C,21600201,2,1,0,0,0,0,0,0,0,0,0,0,0,0,0,0,0,0,0,0,0,0,6,0,0,0,0,0,0,0,HK G36C_Permanent_NoItem,,I_D_1_SMG_G36C,,1,30,29,56,70,73,30,120,1,04,0,1,0,2,1
21600202,1_SMG_G36C,21600201,2,1,0,0,0,24300,20000,0,0,1,0,1,0,0,0,0,0,0,0,0,0,0,6,0,0,0,0,0,0,0,HK G36C_Permanent,1,I_D_1_SMG_G36C,,1,30,29,56,70,73,30,120,1,04,0,1,0,2,1
21407101,1_SMG_G36C_Blood,21407101,2,1,0,0,0,0,0,0,1,0,0,0,0,0,0,0,0,0,0,0,0,0,4,0,0,0,1,0,0,0,HK G36C Bloody_Period_NoItem,,I_D_1_SMG_G36C_Blood,,1,30,29,56,70,73,30,120,1,00,0,1,0,2,1
21407102,1_SMG_G36C_Blood,21407101,2,1,0,0,0,0,0,0,1,0,0,0,0,0,0,0,0,0,0,0,0,0,4,0,86400,0,1,0,0,0,HK G36C Bloody_Period_24,,I_D_1_SMG_G36C_Blood,,1,30,29,56,70,73,30,120,1,00,0,1,0,2,1
21407103,1_SMG_G36C_Blood,21407101,2,1,0,0,0,0,0,0,1,0,0,0,0,0,0,0,0,0,0,0,0,0,4,0,604800,0,1,0,0,0,HK G36C Bloody_Period_168,,I_D_1_SMG_G36C_Blood,,1,30,29,56,70,73,30,120,1,00,0,1,0,2,1
21407104,1_SMG_G36C_Blood,21407101,2,1,0,0,0,0,0,0,1,0,0,0,0,0,0,0,0,0,0,0,0,0,4,0,2592000,0,1,0,0,0,HK G36C Bloody_Period_720,,I_D_1_SMG_G36C_Blood,,1,30,29,56,70,73,30,120,1,00,0,1,0,2,1
21207101,1_SMG_G36C_Blood,21207101,2,1,0,0,0,0,0,0,1,0,0,0,0,0,0,0,0,0,0,0,0,0,2,172800,0,0,1,0,5,0,HK G36C Bloody_Durability_NoItem,,I_D_1_SMG_G36C_Blood,,1,30,29,56,70,73,30,120,1,00,0,1,0,2,1
21207102,1_SMG_G36C_Blood,21207101,2,1,0,0,0,0,0,0,1,0,0,0,0,0,0,0,0,0,0,0,0,0,2,172800,0,0,1,0,5,0,HK G36C Bloody_Durability,,I_D_1_SMG_G36C_Blood,,1,30,29,56,70,73,30,120,1,00,0,1,0,2,1
21607101,1_SMG_G36C_Blood,21607101,2,1,0,0,0,0,0,0,1,0,0,0,0,0,0,0,0,0,0,0,0,0,6,0,0,0,0,0,0,0,HK G36C Bloody_Permanent_NoItem,,I_D_1_SMG_G36C_Blood,,1,30,29,56,70,73,30,120,1,00,0,1,0,2,1
21607102,1_SMG_G36C_Blood,21607101,2,1,0,0,0,0,1699,0,1,1,0,1,0,0,0,0,0,0,0,0,0,0,6,0,0,0,0,1,0,0,HK G36C Bloody_Permanent,1,I_D_1_SMG_G36C_Blood,,1,30,29,56,70,73,30,120,1,00,0,1,0,2,1
21401401,1_AR_Famas,21401401,2,1,0,0,0,0,0,0,0,0,0,0,0,0,0,0,0,0,0,0,0,0,4,0,0,0,1,0,0,0,FAMAS_Period_NoItem,,I_D_1_AR_Famas,,1,30,39,32,68,66,25,100,1,06,0,1,0,1,1
21401402,1_AR_Famas,21401401,2,1,0,0,0,1200,700,0,0,0,0,0,0,0,0,0,0,0,0,0,0,0,4,0,86400,0,1,0,0,0,FAMAS_Period_24,,I_D_1_AR_Famas,,1,30,39,32,68,66,25,100,1,06,0,1,0,1,1
21401403,1_AR_Famas,21401401,2,1,0,0,0,7100,4000,0,0,0,0,0,0,0,0,0,0,0,0,0,0,0,4,0,604800,0,1,0,0,0,FAMAS_Period_168,,I_D_1_AR_Famas,,1,30,39,32,68,66,25,100,1,06,0,1,0,1,1
21401404,1_AR_Famas,21401401,2,1,0,0,0,23800,13200,0,0,0,0,0,0,0,0,0,0,0,0,0,0,0,4,0,2592000,0,1,0,0,0,FAMAS_Period_720,,I_D_1_AR_Famas,,1,30,39,32,68,66,25,100,1,06,0,1,0,1,1
21201401,1_AR_Famas,21201401,2,1,0,0,0,0,0,0,0,0,0,0,0,0,0,0,0,0,0,0,0,0,2,172800,0,0,1,0,6,0,FAMAS_Durability_NoItem,,I_D_1_AR_Famas,,1,30,39,32,68,66,25,100,1,06,0,1,0,1,1
21201402,1_AR_Famas,21201401,2,1,0,0,0,36000,20000,0,0,0,0,0,0,0,0,0,0,0,0,0,0,0,2,172800,0,0,1,0,6,0,FAMAS_Durability,,I_D_1_AR_Famas,,1,30,39,32,68,66,25,100,1,06,0,1,0,1,1
21601401,1_AR_Famas,21601401,2,1,0,0,0,0,0,0,0,0,0,0,0,0,0,0,0,0,0,0,0,0,6,0,0,0,0,0,0,0,FAMAS_Permanent_NoItem,,I_D_1_AR_Famas,,1,30,39,32,68,66,25,100,1,06,0,1,0,1,1
21601402,1_AR_Famas,21601401,2,1,0,0,0,28350,20000,0,0,1,0,1,0,0,0,0,0,0,0,0,0,0,6,0,0,0,0,0,0,0,FAMAS_Permanent,1,I_D_1_AR_Famas,,1,30,39,32,68,66,25,100,1,06,0,1,0,1,1
21401501,1_AR_PK470_H,21401501,2,1,0,0,0,0,0,0,0,0,0,0,0,0,0,0,0,0,0,0,0,0,4,0,0,0,1,0,0,0,Patten PK470(H)_Period_NoItem,,I_D_1_AR_PK470_H,,1,38,69,49,68,60,40,160,1,00,0,1,0,1,1
21401502,1_AR_PK470_H,21401501,2,1,0,0,0,1200,700,0,0,0,0,0,0,0,0,0,0,0,0,0,0,0,4,0,86400,0,1,0,0,0,Patten PK470(H)_Period_24,,I_D_1_AR_PK470_H,,1,38,69,49,68,60,40,160,1,00,0,1,0,1,1
21401503,1_AR_PK470_H,21401501,2,1,0,0,0,7100,4000,0,0,0,0,0,0,0,0,0,0,0,0,0,0,0,4,0,604800,0,1,0,0,0,Patten PK470(H)_Period_168,,I_D_1_AR_PK470_H,,1,38,69,49,68,60,40,160,1,00,0,1,0,1,1
21401504,1_AR_PK470_H,21401501,2,1,0,0,0,23800,13200,0,0,0,0,0,0,0,0,0,0,0,0,0,0,0,4,0,2592000,0,1,0,0,0,Patten PK470(H)_Period_720,,I_D_1_AR_PK470_H,,1,38,69,49,68,60,40,160,1,00,0,1,0,1,1
21201501,1_AR_PK470_H,21201501,2,1,0,0,0,0,0,0,0,0,0,0,0,0,0,0,0,0,0,0,0,0,2,172800,0,0,1,0,6,0,Patten PK470(H)_Durability_NoItem,,I_D_1_AR_PK470_H,,1,38,69,49,68,60,40,160,1,00,0,1,0,1,1
21201502,1_AR_PK470_H,21201501,2,1,0,0,0,36000,20000,0,0,0,0,0,0,0,0,0,0,0,0,0,0,0,2,172800,0,0,1,0,6,0,Patten PK470(H)_Durability,,I_D_1_AR_PK470_H,,1,38,69,49,68,60,40,160,1,00,0,1,0,1,1
21601501,1_AR_PK470_H,21601501,2,1,0,0,0,0,0,0,0,0,0,0,0,0,0,0,0,0,0,0,0,0,6,0,0,0,0,0,0,0,Patten PK470(H)_Permanent_NoItem,,I_D_1_AR_PK470_H,,1,38,69,49,68,60,40,160,1,00,0,1,0,1,1
21601502,1_AR_PK470_H,21601501,2,1,0,0,0,31050,20000,0,0,0,0,0,0,0,0,0,0,0,0,0,0,0,6,0,0,0,0,0,0,0,Patten PK470(H)_Permanent,1,I_D_1_AR_PK470_H,,1,38,69,49,68,60,40,160,1,00,0,1,0,1,1
21403401,1_AR_PK470_M,21403401,2,1,0,0,0,0,0,0,0,0,0,0,0,0,0,0,0,0,0,0,0,0,4,0,0,0,1,0,0,0,Patten PK470(M)_Period_NoItem,,I_D_1_AR_PK470_M,,1,33,67,49,68,53,40,160,1,00,0,1,0,1,1
21403402,1_AR_PK470_M,21403401,2,1,0,0,0,1200,700,0,0,0,0,0,0,0,0,0,0,0,0,0,0,0,4,0,86400,0,1,0,0,0,Patten PK470(M)_Period_24,,I_D_1_AR_PK470_M,,1,33,67,49,68,53,40,160,1,00,0,1,0,1,1
21403403,1_AR_PK470_M,21403401,2,1,0,0,0,7100,4000,0,0,0,0,0,0,0,0,0,0,0,0,0,0,0,4,0,604800,0,1,0,0,0,Patten PK470(M)_Period_168,,I_D_1_AR_PK470_M,,1,33,67,49,68,53,40,160,1,00,0,1,0,1,1
21403404,1_AR_PK470_M,21403401,2,1,0,0,0,23800,13200,0,0,0,0,0,0,0,0,0,0,0,0,0,0,0,4,0,2592000,0,1,0,0,0,Patten PK470(M)_Period_720,,I_D_1_AR_PK470_M,,1,33,67,49,68,53,40,160,1,00,0,1,0,1,1
21203401,1_AR_PK470_M,21203401,2,1,0,0,0,0,0,0,0,0,0,0,0,0,0,0,0,0,0,0,0,0,2,172800,0,0,1,0,6,0,Patten PK470(M)_Durability_NoItem,,I_D_1_AR_PK470_M,,1,33,67,49,68,53,40,160,1,00,0,1,0,1,1
21203402,1_AR_PK470_M,21203401,2,1,0,0,0,36000,20000,0,0,0,0,0,0,0,0,0,0,0,0,0,0,0,2,172800,0,0,1,0,6,0,Patten PK470(M)_Durability,,I_D_1_AR_PK470_M,,1,33,67,49,68,53,40,160,1,00,0,1,0,1,1
21603401,1_AR_PK470_M,21603401,2,1,0,0,0,0,0,0,0,0,0,0,0,0,0,0,0,0,0,0,0,0,6,0,0,0,0,0,0,0,Patten PK470(M)_Permanent_NoItem,,I_D_1_AR_PK470_M,,1,33,67,49,68,53,40,160,1,00,0,1,0,1,1
21603402,1_AR_PK470_M,21603401,2,1,0,0,0,31050,20000,0,0,0,0,0,0,0,0,0,0,0,0,0,0,0,6,0,0,0,0,0,0,0,Patten PK470(M)_Permanent,1,I_D_1_AR_PK470_M,,1,33,67,49,68,53,40,160,1,00,0,1,0,1,1
21403501,1_AR_PK470_L,21403501,2,1,0,0,0,0,0,0,0,0,0,0,0,0,0,0,0,0,0,0,0,0,4,0,0,0,1,0,0,0,Patten PK470(L)_Period_NoItem,,I_D_1_AR_PK470_L,,1,38,69,47,63,53,40,160,1,00,0,1,0,1,1
21403502,1_AR_PK470_L,21403501,2,1,0,0,0,1200,700,0,0,0,0,0,0,0,0,0,0,0,0,0,0,0,4,0,86400,0,1,0,0,0,Patten PK470(L)_Period_24,,I_D_1_AR_PK470_L,,1,38,69,47,63,53,40,160,1,00,0,1,0,1,1
21403503,1_AR_PK470_L,21403501,2,1,0,0,0,7100,4000,0,0,0,0,0,0,0,0,0,0,0,0,0,0,0,4,0,604800,0,1,0,0,0,Patten PK470(L)_Period_168,,I_D_1_AR_PK470_L,,1,38,69,47,63,53,40,160,1,00,0,1,0,1,1
21403504,1_AR_PK470_L,21403501,2,1,0,0,0,23800,13200,0,0,0,0,0,0,0,0,0,0,0,0,0,0,0,4,0,2592000,0,1,0,0,0,Patten PK470(L)_Period_720,,I_D_1_AR_PK470_L,,1,38,69,47,63,53,40,160,1,00,0,1,0,1,1
21203501,1_AR_PK470_L,21203501,2,1,0,0,0,0,0,0,0,0,0,0,0,0,0,0,0,0,0,0,0,0,2,172800,0,0,1,0,6,0,Patten PK470(L)_Durability_NoItem,,I_D_1_AR_PK470_L,,1,38,69,47,63,53,40,160,1,00,0,1,0,1,1
21203502,1_AR_PK470_L,21203501,2,1,0,0,0,36000,20000,0,0,0,0,0,0,0,0,0,0,0,0,0,0,0,2,172800,0,0,1,0,6,0,Patten PK470(L)_Durability,,I_D_1_AR_PK470_L,,1,38,69,47,63,53,40,160,1,00,0,1,0,1,1
21603501,1_AR_PK470_L,21603501,2,1,0,0,0,0,0,0,0,0,0,0,0,0,0,0,0,0,0,0,0,0,6,0,0,0,0,0,0,0,Patten PK470(L)_Permanent_NoItem,,I_D_1_AR_PK470_L,,1,38,69,47,63,53,40,160,1,00,0,1,0,1,1
21603502,1_AR_PK470_L,21603501,2,1,0,0,0,31050,20000,0,0,0,0,0,0,0,0,0,0,0,0,0,0,0,6,0,0,0,0,0,0,0,Patten PK470(L)_Permanent,1,I_D_1_AR_PK470_L,,1,38,69,47,63,53,40,160,1,00,0,1,0,1,1
21405001,1_AR_PK470_Skeleton,21405001,2,1,0,0,0,0,0,0,0,0,0,0,0,0,0,0,0,0,0,0,0,0,4,0,0,0,1,0,0,0,Patten PK470 Skull_Period_NoItem,,I_D_1_AR_PK470_Skeleton,,1,38,69,49,68,60,40,160,1,00,0,1,0,1,1
21405002,1_AR_PK470_Skeleton,21405001,2,1,0,0,0,1400,800,0,0,0,0,0,0,0,0,0,0,0,0,0,0,0,4,0,86400,0,1,0,0,0,Patten PK470 Skull_Period_24,,I_D_1_AR_PK470_Skeleton,,1,38,69,49,68,60,40,160,1,00,0,1,0,1,1
21405003,1_AR_PK470_Skeleton,21405001,2,1,0,0,0,8600,4800,0,0,0,0,0,0,0,0,0,0,0,0,0,0,0,4,0,604800,0,1,0,0,0,Patten PK470 Skull_Period_168,,I_D_1_AR_PK470_Skeleton,,1,38,69,49,68,60,40,160,1,00,0,1,0,1,1
21405004,1_AR_PK470_Skeleton,21405001,2,1,0,0,0,28500,15800,0,0,0,0,0,0,0,0,0,0,0,0,0,0,0,4,0,2592000,0,1,0,0,0,Patten PK470 Skull_Period_720,,I_D_1_AR_PK470_Skeleton,,1,38,69,49,68,60,40,160,1,00,0,1,0,1,1
21205001,1_AR_PK470_Skeleton,21205001,2,1,0,0,0,0,0,0,0,0,0,0,0,0,0,0,0,0,0,0,0,0,2,172800,0,0,1,0,5,0,Patten PK470 Skull_Durability_NoItem,,I_D_1_AR_PK470_Skeleton,,1,38,69,49,68,60,40,160,1,00,0,1,0,1,1
21205002,1_AR_PK470_Skeleton,21205001,2,1,0,0,0,43200,24000,0,0,0,0,0,0,0,0,0,0,0,0,0,0,0,2,172800,0,0,1,0,5,0,Patten PK470 Skull_Durability,,I_D_1_AR_PK470_Skeleton,,1,38,69,49,68,60,40,160,1,00,0,1,0,1,1
21605001,1_AR_PK470_Skeleton,21605001,2,1,0,0,0,0,0,0,0,0,0,0,0,0,0,0,0,0,0,0,0,0,6,0,0,0,0,0,0,0,Patten PK470 Skull_Permanent_NoItem,,I_D_1_AR_PK470_Skeleton,,1,38,69,49,68,60,40,160,1,00,0,1,0,1,1
21605002,1_AR_PK470_Skeleton,21605001,2,1,0,0,0,32400,24000,0,0,0,0,0,0,0,0,0,0,0,0,0,0,0,6,0,0,0,0,0,0,0,Patten PK470 Skull_Permanent,1,I_D_1_AR_PK470_Skeleton,,1,38,69,49,68,60,40,160,1,00,0,1,0,1,1
21102201,1_AR_M16,21102201,2,1,0,0,0,0,0,0,0,0,0,0,0,0,0,0,0,0,0,0,0,0,1,0,0,0,1,0,0,0,M16_Primary,,I_D_1_AR_M16,,1,30,39,32,64,60,30,120,1,00,0,1,0,1,1
21402301,1_AR_M4_Blaze,21402301,2,1,0,0,0,0,0,0,1,0,0,0,0,0,0,0,0,0,0,0,0,0,4,0,0,0,1,0,0,0,M4A1 Blaze_Period_NoItem,,I_D_1_AR_M4_Blaze,,1,33,50,39,59,54,30,120,1,00,0,1,0,1,1
21402302,1_AR_M4_Blaze,21402301,2,1,0,0,0,1400,800,0,1,0,0,0,0,0,0,0,0,0,0,0,0,0,4,0,86400,0,1,0,0,0,M4A1 Blaze_Period_24,,I_D_1_AR_M4_Blaze,,1,33,50,39,59,54,30,120,1,00,0,1,0,1,1
21402303,1_AR_M4_Blaze,21402301,2,1,0,0,0,8600,4800,0,1,0,0,0,0,0,0,0,0,0,0,0,0,0,4,0,604800,0,1,0,0,0,M4A1 Blaze_Period_168,,I_D_1_AR_M4_Blaze,,1,33,50,39,59,54,30,120,1,00,0,1,0,1,1
21402304,1_AR_M4_Blaze,21402301,2,1,0,0,0,28500,15800,0,1,0,0,0,0,0,0,0,0,0,0,0,0,0,4,0,2592000,0,1,0,0,0,M4A1 Blaze_Period_720,,I_D_1_AR_M4_Blaze,,1,33,50,39,59,54,30,120,1,00,0,1,0,1,1
21202301,1_AR_M4_Blaze,21202301,2,1,0,0,0,0,0,0,1,0,0,0,0,0,0,0,0,0,0,0,0,0,2,172800,0,0,1,0,5,0,M4A1 Blaze_Durability_NoItem,,I_D_1_AR_M4_Blaze,,1,33,50,39,59,54,30,120,1,00,0,1,0,1,1
21202302,1_AR_M4_Blaze,21202301,2,1,0,0,0,43200,24000,0,1,0,0,0,0,0,0,0,0,0,0,0,0,0,2,172800,0,0,1,0,5,0,M4A1 Blaze_Durability,,I_D_1_AR_M4_Blaze,,1,33,50,39,59,54,30,120,1,00,0,1,0,1,1
21602301,1_AR_M4_Blaze,21602301,2,1,0,0,0,0,0,0,1,0,0,0,0,0,0,0,0,0,0,0,0,0,6,0,0,0,0,0,0,0,M4A1 Blaze_Permanent_NoItem,,I_D_1_AR_M4_Blaze,,1,33,50,39,59,54,30,120,1,00,0,1,0,1,1
21602302,1_AR_M4_Blaze,21602301,2,1,0,0,0,43200,1699,0,1,0,0,0,0,0,0,0,0,0,0,0,0,0,6,0,0,0,0,0,0,0,M4A1 Blaze_Permanent,1,I_D_1_AR_M4_Blaze,,1,33,50,39,59,54,30,120,1,00,0,1,0,1,1
21402701,1_AR_HK416,21402701,2,1,0,0,0,0,0,0,0,0,0,0,1,0,0,0,0,0,0,0,0,0,4,0,0,0,1,0,0,0,HK416 SOPMOD_Period_NoItem,,I_D_1_AR_HK416,,1,34,51,37,60,52,30,120,1,06,0,1,0,1,1
21402702,1_AR_HK416,21402701,2,1,0,0,0,1200,700,0,0,0,0,0,1,0,0,0,0,0,0,0,0,0,4,0,86400,0,1,0,0,0,HK416 SOPMOD_Period_24,,I_D_1_AR_HK416,,1,34,51,37,60,52,30,120,1,06,0,1,0,1,1
21402703,1_AR_HK416,21402701,2,1,0,0,0,7100,4000,0,0,0,0,0,1,0,0,0,0,0,0,0,0,0,4,0,604800,0,1,0,0,0,HK416 SOPMOD_Period_168,,I_D_1_AR_HK416,,1,34,51,37,60,52,30,120,1,06,0,1,0,1,1
21402704,1_AR_HK416,21402701,2,1,0,0,0,23800,13200,0,0,0,0,0,1,0,0,0,0,0,0,0,0,0,4,0,2592000,0,1,0,0,0,HK416 SOPMOD_Period_720,,I_D_1_AR_HK416,,1,34,51,37,60,52,30,120,1,06,0,1,0,1,1
21202701,1_AR_HK416,21202701,2,1,0,0,0,0,0,0,0,0,0,0,1,0,0,0,0,0,0,0,0,0,2,172800,0,0,1,0,6,0,HK416 SOPMOD_Durability_NoItem,,I_D_1_AR_HK416,,1,34,51,37,60,52,30,120,1,06,0,1,0,1,1
21202702,1_AR_HK416,21202701,2,1,0,0,0,36000,20000,0,0,0,0,0,1,0,0,0,0,0,0,0,0,0,2,172800,0,0,1,0,6,0,HK416 SOPMOD_Durability,,I_D_1_AR_HK416,,1,34,51,37,60,52,30,120,1,06,0,1,0,1,1
21602701,1_AR_HK416,21602701,2,1,0,0,0,0,0,0,0,0,0,0,1,0,0,0,0,0,0,0,0,0,6,0,0,0,0,0,0,0,HK416 SOPMOD_Permanent_NoItem,,I_D_1_AR_HK416,,1,34,51,37,60,52,30,120,1,06,0,1,0,1,1
21602702,1_AR_HK416,21602701,2,1,0,0,0,28350,20000,0,0,1,0,1,1,0,0,0,0,0,0,0,0,0,6,0,0,0,0,0,0,0,HK416 SOPMOD_Permanent,1,I_D_1_AR_HK416,,1,34,51,37,60,52,30,120,1,06,0,1,0,1,1
21404701,1_AR_Galil,21404701,2,1,0,0,0,0,0,0,0,0,0,0,0,0,0,0,0,0,0,0,0,0,4,0,0,0,1,0,0,0,Galil ARM_Period_NoItem,,I_D_1_AR_Galil,,1,41,47,32,62,54,30,120,1,00,0,1,0,1,1
21404702,1_AR_Galil,21404701,2,1,0,0,0,1400,800,0,0,0,0,0,0,0,0,0,0,0,0,0,0,0,4,0,86400,0,1,0,0,0,Galil ARM_Period_24,,I_D_1_AR_Galil,,1,41,47,32,62,54,30,120,1,00,0,1,0,1,1
21404703,1_AR_Galil,21404701,2,1,0,0,0,8600,4800,0,0,0,0,0,0,0,0,0,0,0,0,0,0,0,4,0,604800,0,1,0,0,0,Galil ARM_Period_168,,I_D_1_AR_Galil,,1,41,47,32,62,54,30,120,1,00,0,1,0,1,1
21404704,1_AR_Galil,21404701,2,1,0,0,0,28500,15800,0,0,0,0,0,0,0,0,0,0,0,0,0,0,0,4,0,2592000,0,1,0,0,0,Galil ARM_Period_720,,I_D_1_AR_Galil,,1,41,47,32,62,54,30,120,1,00,0,1,0,1,1
21204701,1_AR_Galil,21204701,2,1,0,0,0,0,0,0,0,0,0,0,0,0,0,0,0,0,0,0,0,0,2,172800,0,0,1,0,5,0,Galil ARM_Durability_NoItem,,I_D_1_AR_Galil,,1,41,47,32,62,54,30,120,1,00,0,1,0,1,1
21204702,1_AR_Galil,21204701,2,1,0,0,0,43200,24000,0,0,0,0,0,0,0,0,0,0,0,0,0,0,0,2,172800,0,0,1,0,5,0,Galil ARM_Durability,,I_D_1_AR_Galil,,1,41,47,32,62,54,30,120,1,00,0,1,0,1,1
21604701,1_AR_Galil,21604701,2,1,0,0,0,0,0,0,0,0,0,0,0,0,0,0,0,0,0,0,0,0,6,0,0,0,0,0,0,0,Galil ARM_Permanent_NoItem,,I_D_1_AR_Galil,,1,41,47,32,62,54,30,120,1,00,0,1,0,1,1
21604702,1_AR_Galil,21604701,2,1,0,0,0,43200,24000,0,0,0,0,0,0,0,0,0,0,0,0,0,0,0,6,0,0,0,0,0,0,0,Galil ARM_Permanent,1,I_D_1_AR_Galil,,1,41,47,32,62,54,30,120,1,00,0,1,0,1,1
21400601,1_Sniper_M40A3,21400601,2,1,0,0,0,0,0,0,0,0,0,0,0,0,0,0,0,0,0,0,0,0,4,0,0,0,1,0,0,0,M40A3_Period_NoItem,,I_D_1_Sniper_M40A3,,1,74,90,56,10,41,5,20,1,03,0,1,0,4,1
21400602,1_Sniper_M40A3,21400601,2,1,0,0,0,1000,500,0,0,0,0,0,0,0,0,0,0,0,0,0,0,0,4,0,86400,0,1,0,0,0,M40A3_Period_24,,I_D_1_Sniper_M40A3,,1,74,90,56,10,41,5,20,1,03,0,1,0,4,1
21400603,1_Sniper_M40A3,21400601,2,1,0,0,0,5700,3200,0,0,0,0,0,0,0,0,0,0,0,0,0,0,0,4,0,604800,0,1,0,0,0,M40A3_Period_168,,I_D_1_Sniper_M40A3,,1,74,90,56,10,41,5,20,1,03,0,1,0,4,1
21400604,1_Sniper_M40A3,21400601,2,1,0,0,0,19000,10600,0,0,0,0,0,0,0,0,0,0,0,0,0,0,0,4,0,2592000,0,1,0,0,0,M40A3_Period_720,,I_D_1_Sniper_M40A3,,1,74,90,56,10,41,5,20,1,03,0,1,0,4,1
21200601,1_Sniper_M40A3,21200601,2,1,0,0,0,0,0,0,0,0,0,0,0,0,0,0,0,0,0,0,0,0,2,172800,0,0,1,0,8,0,M40A3_Durability_NoItem,,I_D_1_Sniper_M40A3,,1,74,90,56,10,41,5,20,1,03,0,1,0,4,1
21200602,1_Sniper_M40A3,21200601,2,1,0,0,0,28800,16000,0,0,0,0,0,0,0,0,0,0,0,0,0,0,0,2,172800,0,0,1,0,8,0,M40A3_Durability,,I_D_1_Sniper_M40A3,,1,74,90,56,10,41,5,20,1,03,0,1,0,4,1
21600601,1_Sniper_M40A3,21600601,2,1,0,0,0,0,0,0,0,0,0,0,0,0,0,0,0,0,0,0,0,0,6,0,0,0,0,0,0,0,M40A3_Permanent_NoItem,,I_D_1_Sniper_M40A3,,1,74,90,56,10,41,5,20,1,03,0,1,0,4,1
21600602,1_Sniper_M40A3,21600601,2,1,0,0,0,28350,16000,0,0,1,0,1,0,0,0,0,0,0,0,0,0,0,6,0,0,0,0,0,0,0,M40A3_Permanent,1,I_D_1_Sniper_M40A3,,1,74,90,56,10,41,5,20,1,03,0,1,0,4,1
21405101,1_Sniper_M40A3_Skeleton,21405101,2,1,0,0,0,0,0,0,0,0,0,0,0,0,0,0,0,0,0,0,0,0,4,0,0,0,1,0,0,0,M40A3 Skull_Period_NoItem,,I_D_1_Sniper_M40A3_Skeleton,,1,74,90,56,10,41,5,20,1,00,0,1,0,4,1
21405102,1_Sniper_M40A3_Skeleton,21405101,2,1,0,0,0,1400,800,0,0,0,0,0,0,0,0,0,0,0,0,0,0,0,4,0,86400,0,1,0,0,0,M40A3 Skull_Period_24,,I_D_1_Sniper_M40A3_Skeleton,,1,74,90,56,10,41,5,20,1,00,0,1,0,4,1
21405103,1_Sniper_M40A3_Skeleton,21405101,2,1,0,0,0,8600,4800,0,0,0,0,0,0,0,0,0,0,0,0,0,0,0,4,0,604800,0,1,0,0,0,M40A3 Skull_Period_168,,I_D_1_Sniper_M40A3_Skeleton,,1,74,90,56,10,41,5,20,1,00,0,1,0,4,1
21405104,1_Sniper_M40A3_Skeleton,21405101,2,1,0,0,0,28500,15800,0,0,0,0,0,0,0,0,0,0,0,0,0,0,0,4,0,2592000,0,1,0,0,0,M40A3 Skull_Period_720,,I_D_1_Sniper_M40A3_Skeleton,,1,74,90,56,10,41,5,20,1,00,0,1,0,4,1
21205101,1_Sniper_M40A3_Skeleton,21205101,2,1,0,0,0,0,0,0,0,0,0,0,0,0,0,0,0,0,0,0,0,0,2,172800,0,0,1,0,5,0,M40A3 Skull_Durability_NoItem,,I_D_1_Sniper_M40A3_Skeleton,,1,74,90,56,10,41,5,20,1,00,0,1,0,4,1
21205102,1_Sniper_M40A3_Skeleton,21205101,2,1,0,0,0,43200,24000,0,0,0,0,0,0,0,0,0,0,0,0,0,0,0,2,172800,0,0,1,0,5,0,M40A3 Skull_Durability,,I_D_1_Sniper_M40A3_Skeleton,,1,74,90,56,10,41,5,20,1,00,0,1,0,4,1
21605101,1_Sniper_M40A3_Skeleton,21605101,2,1,0,0,0,0,0,0,0,0,0,0,0,0,0,0,0,0,0,0,0,0,6,0,0,0,0,0,0,0,M40A3 Skull_Permanent_NoItem,,I_D_1_Sniper_M40A3_Skeleton,,1,74,90,56,10,41,5,20,1,00,0,1,0,4,1
21605102,1_Sniper_M40A3_Skeleton,21605101,2,1,0,0,0,31050,24000,0,0,0,0,0,0,0,0,0,0,0,0,0,0,0,6,0,0,0,0,0,0,0,M40A3 Skull_Permanent,1,I_D_1_Sniper_M40A3_Skeleton,,1,74,90,56,10,41,5,20,1,00,0,1,0,4,1
21400501,1_Sniper_Cheytac,21400501,2,1,0,0,0,0,0,0,0,0,0,0,0,0,0,0,0,0,0,0,0,0,4,0,0,0,1,0,0,0,Cheytac M200_Period_NoItem,,I_D_1_Sniper_Cheytac,,1,94,92,56,8,38,5,20,1,06,0,1,0,4,1
21400502,1_Sniper_Cheytac,21400501,2,1,0,0,0,1200,700,0,0,0,0,0,0,0,0,0,0,0,0,0,0,0,4,0,86400,0,1,0,0,0,Cheytac M200_Period_24,,I_D_1_Sniper_Cheytac,,1,94,92,56,8,38,5,20,1,06,0,1,0,4,1
21400503,1_Sniper_Cheytac,21400501,2,1,0,0,0,7100,4000,0,0,0,0,0,0,0,0,0,0,0,0,0,0,0,4,0,604800,0,1,0,0,0,Cheytac M200_Period_168,,I_D_1_Sniper_Cheytac,,1,94,92,56,8,38,5,20,1,06,0,1,0,4,1
21400504,1_Sniper_Cheytac,21400501,2,1,0,0,0,23800,13200,0,0,0,0,0,0,0,0,0,0,0,0,0,0,0,4,0,2592000,0,1,0,0,0,Cheytac M200_Period_720,,I_D_1_Sniper_Cheytac,,1,94,92,56,8,38,5,20,1,06,0,1,0,4,1
21200501,1_Sniper_Cheytac,21200501,2,1,0,0,0,0,0,0,0,0,0,0,0,0,0,0,0,0,0,0,0,0,2,172800,0,0,1,0,6,0,Cheytac M200_Durability_NoItem,,I_D_1_Sniper_Cheytac,,1,94,92,56,8,38,5,20,1,06,0,1,0,4,1
21200502,1_Sniper_Cheytac,21200501,2,1,0,0,0,36000,20000,0,0,0,0,0,0,0,0,0,0,0,0,0,0,0,2,172800,0,0,1,0,6,0,Cheytac M200_Durability,,I_D_1_Sniper_Cheytac,,1,94,92,56,8,38,5,20,1,06,0,1,0,4,1
21600501,1_Sniper_Cheytac,21600501,2,1,0,0,0,0,0,0,0,0,0,0,0,0,0,0,0,0,0,0,0,0,6,0,0,0,0,0,0,0,Cheytac M200_Permanent_NoItem,,I_D_1_Sniper_Cheytac,,1,94,92,56,8,38,5,20,1,06,0,1,0,4,1
21600502,1_Sniper_Cheytac,21600501,2,1,0,0,0,32400,20000,0,0,1,0,1,0,0,0,0,0,0,0,0,0,0,6,0,0,0,0,0,0,0,Cheytac M200_Permanent,1,I_D_1_Sniper_Cheytac,,1,94,92,56,8,38,5,20,1,06,0,1,0,4,1
21402001,1_Sniper_Dragunov,21402001,2,1,0,0,0,0,0,0,0,0,0,0,0,0,0,0,0,0,0,0,0,0,4,0,0,0,1,0,0,0,Dragunov SVD_Period_NoItem,,I_D_1_Sniper_Dragunov,,1,76,93,50,26,44,5,40,1,04,0,1,0,4,1
21402002,1_Sniper_Dragunov,21402001,2,1,0,0,0,1400,800,0,0,0,0,0,0,0,0,0,0,0,0,0,0,0,4,0,86400,0,1,0,0,0,Dragunov SVD_Period_24,,I_D_1_Sniper_Dragunov,,1,76,93,50,26,44,5,40,1,04,0,1,0,4,1
21402003,1_Sniper_Dragunov,21402001,2,1,0,0,0,8600,4800,0,0,0,0,0,0,0,0,0,0,0,0,0,0,0,4,0,604800,0,1,0,0,0,Dragunov SVD_Period_168,,I_D_1_Sniper_Dragunov,,1,76,93,50,26,44,5,40,1,04,0,1,0,4,1
21402004,1_Sniper_Dragunov,21402001,2,1,0,0,0,28500,15800,0,0,0,0,0,0,0,0,0,0,0,0,0,0,0,4,0,2592000,0,1,0,0,0,Dragunov SVD_Period_720,,I_D_1_Sniper_Dragunov,,1,76,93,50,26,44,5,40,1,04,0,1,0,4,1
21202001,1_Sniper_Dragunov,21202001,2,1,0,0,0,0,0,0,0,0,0,0,0,0,0,0,0,0,0,0,0,0,2,172800,0,0,1,0,5,0,Dragunov SVD_Durability_NoItem,,I_D_1_Sniper_Dragunov,,1,76,93,50,26,44,5,40,1,04,0,1,0,4,1
21202002,1_Sniper_Dragunov,21202001,2,1,0,0,0,43200,24000,0,0,0,0,0,0,0,0,0,0,0,0,0,0,0,2,172800,0,0,1,0,5,0,Dragunov SVD_Durability,,I_D_1_Sniper_Dragunov,,1,76,93,50,26,44,5,40,1,04,0,1,0,4,1
21602001,1_Sniper_Dragunov,21602001,2,1,0,0,0,0,0,0,0,0,0,0,0,0,0,0,0,0,0,0,0,0,6,0,0,0,0,0,0,0,Dragunov SVD_Permanent_NoItem,,I_D_1_Sniper_Dragunov,,1,76,93,50,26,44,5,40,1,04,0,1,0,4,1
21602002,1_Sniper_Dragunov,21602001,2,1,0,0,0,29700,24000,0,0,1,0,1,0,0,0,0,0,0,0,0,0,0,6,0,0,0,0,0,0,0,Dragunov SVD_Permanent,1,I_D_1_Sniper_Dragunov,,1,76,93,50,26,44,5,40,1,04,0,1,0,4,1
21402601,1_Bow_DFGrenade_H,21402601,2,1,0,0,0,0,0,0,0,0,0,0,0,0,0,0,0,0,0,0,0,0,4,0,0,0,1,0,0,0,Grenade Bow(H)_Period_NoItem,,I_D_1_Bow_DFGrenade_H,,1,73,70,62,9,48,15,60,1,00,0,1,0,4,1
21402602,1_Bow_DFGrenade_H,21402601,2,1,0,0,0,1400,800,0,0,0,0,0,0,0,0,0,0,0,0,0,0,0,4,0,86400,0,1,0,0,0,Grenade Bow(H)_Period_24,,I_D_1_Bow_DFGrenade_H,,1,73,70,62,9,48,15,60,1,00,0,1,0,4,1
21402603,1_Bow_DFGrenade_H,21402601,2,1,0,0,0,8600,4800,0,0,0,0,0,0,0,0,0,0,0,0,0,0,0,4,0,604800,0,1,0,0,0,Grenade Bow(H)_Period_168,,I_D_1_Bow_DFGrenade_H,,1,73,70,62,9,48,15,60,1,00,0,1,0,4,1
21402604,1_Bow_DFGrenade_H,21402601,2,1,0,0,0,28500,15800,0,0,0,0,0,0,0,0,0,0,0,0,0,0,0,4,0,2592000,0,1,0,0,0,Grenade Bow(H)_Period_720,,I_D_1_Bow_DFGrenade_H,,1,73,70,62,9,48,15,60,1,00,0,1,0,4,1
21202601,1_Bow_DFGrenade_H,21202601,2,1,0,0,0,0,0,0,0,0,0,0,0,0,0,0,0,0,0,0,0,0,2,172800,0,0,1,0,5,0,Grenade Bow(H)_Durability_NoItem,,I_D_1_Bow_DFGrenade_H,,1,73,70,62,9,48,15,60,1,00,0,1,0,4,1
21202602,1_Bow_DFGrenade_H,21202601,2,1,0,0,0,43200,24000,0,0,0,0,0,0,0,0,0,0,0,0,0,0,0,2,172800,0,0,1,0,5,0,Grenade Bow(H)_Durability,,I_D_1_Bow_DFGrenade_H,,1,73,70,62,9,48,15,60,1,00,0,1,0,4,1
21602601,1_Bow_DFGrenade_H,21602601,2,1,0,0,0,0,0,0,0,0,0,0,0,0,0,0,0,0,0,0,0,0,6,0,0,0,0,0,0,0,Grenade Bow(H)_Permanent_NoItem,,I_D_1_Bow_DFGrenade_H,,1,73,70,62,9,48,15,60,1,00,0,1,0,4,1
21602602,1_Bow_DFGrenade_H,21602601,2,1,0,0,0,27000,24000,0,0,0,0,0,0,0,0,0,0,0,0,0,0,0,6,0,0,0,0,0,0,0,Grenade Bow(H)_Permanent,1,I_D_1_Bow_DFGrenade_H,,1,73,70,62,9,48,15,60,1,00,0,1,0,4,1
21404001,1_Bow_DFGrenade_M,21404001,2,1,0,0,0,0,0,0,0,0,0,0,0,0,0,0,0,0,0,0,0,0,4,0,0,0,1,0,0,0,Grenade Bow(M)_Period_NoItem,,I_D_1_Bow_DFGrenade_M,,1,68,68,59,9,48,6,24,1,00,0,1,0,4,1
21404002,1_Bow_DFGrenade_M,21404001,2,1,0,0,0,1400,800,0,0,0,0,0,0,0,0,0,0,0,0,0,0,0,4,0,86400,0,1,0,0,0,Grenade Bow(M)_Period_24,,I_D_1_Bow_DFGrenade_M,,1,68,68,59,9,48,6,24,1,00,0,1,0,4,1
21404003,1_Bow_DFGrenade_M,21404001,2,1,0,0,0,8600,4800,0,0,0,0,0,0,0,0,0,0,0,0,0,0,0,4,0,604800,0,1,0,0,0,Grenade Bow(M)_Period_168,,I_D_1_Bow_DFGrenade_M,,1,68,68,59,9,48,6,24,1,00,0,1,0,4,1
21404004,1_Bow_DFGrenade_M,21404001,2,1,0,0,0,28500,15800,0,0,0,0,0,0,0,0,0,0,0,0,0,0,0,4,0,2592000,0,1,0,0,0,Grenade Bow(M)_Period_720,,I_D_1_Bow_DFGrenade_M,,1,68,68,59,9,48,6,24,1,00,0,1,0,4,1
21204001,1_Bow_DFGrenade_M,21204001,2,1,0,0,0,0,0,0,0,0,0,0,0,0,0,0,0,0,0,0,0,0,2,172800,0,0,1,0,5,0,Grenade Bow(M)_Durability_NoItem,,I_D_1_Bow_DFGrenade_M,,1,68,68,59,9,48,6,24,1,00,0,1,0,4,1
21204002,1_Bow_DFGrenade_M,21204001,2,1,0,0,0,43200,24000,0,0,0,0,0,0,0,0,0,0,0,0,0,0,0,2,172800,0,0,1,0,5,0,Grenade Bow(M)_Durability,,I_D_1_Bow_DFGrenade_M,,1,68,68,59,9,48,6,24,1,00,0,1,0,4,1
21604001,1_Bow_DFGrenade_M,21604001,2,1,0,0,0,0,0,0,0,0,0,0,0,0,0,0,0,0,0,0,0,0,6,0,0,0,0,0,0,0,Grenade Bow(M)_Permanent_NoItem,,I_D_1_Bow_DFGrenade_M,,1,68,68,59,9,48,6,24,1,00,0,1,0,4,1
21604002,1_Bow_DFGrenade_M,21604001,2,1,0,0,0,27000,24000,0,0,0,0,0,0,0,0,0,0,0,0,0,0,0,6,0,0,0,0,0,0,0,Grenade Bow(M)_Permanent,1,I_D_1_Bow_DFGrenade_M,,1,68,68,59,9,48,6,24,1,00,0,1,0,4,1
21404101,1_Bow_DFGrenade_L,21404101,2,1,0,0,0,0,0,0,0,0,0,0,0,0,0,0,0,0,0,0,0,0,4,0,0,0,1,0,0,0,Grenade Bow(L)_Period_NoItem,,I_D_1_Bow_DFGrenade_L,,1,73,68,62,6,43,6,24,1,00,0,1,0,4,1
21404102,1_Bow_DFGrenade_L,21404101,2,1,0,0,0,1400,800,0,0,0,0,0,0,0,0,0,0,0,0,0,0,0,4,0,86400,0,1,0,0,0,Grenade Bow(L)_Period_24,,I_D_1_Bow_DFGrenade_L,,1,73,68,62,6,43,6,24,1,00,0,1,0,4,1
21404103,1_Bow_DFGrenade_L,21404101,2,1,0,0,0,8600,4800,0,0,0,0,0,0,0,0,0,0,0,0,0,0,0,4,0,604800,0,1,0,0,0,Grenade Bow(L)_Period_168,,I_D_1_Bow_DFGrenade_L,,1,73,68,62,6,43,6,24,1,00,0,1,0,4,1
21404104,1_Bow_DFGrenade_L,21404101,2,1,0,0,0,28500,15800,0,0,0,0,0,0,0,0,0,0,0,0,0,0,0,4,0,2592000,0,1,0,0,0,Grenade Bow(L)_Period_720,,I_D_1_Bow_DFGrenade_L,,1,73,68,62,6,43,6,24,1,00,0,1,0,4,1
21204101,1_Bow_DFGrenade_L,21204101,2,1,0,0,0,0,0,0,0,0,0,0,0,0,0,0,0,0,0,0,0,0,2,172800,0,0,1,0,5,0,Grenade Bow(L)_Durability_NoItem,,I_D_1_Bow_DFGrenade_L,,1,73,68,62,6,43,6,24,1,00,0,1,0,4,1
21204102,1_Bow_DFGrenade_L,21204101,2,1,0,0,0,43200,24000,0,0,0,0,0,0,0,0,0,0,0,0,0,0,0,2,172800,0,0,1,0,5,0,Grenade Bow(L)_Durability,,I_D_1_Bow_DFGrenade_L,,1,73,68,62,6,43,6,24,1,00,0,1,0,4,1
21604101,1_Bow_DFGrenade_L,21604101,2,1,0,0,0,0,0,0,0,0,0,0,0,0,0,0,0,0,0,0,0,0,6,0,0,0,0,0,0,0,Grenade Bow(L)_Permanent_NoItem,,I_D_1_Bow_DFGrenade_L,,1,73,68,62,6,43,6,24,1,00,0,1,0,4,1
21604102,1_Bow_DFGrenade_L,21604101,2,1,0,0,0,27000,24000,0,0,0,0,0,0,0,0,0,0,0,0,0,0,0,6,0,0,0,0,0,0,0,Grenade Bow(L)_Permanent,1,I_D_1_Bow_DFGrenade_L,,1,73,68,62,6,43,6,24,1,00,0,1,0,4,1
21402801,1_Sniper_DSR-1,21402801,2,1,0,0,0,0,0,0,0,0,0,0,0,0,0,0,0,0,0,0,0,0,4,0,0,0,1,0,0,0,DSR-1_Period_NoItem,,I_D_1_Sniper_DSR-1,,1,88,88,52,8,55,5,20,1,05,0,1,0,4,1
21402802,1_Sniper_DSR-1,21402801,2,1,0,0,0,1400,800,0,0,0,0,0,0,0,0,0,0,0,0,0,0,0,4,0,86400,0,1,0,0,0,DSR-1_Period_24,,I_D_1_Sniper_DSR-1,,1,88,88,52,8,55,5,20,1,05,0,1,0,4,1
21402803,1_Sniper_DSR-1,21402801,2,1,0,0,0,8600,4800,0,0,0,0,0,0,0,0,0,0,0,0,0,0,0,4,0,604800,0,1,0,0,0,DSR-1_Period_168,,I_D_1_Sniper_DSR-1,,1,88,88,52,8,55,5,20,1,05,0,1,0,4,1
21402804,1_Sniper_DSR-1,21402801,2,1,0,0,0,28500,15800,0,0,0,0,0,0,0,0,0,0,0,0,0,0,0,4,0,2592000,0,1,0,0,0,DSR-1_Period_720,,I_D_1_Sniper_DSR-1,,1,88,88,52,8,55,5,20,1,05,0,1,0,4,1
21202801,1_Sniper_DSR-1,21202801,2,1,0,0,0,0,0,0,0,0,0,0,0,0,0,0,0,0,0,0,0,0,2,172800,0,0,1,0,5,0,DSR-1_Durability_NoItem,,I_D_1_Sniper_DSR-1,,1,88,88,52,8,55,5,20,1,05,0,1,0,4,1
21202802,1_Sniper_DSR-1,21202801,2,1,0,0,0,43200,24000,0,0,0,0,0,0,0,0,0,0,0,0,0,0,0,2,172800,0,0,1,0,5,0,DSR-1_Durability,,I_D_1_Sniper_DSR-1,,1,88,88,52,8,55,5,20,1,05,0,1,0,4,1
21602801,1_Sniper_DSR-1,21602801,2,1,0,0,0,0,0,0,0,0,0,0,0,0,0,0,0,0,0,0,0,0,6,0,0,0,0,0,0,0,DSR-1_Permanent_NoItem,,I_D_1_Sniper_DSR-1,,1,88,88,52,8,55,5,20,1,05,0,1,0,4,1
21602802,1_Sniper_DSR-1,21602801,2,1,0,0,0,31050,24000,0,0,1,0,1,0,0,0,0,0,0,0,0,0,0,6,0,0,0,0,0,0,0,DSR-1_Permanent,1,I_D_1_Sniper_DSR-1,,1,88,88,52,8,55,5,20,1,05,0,1,0,4,1
21402901,1_Sniper_N3_H,21402901,2,1,0,0,0,0,0,0,0,0,0,0,0,0,0,0,0,0,0,0,0,0,4,0,0,0,1,0,0,0,N3(H)_Period_NoItem,,I_D_1_Sniper_N3_H,,1,95,95,54,11,41,5,20,1,00,0,1,0,4,1
21402902,1_Sniper_N3_H,21402901,2,1,0,0,0,1400,800,0,0,0,0,0,0,0,0,0,0,0,0,0,0,0,4,0,86400,0,1,0,0,0,N3(H)_Period_24,,I_D_1_Sniper_N3_H,,1,95,95,54,11,41,5,20,1,00,0,1,0,4,1
21402903,1_Sniper_N3_H,21402901,2,1,0,0,0,8600,4800,0,0,0,0,0,0,0,0,0,0,0,0,0,0,0,4,0,604800,0,1,0,0,0,N3(H)_Period_168,,I_D_1_Sniper_N3_H,,1,95,95,54,11,41,5,20,1,00,0,1,0,4,1
21402904,1_Sniper_N3_H,21402901,2,1,0,0,0,28500,15800,0,0,0,0,0,0,0,0,0,0,0,0,0,0,0,4,0,2592000,0,1,0,0,0,N3(H)_Period_720,,I_D_1_Sniper_N3_H,,1,95,95,54,11,41,5,20,1,00,0,1,0,4,1
21202901,1_Sniper_N3_H,21202901,2,1,0,0,0,0,0,0,0,0,0,0,0,0,0,0,0,0,0,0,0,0,2,172800,0,0,1,0,5,0,N3(H)_Durability_NoItem,,I_D_1_Sniper_N3_H,,1,95,95,54,11,41,5,20,1,00,0,1,0,4,1
21202902,1_Sniper_N3_H,21202901,2,1,0,0,0,43200,24000,0,0,0,0,0,0,0,0,0,0,0,0,0,0,0,2,172800,0,0,1,0,5,0,N3(H)_Durability,,I_D_1_Sniper_N3_H,,1,95,95,54,11,41,5,20,1,00,0,1,0,4,1
21602901,1_Sniper_N3_H,21602901,2,1,0,0,0,0,0,0,0,0,0,0,0,0,0,0,0,0,0,0,0,0,6,0,0,0,0,0,0,0,N3(H)_Permanent_NoItem,,I_D_1_Sniper_N3_H,,1,95,95,54,11,41,5,20,1,00,0,1,0,4,1
21602902,1_Sniper_N3_H,21602901,2,1,0,0,0,29700,24000,0,0,0,0,0,0,0,0,0,0,0,0,0,0,0,6,0,0,0,0,0,0,0,N3(H)_Permanent,,I_D_1_Sniper_N3_H,,1,95,95,54,11,41,5,20,1,00,0,1,0,4,1
21406901,1_Sniper_N3_M,21406901,2,1,0,0,0,0,0,0,0,0,0,0,0,0,0,0,0,0,0,0,0,0,4,0,0,0,1,0,0,0,N3(M)_Period_NoItem,,I_D_1_Sniper_N3_M,,1,90,93,51,11,41,5,20,1,00,0,1,0,4,1
21406902,1_Sniper_N3_M,21406901,2,1,0,0,0,1400,800,0,0,0,0,0,0,0,0,0,0,0,0,0,0,0,4,0,86400,0,1,0,0,0,N3(M)_Period_24,,I_D_1_Sniper_N3_M,,1,90,93,51,11,41,5,20,1,00,0,1,0,4,1
21406903,1_Sniper_N3_M,21406901,2,1,0,0,0,8600,4800,0,0,0,0,0,0,0,0,0,0,0,0,0,0,0,4,0,604800,0,1,0,0,0,N3(M)_Period_168,,I_D_1_Sniper_N3_M,,1,90,93,51,11,41,5,20,1,00,0,1,0,4,1
21406904,1_Sniper_N3_M,21406901,2,1,0,0,0,28500,15800,0,0,0,0,0,0,0,0,0,0,0,0,0,0,0,4,0,2592000,0,1,0,0,0,N3(M)_Period_720,,I_D_1_Sniper_N3_M,,1,90,93,51,11,41,5,20,1,00,0,1,0,4,1
21206901,1_Sniper_N3_M,21206901,2,1,0,0,0,0,0,0,0,0,0,0,0,0,0,0,0,0,0,0,0,0,2,172800,0,0,1,0,5,0,N3(M)_Durability_NoItem,,I_D_1_Sniper_N3_M,,1,90,93,51,11,41,5,20,1,00,0,1,0,4,1
21206902,1_Sniper_N3_M,21206901,2,1,0,0,0,43200,24000,0,0,0,0,0,0,0,0,0,0,0,0,0,0,0,2,172800,0,0,1,0,5,0,N3(M)_Durability,,I_D_1_Sniper_N3_M,,1,90,93,51,11,41,5,20,1,00,0,1,0,4,1
21606901,1_Sniper_N3_M,21606901,2,1,0,0,0,0,0,0,0,0,0,0,0,0,0,0,0,0,0,0,0,0,6,0,0,0,0,0,0,0,N3(M)_Permanent_NoItem,,I_D_1_Sniper_N3_M,,1,90,93,51,11,41,5,20,1,00,0,1,0,4,1
21606902,1_Sniper_N3_M,21606901,2,1,0,0,0,29700,24000,0,0,0,0,0,0,0,0,0,0,0,0,0,0,0,6,0,0,0,0,0,0,0,N3(M)_Permanent,,I_D_1_Sniper_N3_M,,1,90,93,51,11,41,5,20,1,00,0,1,0,4,1
21407001,1_Sniper_N3_L,21407001,2,1,0,0,0,0,0,0,0,0,0,0,0,0,0,0,0,0,0,0,0,0,4,0,0,0,1,0,0,0,N3(L)_Period_NoItem,,I_D_1_Sniper_N3_L,,1,95,93,54,8,36,5,20,1,00,0,1,0,4,1
21407002,1_Sniper_N3_L,21407001,2,1,0,0,0,1400,800,0,0,0,0,0,0,0,0,0,0,0,0,0,0,0,4,0,86400,0,1,0,0,0,N3(L)_Period_24,,I_D_1_Sniper_N3_L,,1,95,93,54,8,36,5,20,1,00,0,1,0,4,1
21407003,1_Sniper_N3_L,21407001,2,1,0,0,0,8600,4800,0,0,0,0,0,0,0,0,0,0,0,0,0,0,0,4,0,604800,0,1,0,0,0,N3(L)_Period_168,,I_D_1_Sniper_N3_L,,1,95,93,54,8,36,5,20,1,00,0,1,0,4,1
21407004,1_Sniper_N3_L,21407001,2,1,0,0,0,28500,15800,0,0,0,0,0,0,0,0,0,0,0,0,0,0,0,4,0,2592000,0,1,0,0,0,N3(L)_Period_720,,I_D_1_Sniper_N3_L,,1,95,93,54,8,36,5,20,1,00,0,1,0,4,1
21207001,1_Sniper_N3_L,21207001,2,1,0,0,0,0,0,0,0,0,0,0,0,0,0,0,0,0,0,0,0,0,2,172800,0,0,1,0,5,0,N3(L)_Durability_NoItem,,I_D_1_Sniper_N3_L,,1,95,93,54,8,36,5,20,1,00,0,1,0,4,1
21207002,1_Sniper_N3_L,21207001,2,1,0,0,0,43200,24000,0,0,0,0,0,0,0,0,0,0,0,0,0,0,0,2,172800,0,0,1,0,5,0,N3(L)_Durability,,I_D_1_Sniper_N3_L,,1,95,93,54,8,36,5,20,1,00,0,1,0,4,1
21607001,1_Sniper_N3_L,21607001,2,1,0,0,0,0,0,0,0,0,0,0,0,0,0,0,0,0,0,0,0,0,6,0,0,0,0,0,0,0,N3(L)_Permanent_NoItem,,I_D_1_Sniper_N3_L,,1,95,93,54,8,36,5,20,1,00,0,1,0,4,1
21607002,1_Sniper_N3_L,21607001,2,1,0,0,0,29700,24000,0,0,0,0,0,0,0,0,0,0,0,0,0,0,0,6,0,0,0,0,0,0,0,N3(L)_Permanent,,I_D_1_Sniper_N3_L,,1,95,93,54,8,36,5,20,1,00,0,1,0,4,1
21404401,1_Sniper_Awp,21404401,2,1,0,0,0,0,0,0,0,0,0,0,0,0,0,0,0,0,0,0,0,0,4,0,0,0,1,0,0,0,AWP_Period_NoItem,,I_D_1_Sniper_Awp,,1,92,88,55,9,48,10,40,1,21,0,1,0,4,1
21404402,1_Sniper_Awp,21404401,2,1,0,0,0,1400,800,0,0,0,0,0,0,0,0,0,0,0,0,0,0,0,4,0,86400,0,1,0,0,0,AWP_Period_24,,I_D_1_Sniper_Awp,,1,92,88,55,9,48,10,40,1,21,0,1,0,4,1
21404403,1_Sniper_Awp,21404401,2,1,0,0,0,8600,4800,0,0,0,0,0,0,0,0,0,0,0,0,0,0,0,4,0,604800,0,1,0,0,0,AWP_Period_168,,I_D_1_Sniper_Awp,,1,92,88,55,9,48,10,40,1,21,0,1,0,4,1
21404404,1_Sniper_Awp,21404401,2,1,0,0,0,28500,15800,0,0,0,0,0,0,0,0,0,0,0,0,0,0,0,4,0,2592000,0,1,0,0,0,AWP_Period_720,,I_D_1_Sniper_Awp,,1,92,88,55,9,48,10,40,1,21,0,1,0,4,1
21204401,1_Sniper_Awp,21204401,2,1,0,0,0,0,0,0,0,0,0,0,0,0,0,0,0,0,0,0,0,0,2,172800,0,0,1,0,5,0,AWP_Durability_NoItem,,I_D_1_Sniper_Awp,,1,92,88,55,9,48,10,40,1,21,0,1,0,4,1
21204402,1_Sniper_Awp,21204401,2,1,0,0,0,43200,24000,0,0,0,0,0,0,0,0,0,0,0,0,0,0,0,2,172800,0,0,1,0,5,0,AWP_Durability,,I_D_1_Sniper_Awp,,1,92,88,55,9,48,10,40,1,21,0,1,0,4,1
21604401,1_Sniper_Awp,21604401,2,1,0,0,0,0,0,0,0,0,0,0,0,0,0,0,0,0,0,0,0,0,6,0,0,0,0,0,0,0,AWP_Permanent_NoItem,,I_D_1_Sniper_Awp,,1,92,88,55,9,48,10,40,1,21,0,1,0,4,1
21604402,1_Sniper_Awp,21604401,2,1,0,0,0,43200,24000,0,0,0,0,0,0,0,0,0,0,0,0,0,0,0,6,0,0,0,0,0,0,0,AWP_Permanent,1,I_D_1_Sniper_Awp,,1,92,88,55,9,48,10,40,1,21,0,1,0,4,1
21400701,1_ShotGun_M870,21400701,2,1,0,0,0,0,0,0,0,0,0,0,0,0,0,0,0,0,0,0,0,0,4,0,0,0,1,0,0,0,Remington M870_Period_NoItem,,I_D_1_ShotGun_M870,,1,56,35,45,11,77,6,32,1,05,0,1,0,5,1
21400702,1_ShotGun_M870,21400701,2,1,0,0,0,1000,500,0,0,0,0,0,0,0,0,0,0,0,0,0,0,0,4,0,86400,0,1,0,0,0,Remington M870_Period_24,,I_D_1_ShotGun_M870,,1,56,35,45,11,77,6,32,1,05,0,1,0,5,1
21400703,1_ShotGun_M870,21400701,2,1,0,0,0,5700,3200,0,0,0,0,0,0,0,0,0,0,0,0,0,0,0,4,0,604800,0,1,0,0,0,Remington M870_Period_168,,I_D_1_ShotGun_M870,,1,56,35,45,11,77,6,32,1,05,0,1,0,5,1
21400704,1_ShotGun_M870,21400701,2,1,0,0,0,19000,10600,0,0,0,0,0,0,0,0,0,0,0,0,0,0,0,4,0,2592000,0,1,0,0,0,Remington M870_Period_720,,I_D_1_ShotGun_M870,,1,56,35,45,11,77,6,32,1,05,0,1,0,5,1
21200701,1_ShotGun_M870,21200701,2,1,0,0,0,0,0,0,0,0,0,0,0,0,0,0,0,0,0,0,0,0,2,172800,0,0,1,0,8,0,Remington M870_Durability_NoItem,,I_D_1_ShotGun_M870,,1,56,35,45,11,77,6,32,1,05,0,1,0,5,1
21200702,1_ShotGun_M870,21200701,2,1,0,0,0,28800,16000,0,0,0,0,0,0,0,0,0,0,0,0,0,0,0,2,172800,0,0,1,0,8,0,Remington M870_Durability,,I_D_1_ShotGun_M870,,1,56,35,45,11,77,6,32,1,05,0,1,0,5,1
21600701,1_ShotGun_M870,21600701,2,1,0,0,0,0,0,0,0,0,0,0,0,0,0,0,0,0,0,0,0,0,6,0,0,0,0,0,0,0,Remington M870_Permanent_NoItem,,I_D_1_ShotGun_M870,,1,56,35,45,11,77,6,32,1,05,0,1,0,5,1
21600702,1_ShotGun_M870,21600701,2,1,0,0,0,25650,16000,0,0,1,0,1,0,0,0,0,0,0,0,0,0,0,6,0,0,0,0,0,0,0,Remington M870_Permanent,1,I_D_1_ShotGun_M870,,1,56,35,45,11,77,6,32,1,05,0,1,0,5,1
21400801,1_ShotGun_M1014,21400801,2,1,0,0,0,0,0,0,0,0,0,0,0,0,0,0,0,0,0,0,0,0,4,0,0,0,1,0,0,0,M1014_Period_NoItem,,I_D_1_ShotGun_M1014,,1,55,27,49,16,68,6,30,1,03,0,1,0,5,1
21400802,1_ShotGun_M1014,21400801,2,1,0,0,0,1200,700,0,0,0,0,0,0,0,0,0,0,0,0,0,0,0,4,0,86400,0,1,0,0,0,M1014_Period_24,,I_D_1_ShotGun_M1014,,1,55,27,49,16,68,6,30,1,03,0,1,0,5,1
21400803,1_ShotGun_M1014,21400801,2,1,0,0,0,7100,4000,0,0,0,0,0,0,0,0,0,0,0,0,0,0,0,4,0,604800,0,1,0,0,0,M1014_Period_168,,I_D_1_ShotGun_M1014,,1,55,27,49,16,68,6,30,1,03,0,1,0,5,1
21400804,1_ShotGun_M1014,21400801,2,1,0,0,0,23800,13200,0,0,0,0,0,0,0,0,0,0,0,0,0,0,0,4,0,2592000,0,1,0,0,0,M1014_Period_720,,I_D_1_ShotGun_M1014,,1,55,27,49,16,68,6,30,1,03,0,1,0,5,1
21200801,1_ShotGun_M1014,21200801,2,1,0,0,0,0,0,0,0,0,0,0,0,0,0,0,0,0,0,0,0,0,2,172800,0,0,1,0,6,0,M1014_Durability_NoItem,,I_D_1_ShotGun_M1014,,1,55,27,49,16,68,6,30,1,03,0,1,0,5,1
21200802,1_ShotGun_M1014,21200801,2,1,0,0,0,36000,20000,0,0,0,0,0,0,0,0,0,0,0,0,0,0,0,2,172800,0,0,1,0,6,0,M1014_Durability,,I_D_1_ShotGun_M1014,,1,55,27,49,16,68,6,30,1,03,0,1,0,5,1
21600801,1_ShotGun_M1014,21600801,2,1,0,0,0,0,0,0,0,0,0,0,0,0,0,0,0,0,0,0,0,0,6,0,0,0,0,0,0,0,M1014_Permanent_NoItem,,I_D_1_ShotGun_M1014,,1,55,27,49,16,68,6,30,1,03,0,1,0,5,1
21600802,1_ShotGun_M1014,21600801,2,1,0,0,0,24300,20000,0,0,1,0,1,0,0,0,0,0,0,0,0,0,0,6,0,0,0,0,0,0,0,M1014_Permanent,1,I_D_1_ShotGun_M1014,,1,55,27,49,16,68,6,30,1,03,0,1,0,5,1
21401601,1_ShotGun_SHOSeries-3_H,21401601,2,1,0,0,0,0,0,0,0,0,0,0,0,0,0,0,0,0,0,0,0,0,4,0,0,0,1,0,0,0,SHO Series-3(H)_Period_NoItem,,I_D_1_ShotGun_SHOSeries-3_H,,1,52,53,48,13,77,7,30,1,00,0,1,0,5,1
21401602,1_ShotGun_SHOSeries-3_H,21401601,2,1,0,0,0,1200,700,0,0,0,0,0,0,0,0,0,0,0,0,0,0,0,4,0,86400,0,1,0,0,0,SHO Series-3(H)_Period_24,,I_D_1_ShotGun_SHOSeries-3_H,,1,52,53,48,13,77,7,30,1,00,0,1,0,5,1
21401603,1_ShotGun_SHOSeries-3_H,21401601,2,1,0,0,0,7100,4000,0,0,0,0,0,0,0,0,0,0,0,0,0,0,0,4,0,604800,0,1,0,0,0,SHO Series-3(H)_Period_168,,I_D_1_ShotGun_SHOSeries-3_H,,1,52,53,48,13,77,7,30,1,00,0,1,0,5,1
21401604,1_ShotGun_SHOSeries-3_H,21401601,2,1,0,0,0,23800,13200,0,0,0,0,0,0,0,0,0,0,0,0,0,0,0,4,0,2592000,0,1,0,0,0,SHO Series-3(H)_Period_720,,I_D_1_ShotGun_SHOSeries-3_H,,1,52,53,48,13,77,7,30,1,00,0,1,0,5,1
21201601,1_ShotGun_SHOSeries-3_H,21201601,2,1,0,0,0,0,0,0,0,0,0,0,0,0,0,0,0,0,0,0,0,0,2,172800,0,0,1,0,6,0,SHO Series-3(H)_Durability_NoItem,,I_D_1_ShotGun_SHOSeries-3_H,,1,52,53,48,13,77,7,30,1,00,0,1,0,5,1
21201602,1_ShotGun_SHOSeries-3_H,21201601,2,1,0,0,0,36000,20000,0,0,0,0,0,0,0,0,0,0,0,0,0,0,0,2,172800,0,0,1,0,6,0,SHO Series-3(H)_Durability,,I_D_1_ShotGun_SHOSeries-3_H,,1,52,53,48,13,77,7,30,1,00,0,1,0,5,1
21601601,1_ShotGun_SHOSeries-3_H,21601601,2,1,0,0,0,0,0,0,0,0,0,0,0,0,0,0,0,0,0,0,0,0,6,0,0,0,0,0,0,0,SHO Series-3(H)_Permanent_NoItem,,I_D_1_ShotGun_SHOSeries-3_H,,1,52,53,48,13,77,7,30,1,00,0,1,0,5,1
21601602,1_ShotGun_SHOSeries-3_H,21601601,2,1,0,0,0,27000,20000,0,0,0,0,0,0,0,0,0,0,0,0,0,0,0,6,0,0,0,0,0,0,0,SHO Series-3(H)_Permanent,,I_D_1_ShotGun_SHOSeries-3_H,,1,52,53,48,13,77,7,30,1,00,0,1,0,5,1
21403201,1_ShotGun_SHOSeries-3_M,21403201,2,1,0,0,0,0,0,0,0,0,0,0,0,0,0,0,0,0,0,0,0,0,4,0,0,0,1,0,0,0,SHO Series-3(M)_Period_NoItem,,I_D_1_ShotGun_SHOSeries-3_M,,1,49,45,48,13,75,7,30,1,00,0,1,0,5,1
21403202,1_ShotGun_SHOSeries-3_M,21403201,2,1,0,0,0,1200,700,0,0,0,0,0,0,0,0,0,0,0,0,0,0,0,4,0,86400,0,1,0,0,0,SHO Series-3(M)_Period_24,,I_D_1_ShotGun_SHOSeries-3_M,,1,49,45,48,13,75,7,30,1,00,0,1,0,5,1
21403203,1_ShotGun_SHOSeries-3_M,21403201,2,1,0,0,0,7100,4000,0,0,0,0,0,0,0,0,0,0,0,0,0,0,0,4,0,604800,0,1,0,0,0,SHO Series-3(M)_Period_168,,I_D_1_ShotGun_SHOSeries-3_M,,1,49,45,48,13,75,7,30,1,00,0,1,0,5,1
21403204,1_ShotGun_SHOSeries-3_M,21403201,2,1,0,0,0,23800,13200,0,0,0,0,0,0,0,0,0,0,0,0,0,0,0,4,0,2592000,0,1,0,0,0,SHO Series-3(M)_Period_720,,I_D_1_ShotGun_SHOSeries-3_M,,1,49,45,48,13,75,7,30,1,00,0,1,0,5,1
21203201,1_ShotGun_SHOSeries-3_M,21203201,2,1,0,0,0,0,0,0,0,0,0,0,0,0,0,0,0,0,0,0,0,0,2,172800,0,0,1,0,6,0,SHO Series-3(M)_Durability_NoItem,,I_D_1_ShotGun_SHOSeries-3_M,,1,49,45,48,13,75,7,30,1,00,0,1,0,5,1
21203202,1_ShotGun_SHOSeries-3_M,21203201,2,1,0,0,0,36000,20000,0,0,0,0,0,0,0,0,0,0,0,0,0,0,0,2,172800,0,0,1,0,6,0,SHO Series-3(M)_Durability,,I_D_1_ShotGun_SHOSeries-3_M,,1,49,45,48,13,75,7,30,1,00,0,1,0,5,1
21603201,1_ShotGun_SHOSeries-3_M,21603201,2,1,0,0,0,0,0,0,0,0,0,0,0,0,0,0,0,0,0,0,0,0,6,0,0,0,0,0,0,0,SHO Series-3(M)_Permanent_NoItem,,I_D_1_ShotGun_SHOSeries-3_M,,1,49,45,48,13,75,7,30,1,00,0,1,0,5,1
21603202,1_ShotGun_SHOSeries-3_M,21603201,2,1,0,0,0,27000,20000,0,0,0,0,0,0,0,0,0,0,0,0,0,0,0,6,0,0,0,0,0,0,0,SHO Series-3(M)_Permanent,,I_D_1_ShotGun_SHOSeries-3_M,,1,49,45,48,13,75,7,30,1,00,0,1,0,5,1
21403301,1_ShotGun_SHOSeries-3_L,21403301,2,1,0,0,0,0,0,0,0,0,0,0,0,0,0,0,0,0,0,0,0,0,4,0,0,0,1,0,0,0,SHO Series-3(L)_Period_NoItem,,I_D_1_ShotGun_SHOSeries-3_L,,1,52,53,46,11,75,7,30,1,00,0,1,0,5,1
21403302,1_ShotGun_SHOSeries-3_L,21403301,2,1,0,0,0,1200,700,0,0,0,0,0,0,0,0,0,0,0,0,0,0,0,4,0,86400,0,1,0,0,0,SHO Series-3(L)_Period_24,,I_D_1_ShotGun_SHOSeries-3_L,,1,52,53,46,11,75,7,30,1,00,0,1,0,5,1
21403303,1_ShotGun_SHOSeries-3_L,21403301,2,1,0,0,0,7100,4000,0,0,0,0,0,0,0,0,0,0,0,0,0,0,0,4,0,604800,0,1,0,0,0,SHO Series-3(L)_Period_168,,I_D_1_ShotGun_SHOSeries-3_L,,1,52,53,46,11,75,7,30,1,00,0,1,0,5,1
21403304,1_ShotGun_SHOSeries-3_L,21403301,2,1,0,0,0,23800,13200,0,0,0,0,0,0,0,0,0,0,0,0,0,0,0,4,0,2592000,0,1,0,0,0,SHO Series-3(L)_Period_720,,I_D_1_ShotGun_SHOSeries-3_L,,1,52,53,46,11,75,7,30,1,00,0,1,0,5,1
21203301,1_ShotGun_SHOSeries-3_L,21203301,2,1,0,0,0,0,0,0,0,0,0,0,0,0,0,0,0,0,0,0,0,0,2,172800,0,0,1,0,6,0,SHO Series-3(L)_Durability_NoItem,,I_D_1_ShotGun_SHOSeries-3_L,,1,52,53,46,11,75,7,30,1,00,0,1,0,5,1
21203302,1_ShotGun_SHOSeries-3_L,21203301,2,1,0,0,0,36000,20000,0,0,0,0,0,0,0,0,0,0,0,0,0,0,0,2,172800,0,0,1,0,6,0,SHO Series-3(L)_Durability,,I_D_1_ShotGun_SHOSeries-3_L,,1,52,53,46,11,75,7,30,1,00,0,1,0,5,1
21603301,1_ShotGun_SHOSeries-3_L,21603301,2,1,0,0,0,0,0,0,0,0,0,0,0,0,0,0,0,0,0,0,0,0,6,0,0,0,0,0,0,0,SHO Series-3(L)_Permanent_NoItem,,I_D_1_ShotGun_SHOSeries-3_L,,1,52,53,46,11,75,7,30,1,00,0,1,0,5,1
21603302,1_ShotGun_SHOSeries-3_L,21603301,2,1,0,0,0,27000,20000,0,0,0,0,0,0,0,0,0,0,0,0,0,0,0,6,0,0,0,0,0,0,0,SHO Series-3(L)_Permanent,,I_D_1_ShotGun_SHOSeries-3_L,,1,52,53,46,11,75,7,30,1,00,0,1,0,5,1
21404501,1_ShotGun_KSG-15,21404501,2,1,0,0,0,0,0,0,0,0,0,0,1,0,0,0,0,0,0,0,0,0,4,0,0,0,1,0,0,0,KSG-15_Period_NoItem,,I_D_1_ShotGun_KSG-15,,1,52,33,45,19,73,14,50,1,06,0,1,0,5,1
21404502,1_ShotGun_KSG-15,21404501,2,1,0,0,0,1200,700,0,0,0,0,0,1,0,0,0,0,0,0,0,0,0,4,0,86400,0,1,0,0,0,KSG-15_Period_24,,I_D_1_ShotGun_KSG-15,,1,52,33,45,19,73,14,50,1,06,0,1,0,5,1
21404503,1_ShotGun_KSG-15,21404501,2,1,0,0,0,7100,4000,0,0,0,0,0,1,0,0,0,0,0,0,0,0,0,4,0,604800,0,1,0,0,0,KSG-15_Period_168,,I_D_1_ShotGun_KSG-15,,1,52,33,45,19,73,14,50,1,06,0,1,0,5,1
21404504,1_ShotGun_KSG-15,21404501,2,1,0,0,0,23800,13200,0,0,0,0,0,1,0,0,0,0,0,0,0,0,0,4,0,2592000,0,1,0,0,0,KSG-15_Period_720,,I_D_1_ShotGun_KSG-15,,1,52,33,45,19,73,14,50,1,06,0,1,0,5,1
21204501,1_ShotGun_KSG-15,21204501,2,1,0,0,0,0,0,0,0,0,0,0,1,0,0,0,0,0,0,0,0,0,2,172800,0,0,1,0,6,0,KSG-15_Durability_NoItem,,I_D_1_ShotGun_KSG-15,,1,52,33,45,19,73,14,50,1,06,0,1,0,5,1
21204502,1_ShotGun_KSG-15,21204501,2,1,0,0,0,36000,20000,0,0,0,0,0,1,0,0,0,0,0,0,0,0,0,2,172800,0,0,1,0,6,0,KSG-15_Durability,,I_D_1_ShotGun_KSG-15,,1,52,33,45,19,73,14,50,1,06,0,1,0,5,1
21604501,1_ShotGun_KSG-15,21604501,2,1,0,0,0,0,0,0,0,0,0,0,1,0,0,0,0,0,0,0,0,0,6,0,0,0,0,0,0,0,KSG-15_Permanent_NoItem,,I_D_1_ShotGun_KSG-15,,1,52,33,45,19,73,14,50,1,06,0,1,0,5,1
21604502,1_ShotGun_KSG-15,21604501,2,1,0,0,0,28350,20000,0,0,1,0,1,1,0,0,0,0,0,0,0,0,0,6,0,0,0,0,0,0,0,KSG-15_Permanent,1,I_D_1_ShotGun_KSG-15,,1,52,33,45,19,73,14,50,1,06,0,1,0,5,1
21401001,1_SMG_MP7,21401001,2,1,0,0,0,0,0,0,0,0,0,0,0,0,0,0,0,0,0,0,0,0,4,0,0,0,1,0,0,0,HK MP7_Period_NoItem,,I_D_1_SMG_MP7,,1,24,34,56,77,76,40,160,1,02,0,1,0,2,1
21401002,1_SMG_MP7,21401001,2,1,0,0,0,1000,500,0,0,0,0,0,0,0,0,0,0,0,0,0,0,0,4,0,86400,0,1,0,0,0,HK MP7_Period_24,,I_D_1_SMG_MP7,,1,24,34,56,77,76,40,160,1,02,0,1,0,2,1
21401003,1_SMG_MP7,21401001,2,1,0,0,0,5700,3200,0,0,0,0,0,0,0,0,0,0,0,0,0,0,0,4,0,604800,0,1,0,0,0,HK MP7_Period_168,,I_D_1_SMG_MP7,,1,24,34,56,77,76,40,160,1,02,0,1,0,2,1
21401004,1_SMG_MP7,21401001,2,1,0,0,0,19000,10600,0,0,0,0,0,0,0,0,0,0,0,0,0,0,0,4,0,2592000,0,1,0,0,0,HK MP7_Period_720,,I_D_1_SMG_MP7,,1,24,34,56,77,76,40,160,1,02,0,1,0,2,1
21201001,1_SMG_MP7,21201001,2,1,0,0,0,0,0,0,0,0,0,0,0,0,0,0,0,0,0,0,0,0,2,172800,0,0,1,0,8,0,HK MP7_Durability_NoItem,,I_D_1_SMG_MP7,,1,24,34,56,77,76,40,160,1,02,0,1,0,2,1
21201002,1_SMG_MP7,21201001,2,1,0,0,0,28800,16000,0,0,0,0,0,0,0,0,0,0,0,0,0,0,0,2,172800,0,0,1,0,8,0,HK MP7_Durability,,I_D_1_SMG_MP7,,1,24,34,56,77,76,40,160,1,02,0,1,0,2,1
21601001,1_SMG_MP7,21601001,2,1,0,0,0,0,0,0,0,0,0,0,0,0,0,0,0,0,0,0,0,0,6,0,0,0,0,0,0,0,HK MP7_Permanent_NoItem,,I_D_1_SMG_MP7,,1,24,34,56,77,76,40,160,1,02,0,1,0,2,1
21601002,1_SMG_MP7,21601001,2,1,0,0,0,21600,16000,0,0,1,0,1,0,0,0,0,0,0,0,0,0,0,6,0,0,0,0,0,0,0,HK MP7_Permanent,1,I_D_1_SMG_MP7,,1,24,34,56,77,76,40,160,1,02,0,1,0,2,1
21401901,1_SMG_KAC-PDW,21401901,2,1,0,0,0,0,0,0,0,0,0,0,0,0,0,0,0,0,0,0,0,0,4,0,0,0,1,0,0,0,KAC-PDW_Period_NoItem,,I_D_1_SMG_KAC-PDW,,1,28,36,64,68,86,30,120,1,03,0,1,0,2,1
21401902,1_SMG_KAC-PDW,21401901,2,1,0,0,0,1400,800,0,0,0,0,0,0,0,0,0,0,0,0,0,0,0,4,0,86400,0,1,0,0,0,KAC-PDW_Period_24,,I_D_1_SMG_KAC-PDW,,1,28,36,64,68,86,30,120,1,03,0,1,0,2,1
21401903,1_SMG_KAC-PDW,21401901,2,1,0,0,0,8600,4800,0,0,0,0,0,0,0,0,0,0,0,0,0,0,0,4,0,604800,0,1,0,0,0,KAC-PDW_Period_168,,I_D_1_SMG_KAC-PDW,,1,28,36,64,68,86,30,120,1,03,0,1,0,2,1
21401904,1_SMG_KAC-PDW,21401901,2,1,0,0,0,28500,15800,0,0,0,0,0,0,0,0,0,0,0,0,0,0,0,4,0,2592000,0,1,0,0,0,KAC-PDW_Period_720,,I_D_1_SMG_KAC-PDW,,1,28,36,64,68,86,30,120,1,03,0,1,0,2,1
21201901,1_SMG_KAC-PDW,21201901,2,1,0,0,0,0,0,0,0,0,0,0,0,0,0,0,0,0,0,0,0,0,2,172800,0,0,1,0,5,0,KAC-PDW_Durability_NoItem,,I_D_1_SMG_KAC-PDW,,1,28,36,64,68,86,30,120,1,03,0,1,0,2,1
21201902,1_SMG_KAC-PDW,21201901,2,1,0,0,0,43200,24000,0,0,0,0,0,0,0,0,0,0,0,0,0,0,0,2,172800,0,0,1,0,5,0,KAC-PDW_Durability,,I_D_1_SMG_KAC-PDW,,1,28,36,64,68,86,30,120,1,03,0,1,0,2,1
21601901,1_SMG_KAC-PDW,21601901,2,1,0,0,0,0,0,0,0,0,0,0,0,0,0,0,0,0,0,0,0,0,6,0,0,0,0,0,0,0,KAC-PDW_Permanent_NoItem,,I_D_1_SMG_KAC-PDW,,1,28,36,64,68,86,30,120,1,03,0,1,0,2,1
21601902,1_SMG_KAC-PDW,21601901,2,1,0,0,0,22950,24000,0,0,1,0,1,0,0,0,0,0,0,0,0,0,0,6,0,0,0,0,0,0,0,KAC-PDW_Permanent,1,I_D_1_SMG_KAC-PDW,,1,28,36,64,68,86,30,120,1,03,0,1,0,2,1
21407201,1_SMG_KAC-PDW_Blood,21407201,2,1,0,0,0,0,0,0,1,0,0,0,0,0,0,0,0,0,0,0,0,0,4,0,0,0,1,0,0,0,KAC-PDW Bloody_Period_NoItem,,I_D_1_SMG_KAC-PDW_Blood,,1,28,36,64,68,86,30,120,1,00,0,1,0,2,1
21407202,1_SMG_KAC-PDW_Blood,21407201,2,1,0,0,0,0,0,0,1,0,0,0,0,0,0,0,0,0,0,0,0,0,4,0,86400,0,1,0,0,0,KAC-PDW Bloody_Period_24,,I_D_1_SMG_KAC-PDW_Blood,,1,28,36,64,68,86,30,120,1,00,0,1,0,2,1
21407203,1_SMG_KAC-PDW_Blood,21407201,2,1,0,0,0,0,0,0,1,0,0,0,0,0,0,0,0,0,0,0,0,0,4,0,604800,0,1,0,0,0,KAC-PDW Bloody_Period_168,,I_D_1_SMG_KAC-PDW_Blood,,1,28,36,64,68,86,30,120,1,00,0,1,0,2,1
21407204,1_SMG_KAC-PDW_Blood,21407201,2,1,0,0,0,0,0,0,1,0,0,0,0,0,0,0,0,0,0,0,0,0,4,0,2592000,0,1,0,0,0,KAC-PDW Bloody_Period_720,,I_D_1_SMG_KAC-PDW_Blood,,1,28,36,64,68,86,30,120,1,00,0,1,0,2,1
21207201,1_SMG_KAC-PDW_Blood,21207201,2,1,0,0,0,0,0,0,1,0,0,0,0,0,0,0,0,0,0,0,0,0,2,172800,0,0,1,0,5,0,KAC-PDW Bloody_Durability_NoItem,,I_D_1_SMG_KAC-PDW_Blood,,1,28,36,64,68,86,30,120,1,00,0,1,0,2,1
21207202,1_SMG_KAC-PDW_Blood,21207201,2,1,0,0,0,0,0,0,1,0,0,0,0,0,0,0,0,0,0,0,0,0,2,172800,0,0,1,0,5,0,KAC-PDW Bloody_Durability,,I_D_1_SMG_KAC-PDW_Blood,,1,28,36,64,68,86,30,120,1,00,0,1,0,2,1
21607201,1_SMG_KAC-PDW_Blood,21607201,2,1,0,0,0,0,0,0,1,0,0,0,0,0,0,0,0,0,0,0,0,0,6,0,0,0,0,0,0,0,KAC-PDW Bloody_Permanent_NoItem,,I_D_1_SMG_KAC-PDW_Blood,,1,28,36,64,68,86,30,120,1,00,0,1,0,2,1
21607202,1_SMG_KAC-PDW_Blood,21607201,2,1,0,0,0,0,1699,0,1,1,0,1,0,0,0,0,0,0,0,0,0,0,6,0,0,0,0,1,0,0,KAC-PDW Bloody_Permanent,1,I_D_1_SMG_KAC-PDW_Blood,,1,28,36,64,68,86,30,120,1,00,0,1,0,2,1
21401801,1_SMG_KrissVector,21401801,2,1,0,0,0,0,0,0,0,0,0,0,0,0,0,0,0,0,0,0,0,0,4,0,0,0,1,0,0,0,Kriss Vecter_Period_NoItem,,I_D_1_SMG_KrissVector,,1,25,30,74,74,83,25,100,1,06,0,1,0,2,1
21401802,1_SMG_KrissVector,21401801,2,1,0,0,0,1400,800,0,0,0,0,0,0,0,0,0,0,0,0,0,0,0,4,0,86400,0,1,0,0,0,Kriss Vecter_Period_24,,I_D_1_SMG_KrissVector,,1,25,30,74,74,83,25,100,1,06,0,1,0,2,1
21401803,1_SMG_KrissVector,21401801,2,1,0,0,0,8600,4800,0,0,0,0,0,0,0,0,0,0,0,0,0,0,0,4,0,604800,0,1,0,0,0,Kriss Vecter_Period_168,,I_D_1_SMG_KrissVector,,1,25,30,74,74,83,25,100,1,06,0,1,0,2,1
21401804,1_SMG_KrissVector,21401801,2,1,0,0,0,28500,15800,0,0,0,0,0,0,0,0,0,0,0,0,0,0,0,4,0,2592000,0,1,0,0,0,Kriss Vecter_Period_720,,I_D_1_SMG_KrissVector,,1,25,30,74,74,83,25,100,1,06,0,1,0,2,1
21201801,1_SMG_KrissVector,21201801,2,1,0,0,0,0,0,0,0,0,0,0,0,0,0,0,0,0,0,0,0,0,2,172800,0,0,1,0,5,0,Kriss Vecter_Durability_NoItem,,I_D_1_SMG_KrissVector,,1,25,30,74,74,83,25,100,1,06,0,1,0,2,1
21201802,1_SMG_KrissVector,21201801,2,1,0,0,0,43200,24000,0,0,0,0,0,0,0,0,0,0,0,0,0,0,0,2,172800,0,0,1,0,5,0,Kriss Vecter_Durability,,I_D_1_SMG_KrissVector,,1,25,30,74,74,83,25,100,1,06,0,1,0,2,1
21601801,1_SMG_KrissVector,21601801,2,1,0,0,0,0,0,0,0,0,0,0,0,0,0,0,0,0,0,0,0,0,6,0,0,0,0,0,0,0,Kriss Vecter_Permanent_NoItem,,I_D_1_SMG_KrissVector,,1,25,30,74,74,83,25,100,1,06,0,1,0,2,1
21601802,1_SMG_KrissVector,21601801,2,1,0,0,0,27000,24000,0,0,1,0,1,0,0,0,0,0,0,0,0,0,0,6,0,0,0,0,0,0,0,Kriss Vecter_Permanent,1,I_D_1_SMG_KrissVector,,1,25,30,74,74,83,25,100,1,06,0,1,0,2,1
21402101,1_SMG_FD99_H,21402101,2,1,0,0,0,0,0,0,0,0,0,0,0,0,0,0,0,0,0,0,0,0,4,0,0,0,1,0,0,0,FD99(H)_Period_NoItem,,I_D_1_SMG_FD99_H,,1,28,32,64,73,76,50,200,1,00,0,1,0,2,1
21402102,1_SMG_FD99_H,21402101,2,1,0,0,0,1400,800,0,0,0,0,0,0,0,0,0,0,0,0,0,0,0,4,0,86400,0,1,0,0,0,FD99(H)_Period_24,,I_D_1_SMG_FD99_H,,1,28,32,64,73,76,50,200,1,00,0,1,0,2,1
21402103,1_SMG_FD99_H,21402101,2,1,0,0,0,8600,4800,0,0,0,0,0,0,0,0,0,0,0,0,0,0,0,4,0,604800,0,1,0,0,0,FD99(H)_Period_168,,I_D_1_SMG_FD99_H,,1,28,32,64,73,76,50,200,1,00,0,1,0,2,1
21402104,1_SMG_FD99_H,21402101,2,1,0,0,0,28500,15800,0,0,0,0,0,0,0,0,0,0,0,0,0,0,0,4,0,2592000,0,1,0,0,0,FD99(H)_Period_720,,I_D_1_SMG_FD99_H,,1,28,32,64,73,76,50,200,1,00,0,1,0,2,1
21202101,1_SMG_FD99_H,21202101,2,1,0,0,0,0,0,0,0,0,0,0,0,0,0,0,0,0,0,0,0,0,2,172800,0,0,1,0,5,0,FD99(H)_Durability_NoItem,,I_D_1_SMG_FD99_H,,1,28,32,64,73,76,50,200,1,00,0,1,0,2,1
21202102,1_SMG_FD99_H,21202101,2,1,0,0,0,43200,24000,0,0,0,0,0,0,0,0,0,0,0,0,0,0,0,2,172800,0,0,1,0,5,0,FD99(H)_Durability,,I_D_1_SMG_FD99_H,,1,28,32,64,73,76,50,200,1,00,0,1,0,2,1
21602101,1_SMG_FD99_H,21602101,2,1,0,0,0,0,0,0,0,0,0,0,0,0,0,0,0,0,0,0,0,0,6,0,0,0,0,0,0,0,FD99(H)_Permanent_NoItem,,I_D_1_SMG_FD99_H,,1,28,32,64,73,76,50,200,1,00,0,1,0,2,1
21602102,1_SMG_FD99_H,21602101,2,1,0,0,0,35100,24000,0,0,0,0,0,0,0,0,0,0,0,0,0,0,0,6,0,0,0,0,0,0,0,FD99(H)_Permanent,,I_D_1_SMG_FD99_H,,1,28,32,64,73,76,50,200,1,00,0,1,0,2,1
21403601,1_SMG_FD99_M,21403601,2,1,0,0,0,0,0,0,0,0,0,0,0,0,0,0,0,0,0,0,0,0,4,0,0,0,1,0,0,0,FD99(M)_Period_NoItem,,I_D_1_SMG_FD99_M,,1,25,30,64,73,69,50,200,1,00,0,1,0,2,1
21403602,1_SMG_FD99_M,21403601,2,1,0,0,0,1400,800,0,0,0,0,0,0,0,0,0,0,0,0,0,0,0,4,0,86400,0,1,0,0,0,FD99(M)_Period_24,,I_D_1_SMG_FD99_M,,1,25,30,64,73,69,50,200,1,00,0,1,0,2,1
21403603,1_SMG_FD99_M,21403601,2,1,0,0,0,8600,4800,0,0,0,0,0,0,0,0,0,0,0,0,0,0,0,4,0,604800,0,1,0,0,0,FD99(M)_Period_168,,I_D_1_SMG_FD99_M,,1,25,30,64,73,69,50,200,1,00,0,1,0,2,1
21403604,1_SMG_FD99_M,21403601,2,1,0,0,0,28500,15800,0,0,0,0,0,0,0,0,0,0,0,0,0,0,0,4,0,2592000,0,1,0,0,0,FD99(M)_Period_720,,I_D_1_SMG_FD99_M,,1,25,30,64,73,69,50,200,1,00,0,1,0,2,1
21203601,1_SMG_FD99_M,21203601,2,1,0,0,0,0,0,0,0,0,0,0,0,0,0,0,0,0,0,0,0,0,2,172800,0,0,1,0,5,0,FD99(M)_Durability_NoItem,,I_D_1_SMG_FD99_M,,1,25,30,64,73,69,50,200,1,00,0,1,0,2,1
21203602,1_SMG_FD99_M,21203601,2,1,0,0,0,43200,24000,0,0,0,0,0,0,0,0,0,0,0,0,0,0,0,2,172800,0,0,1,0,5,0,FD99(M)_Durability,,I_D_1_SMG_FD99_M,,1,25,30,64,73,69,50,200,1,00,0,1,0,2,1
21603601,1_SMG_FD99_M,21603601,2,1,0,0,0,0,0,0,0,0,0,0,0,0,0,0,0,0,0,0,0,0,6,0,0,0,0,0,0,0,FD99(M)_Permanent_NoItem,,I_D_1_SMG_FD99_M,,1,25,30,64,73,69,50,200,1,00,0,1,0,2,1
21603602,1_SMG_FD99_M,21603601,2,1,0,0,0,35100,24000,0,0,0,0,0,0,0,0,0,0,0,0,0,0,0,6,0,0,0,0,0,0,0,FD99(M)_Permanent,,I_D_1_SMG_FD99_M,,1,25,30,64,73,69,50,200,1,00,0,1,0,2,1
21403701,1_SMG_FD99_L,21403701,2,1,0,0,0,0,0,0,0,0,0,0,0,0,0,0,0,0,0,0,0,0,4,0,0,0,1,0,0,0,FD99(L)_Period_NoItem,,I_D_1_SMG_FD99_L,,1,28,32,59,69,72,50,200,1,00,0,1,0,2,1
21403702,1_SMG_FD99_L,21403701,2,1,0,0,0,1400,800,0,0,0,0,0,0,0,0,0,0,0,0,0,0,0,4,0,86400,0,1,0,0,0,FD99(L)_Period_24,,I_D_1_SMG_FD99_L,,1,28,32,59,69,72,50,200,1,00,0,1,0,2,1
21403703,1_SMG_FD99_L,21403701,2,1,0,0,0,8600,4800,0,0,0,0,0,0,0,0,0,0,0,0,0,0,0,4,0,604800,0,1,0,0,0,FD99(L)_Period_168,,I_D_1_SMG_FD99_L,,1,28,32,59,69,72,50,200,1,00,0,1,0,2,1
21403704,1_SMG_FD99_L,21403701,2,1,0,0,0,28500,15800,0,0,0,0,0,0,0,0,0,0,0,0,0,0,0,4,0,2592000,0,1,0,0,0,FD99(L)_Period_720,,I_D_1_SMG_FD99_L,,1,28,32,59,69,72,50,200,1,00,0,1,0,2,1
21203701,1_SMG_FD99_L,21203701,2,1,0,0,0,0,0,0,0,0,0,0,0,0,0,0,0,0,0,0,0,0,2,172800,0,0,1,0,5,0,FD99(L)_Durability_NoItem,,I_D_1_SMG_FD99_L,,1,28,32,59,69,72,50,200,1,00,0,1,0,2,1
21203702,1_SMG_FD99_L,21203701,2,1,0,0,0,43200,24000,0,0,0,0,0,0,0,0,0,0,0,0,0,0,0,2,172800,0,0,1,0,5,0,FD99(L)_Durability,,I_D_1_SMG_FD99_L,,1,28,32,59,69,72,50,200,1,00,0,1,0,2,1
21603701,1_SMG_FD99_L,21603701,2,1,0,0,0,0,0,0,0,0,0,0,0,0,0,0,0,0,0,0,0,0,6,0,0,0,0,0,0,0,FD99(L)_Permanent_NoItem,,I_D_1_SMG_FD99_L,,1,28,32,59,69,72,50,200,1,00,0,1,0,2,1
21603702,1_SMG_FD99_L,21603701,2,1,0,0,0,35100,24000,0,0,0,0,0,0,0,0,0,0,0,0,0,0,0,6,0,0,0,0,0,0,0,FD99(L)_Permanent,,I_D_1_SMG_FD99_L,,1,28,32,59,69,72,50,200,1,00,0,1,0,2,1
21405201,1_SMG_FD99_Skeleton,21405201,2,1,0,0,0,0,0,0,0,0,0,0,0,0,0,0,0,0,0,0,0,0,4,0,0,0,1,0,0,0,FD99 Skull_Period_NoItem,,I_D_1_SMG_FD99_Skeleton,,1,28,32,64,73,76,50,200,1,00,0,1,0,2,1
21405202,1_SMG_FD99_Skeleton,21405201,2,1,0,0,0,1400,800,0,0,0,0,0,0,0,0,0,0,0,0,0,0,0,4,0,86400,0,1,0,0,0,FD99 Skull_Period_24,,I_D_1_SMG_FD99_Skeleton,,1,28,32,64,73,76,50,200,1,00,0,1,0,2,1
21405203,1_SMG_FD99_Skeleton,21405201,2,1,0,0,0,8600,4800,0,0,0,0,0,0,0,0,0,0,0,0,0,0,0,4,0,604800,0,1,0,0,0,FD99 Skull_Period_168,,I_D_1_SMG_FD99_Skeleton,,1,28,32,64,73,76,50,200,1,00,0,1,0,2,1
21405204,1_SMG_FD99_Skeleton,21405201,2,1,0,0,0,28500,15800,0,0,0,0,0,0,0,0,0,0,0,0,0,0,0,4,0,2592000,0,1,0,0,0,FD99 Skull_Period_720,,I_D_1_SMG_FD99_Skeleton,,1,28,32,64,73,76,50,200,1,00,0,1,0,2,1
21205201,1_SMG_FD99_Skeleton,21205201,2,1,0,0,0,0,0,0,0,0,0,0,0,0,0,0,0,0,0,0,0,0,2,172800,0,0,1,0,5,0,FD99 Skull_Durability_NoItem,,I_D_1_SMG_FD99_Skeleton,,1,28,32,64,73,76,50,200,1,00,0,1,0,2,1
21205202,1_SMG_FD99_Skeleton,21205201,2,1,0,0,0,43200,24000,0,0,0,0,0,0,0,0,0,0,0,0,0,0,0,2,172800,0,0,1,0,5,0,FD99 Skull_Durability,,I_D_1_SMG_FD99_Skeleton,,1,28,32,64,73,76,50,200,1,00,0,1,0,2,1
21605201,1_SMG_FD99_Skeleton,21605201,2,1,0,0,0,0,0,0,0,0,0,0,0,0,0,0,0,0,0,0,0,0,6,0,0,0,0,0,0,0,FD99 Skull_Permanent_NoItem,,I_D_1_SMG_FD99_Skeleton,,1,28,32,64,73,76,50,200,1,00,0,1,0,2,1
21605202,1_SMG_FD99_Skeleton,21605201,2,1,0,0,0,36450,24000,0,0,0,0,0,0,0,0,0,0,0,0,0,0,0,6,0,0,0,0,0,0,0,FD99 Skull_Permanent,1,I_D_1_SMG_FD99_Skeleton,,1,28,32,64,73,76,50,200,1,00,0,1,0,2,1
21401301,1_MG_M249,21401301,2,1,0,0,0,0,0,0,0,0,0,0,0,0,0,0,0,0,0,0,0,0,4,0,0,0,1,0,0,0,M249 SAW_Period_NoItem,,I_D_1_MG_M249,,1,33,33,25,60,30,100,200,1,06,0,1,0,3,1
21401302,1_MG_M249,21401301,2,1,0,0,0,1000,500,0,0,0,0,0,0,0,0,0,0,0,0,0,0,0,4,0,86400,0,1,0,0,0,M249 SAW_Period_24,,I_D_1_MG_M249,,1,33,33,25,60,30,100,200,1,06,0,1,0,3,1
21401303,1_MG_M249,21401301,2,1,0,0,0,5700,3200,0,0,0,0,0,0,0,0,0,0,0,0,0,0,0,4,0,604800,0,1,0,0,0,M249 SAW_Period_168,,I_D_1_MG_M249,,1,33,33,25,60,30,100,200,1,06,0,1,0,3,1
21401304,1_MG_M249,21401301,2,1,0,0,0,19000,10600,0,0,0,0,0,0,0,0,0,0,0,0,0,0,0,4,0,2592000,0,1,0,0,0,M249 SAW_Period_720,,I_D_1_MG_M249,,1,33,33,25,60,30,100,200,1,06,0,1,0,3,1
21201301,1_MG_M249,21201301,2,1,0,0,0,0,0,0,0,0,0,0,0,0,0,0,0,0,0,0,0,0,2,172800,0,0,1,0,8,0,M249 SAW_Durability_NoItem,,I_D_1_MG_M249,,1,33,33,25,60,30,100,200,1,06,0,1,0,3,1
21201302,1_MG_M249,21201301,2,1,0,0,0,28800,16000,0,0,0,0,0,0,0,0,0,0,0,0,0,0,0,2,172800,0,0,1,0,8,0,M249 SAW_Durability,,I_D_1_MG_M249,,1,33,33,25,60,30,100,200,1,06,0,1,0,3,1
21601301,1_MG_M249,21601301,2,1,0,0,0,0,0,0,0,0,0,0,0,0,0,0,0,0,0,0,0,0,6,0,0,0,0,0,0,0,M249 SAW_Permanent_NoItem,,I_D_1_MG_M249,,1,33,33,25,60,30,100,200,1,06,0,1,0,3,1
21601302,1_MG_M249,21601301,2,1,0,0,0,31050,16000,0,0,1,0,1,0,0,0,0,0,0,0,0,0,0,6,0,0,0,0,0,0,0,M249 SAW_Permanent,1,I_D_1_MG_M249,,1,33,33,25,60,30,100,200,1,06,0,1,0,3,1
21404601,1_MG_HK_MG4,21404601,2,1,0,0,0,0,0,0,0,0,0,0,0,0,0,0,0,0,0,0,0,0,4,0,0,0,1,0,0,0,HK MG4_Period_NoItem,,I_D_1_MG_HK_MG4,,1,33,29,23,67,30,80,160,1,00,0,1,0,3,1
21404602,1_MG_HK_MG4,21404601,2,1,0,0,0,1700,900,0,0,0,0,0,0,0,0,0,0,0,0,0,0,0,4,0,86400,0,1,0,0,0,HK MG4_Period_24,,I_D_1_MG_HK_MG4,,1,33,29,23,67,30,80,160,1,00,0,1,0,3,1
21404603,1_MG_HK_MG4,21404601,2,1,0,0,0,10000,5600,0,0,0,0,0,0,0,0,0,0,0,0,0,0,0,4,0,604800,0,1,0,0,0,HK MG4_Period_168,,I_D_1_MG_HK_MG4,,1,33,29,23,67,30,80,160,1,00,0,1,0,3,1
21404604,1_MG_HK_MG4,21404601,2,1,0,0,0,33300,18500,0,0,0,0,0,0,0,0,0,0,0,0,0,0,0,4,0,2592000,0,1,0,0,0,HK MG4_Period_720,,I_D_1_MG_HK_MG4,,1,33,29,23,67,30,80,160,1,00,0,1,0,3,1
21204601,1_MG_HK_MG4,21204601,2,1,0,0,0,0,0,0,0,0,0,0,0,0,0,0,0,0,0,0,0,0,2,172800,0,0,1,0,5,0,HK MG4_Durability_NoItem,,I_D_1_MG_HK_MG4,,1,33,29,23,67,30,80,160,1,00,0,1,0,3,1
21204602,1_MG_HK_MG4,21204601,2,1,0,0,0,50400,28000,0,0,0,0,0,0,0,0,0,0,0,0,0,0,0,2,172800,0,0,1,0,5,0,HK MG4_Durability,,I_D_1_MG_HK_MG4,,1,33,29,23,67,30,80,160,1,00,0,1,0,3,1
21604601,1_MG_HK_MG4,21604601,2,1,0,0,0,0,0,0,0,0,0,0,0,0,0,0,0,0,0,0,0,0,6,0,0,0,0,0,0,0,HK MG4_Permanent_NoItem,,I_D_1_MG_HK_MG4,,1,33,29,23,67,30,80,160,1,00,0,1,0,3,1
21604602,1_MG_HK_MG4,21604601,2,1,0,0,0,50400,28000,0,0,0,0,0,0,0,0,0,0,0,0,0,0,0,6,0,0,0,0,0,0,0,HK MG4_Permanent,1,I_D_1_MG_HK_MG4,,1,33,29,23,67,30,80,160,1,00,0,1,0,3,1
21401701,1_Nail_Hammerhead_H,21401701,2,1,0,0,0,0,0,0,0,0,0,0,0,0,0,0,0,0,0,0,0,0,4,0,0,0,1,0,0,0,HV Hammerhead(H)_Period_NoItem,,I_D_1_Nail_Hammerhead_H,,1,45,78,62,39,71,25,100,1,00,0,1,0,1,1
21401702,1_Nail_Hammerhead_H,21401701,2,1,0,0,0,1400,800,0,0,0,0,0,0,0,0,0,0,0,0,0,0,0,4,0,86400,0,1,0,0,0,HV Hammerhead(H)_Period_24,,I_D_1_Nail_Hammerhead_H,,1,45,78,62,39,71,25,100,1,00,0,1,0,1,1
21401703,1_Nail_Hammerhead_H,21401701,2,1,0,0,0,8600,4800,0,0,0,0,0,0,0,0,0,0,0,0,0,0,0,4,0,604800,0,1,0,0,0,HV Hammerhead(H)_Period_168,,I_D_1_Nail_Hammerhead_H,,1,45,78,62,39,71,25,100,1,00,0,1,0,1,1
21401704,1_Nail_Hammerhead_H,21401701,2,1,0,0,0,28500,15800,0,0,0,0,0,0,0,0,0,0,0,0,0,0,0,4,0,2592000,0,1,0,0,0,HV Hammerhead(H)_Period_720,,I_D_1_Nail_Hammerhead_H,,1,45,78,62,39,71,25,100,1,00,0,1,0,1,1
21201701,1_Nail_Hammerhead_H,21201701,2,1,0,0,0,0,0,0,0,0,0,0,0,0,0,0,0,0,0,0,0,0,2,172800,0,0,1,0,5,0,HV Hammerhead(H)_Durability_NoItem,,I_D_1_Nail_Hammerhead_H,,1,45,78,62,39,71,25,100,1,00,0,1,0,1,1
21201702,1_Nail_Hammerhead_H,21201701,2,1,0,0,0,43200,24000,0,0,0,0,0,0,0,0,0,0,0,0,0,0,0,2,172800,0,0,1,0,5,0,HV Hammerhead(H)_Durability,,I_D_1_Nail_Hammerhead_H,,1,45,78,62,39,71,25,100,1,00,0,1,0,1,1
21601701,1_Nail_Hammerhead_H,21601701,2,1,0,0,0,0,0,0,0,0,0,0,0,0,0,0,0,0,0,0,0,0,6,0,0,0,0,0,0,0,HV Hammerhead(H)_Permanent_NoItem,,I_D_1_Nail_Hammerhead_H,,1,45,78,62,39,71,25,100,1,00,0,1,0,1,1
21601702,1_Nail_Hammerhead_H,21601701,2,1,0,0,0,21600,24000,0,0,0,0,0,0,0,0,0,0,0,0,0,0,0,6,0,0,0,0,0,0,0,HV Hammerhead(H)_Permanent,,I_D_1_Nail_Hammerhead_H,,1,45,78,62,39,71,25,100,1,00,0,1,0,1,1
21403001,1_Nail_Hammerhead_M,21403001,2,1,0,0,0,0,0,0,0,0,0,0,0,0,0,0,0,0,0,0,0,0,4,0,0,0,1,0,0,0,HV Hammerhead(M)_Period_NoItem,,I_D_1_Nail_Hammerhead_M,,1,40,76,62,39,64,25,100,1,00,0,1,0,1,1
21403002,1_Nail_Hammerhead_M,21403001,2,1,0,0,0,1400,800,0,0,0,0,0,0,0,0,0,0,0,0,0,0,0,4,0,86400,0,1,0,0,0,HV Hammerhead(M)_Period_24,,I_D_1_Nail_Hammerhead_M,,1,40,76,62,39,64,25,100,1,00,0,1,0,1,1
21403003,1_Nail_Hammerhead_M,21403001,2,1,0,0,0,8600,4800,0,0,0,0,0,0,0,0,0,0,0,0,0,0,0,4,0,604800,0,1,0,0,0,HV Hammerhead(M)_Period_168,,I_D_1_Nail_Hammerhead_M,,1,40,76,62,39,64,25,100,1,00,0,1,0,1,1
21403004,1_Nail_Hammerhead_M,21403001,2,1,0,0,0,28500,15800,0,0,0,0,0,0,0,0,0,0,0,0,0,0,0,4,0,2592000,0,1,0,0,0,HV Hammerhead(M)_Period_720,,I_D_1_Nail_Hammerhead_M,,1,40,76,62,39,64,25,100,1,00,0,1,0,1,1
21203001,1_Nail_Hammerhead_M,21203001,2,1,0,0,0,0,0,0,0,0,0,0,0,0,0,0,0,0,0,0,0,0,2,172800,0,0,1,0,5,0,HV Hammerhead(M)_Durability_NoItem,,I_D_1_Nail_Hammerhead_M,,1,40,76,62,39,64,25,100,1,00,0,1,0,1,1
21203002,1_Nail_Hammerhead_M,21203001,2,1,0,0,0,43200,24000,0,0,0,0,0,0,0,0,0,0,0,0,0,0,0,2,172800,0,0,1,0,5,0,HV Hammerhead(M)_Durability,,I_D_1_Nail_Hammerhead_M,,1,40,76,62,39,64,25,100,1,00,0,1,0,1,1
21603001,1_Nail_Hammerhead_M,21603001,2,1,0,0,0,0,0,0,0,0,0,0,0,0,0,0,0,0,0,0,0,0,6,0,0,0,0,0,0,0,HV Hammerhead(M)_Permanent_NoItem,,I_D_1_Nail_Hammerhead_M,,1,40,76,62,39,64,25,100,1,00,0,1,0,1,1
21603002,1_Nail_Hammerhead_M,21603001,2,1,0,0,0,21600,24000,0,0,0,0,0,0,0,0,0,0,0,0,0,0,0,6,0,0,0,0,0,0,0,HV Hammerhead(M)_Permanent,,I_D_1_Nail_Hammerhead_M,,1,40,76,62,39,64,25,100,1,00,0,1,0,1,1
21403101,1_Nail_Hammerhead_L,21403101,2,1,0,0,0,0,0,0,0,0,0,0,0,0,0,0,0,0,0,0,0,0,4,0,0,0,1,0,0,0,HV Hammerhead(L)_Period_NoItem,,I_D_1_Nail_Hammerhead_L,,1,45,78,60,34,64,25,100,1,00,0,1,0,1,1
21403102,1_Nail_Hammerhead_L,21403101,2,1,0,0,0,1400,800,0,0,0,0,0,0,0,0,0,0,0,0,0,0,0,4,0,86400,0,1,0,0,0,HV Hammerhead(L)_Period_24,,I_D_1_Nail_Hammerhead_L,,1,45,78,60,34,64,25,100,1,00,0,1,0,1,1
21403103,1_Nail_Hammerhead_L,21403101,2,1,0,0,0,8600,4800,0,0,0,0,0,0,0,0,0,0,0,0,0,0,0,4,0,604800,0,1,0,0,0,HV Hammerhead(L)_Period_168,,I_D_1_Nail_Hammerhead_L,,1,45,78,60,34,64,25,100,1,00,0,1,0,1,1
21403104,1_Nail_Hammerhead_L,21403101,2,1,0,0,0,28500,15800,0,0,0,0,0,0,0,0,0,0,0,0,0,0,0,4,0,2592000,0,1,0,0,0,HV Hammerhead(L)_Period_720,,I_D_1_Nail_Hammerhead_L,,1,45,78,60,34,64,25,100,1,00,0,1,0,1,1
21203101,1_Nail_Hammerhead_L,21203101,2,1,0,0,0,0,0,0,0,0,0,0,0,0,0,0,0,0,0,0,0,0,2,172800,0,0,1,0,5,0,HV Hammerhead(L)_Durability_NoItem,,I_D_1_Nail_Hammerhead_L,,1,45,78,60,34,64,25,100,1,00,0,1,0,1,1
21203102,1_Nail_Hammerhead_L,21203101,2,1,0,0,0,43200,24000,0,0,0,0,0,0,0,0,0,0,0,0,0,0,0,2,172800,0,0,1,0,5,0,HV Hammerhead(L)_Durability,,I_D_1_Nail_Hammerhead_L,,1,45,78,60,34,64,25,100,1,00,0,1,0,1,1
21603101,1_Nail_Hammerhead_L,21603101,2,1,0,0,0,0,0,0,0,0,0,0,0,0,0,0,0,0,0,0,0,0,6,0,0,0,0,0,0,0,HV Hammerhead(L)_Permanent_NoItem,,I_D_1_Nail_Hammerhead_L,,1,45,78,60,34,64,25,100,1,00,0,1,0,1,1
21603102,1_Nail_Hammerhead_L,21603101,2,1,0,0,0,21600,24000,0,0,0,0,0,0,0,0,0,0,0,0,0,0,0,6,0,0,0,0,0,0,0,HV Hammerhead(L)_Permanent,,I_D_1_Nail_Hammerhead_L,,1,45,78,60,34,64,25,100,1,00,0,1,0,1,1
21402401,1_Nail_Orca_H,21402401,2,1,0,0,0,0,0,0,0,0,0,0,0,0,0,0,0,0,0,0,0,0,4,0,0,0,1,0,0,0,HV Orca(H)_Period_NoItem,,I_D_1_Nail_Orca_H,,1,63,78,62,34,60,25,100,1,00,0,1,0,1,1
21402402,1_Nail_Orca_H,21402401,2,1,0,0,0,1400,800,0,0,0,0,0,0,0,0,0,0,0,0,0,0,0,4,0,86400,0,1,0,0,0,HV Orca(H)_Period_24,,I_D_1_Nail_Orca_H,,1,63,78,62,34,60,25,100,1,00,0,1,0,1,1
21402403,1_Nail_Orca_H,21402401,2,1,0,0,0,8600,4800,0,0,0,0,0,0,0,0,0,0,0,0,0,0,0,4,0,604800,0,1,0,0,0,HV Orca(H)_Period_168,,I_D_1_Nail_Orca_H,,1,63,78,62,34,60,25,100,1,00,0,1,0,1,1
21402404,1_Nail_Orca_H,21402401,2,1,0,0,0,28500,15800,0,0,0,0,0,0,0,0,0,0,0,0,0,0,0,4,0,2592000,0,1,0,0,0,HV Orca(H)_Period_720,,I_D_1_Nail_Orca_H,,1,63,78,62,34,60,25,100,1,00,0,1,0,1,1
21202401,1_Nail_Orca_H,21202401,2,1,0,0,0,0,0,0,0,0,0,0,0,0,0,0,0,0,0,0,0,0,2,172800,0,0,1,0,5,0,HV Orca(H)_Durability_NoItem,,I_D_1_Nail_Orca_H,,1,63,78,62,34,60,25,100,1,00,0,1,0,1,1
21202402,1_Nail_Orca_H,21202401,2,1,0,0,0,43200,24000,0,0,0,0,0,0,0,0,0,0,0,0,0,0,0,2,172800,0,0,1,0,5,0,HV Orca(H)_Durability,,I_D_1_Nail_Orca_H,,1,63,78,62,34,60,25,100,1,00,0,1,0,1,1
21602401,1_Nail_Orca_H,21602401,2,1,0,0,0,0,0,0,0,0,0,0,0,0,0,0,0,0,0,0,0,0,6,0,0,0,0,0,0,0,HV Orca(H)_Permanent_NoItem,,I_D_1_Nail_Orca_H,,1,63,78,62,34,60,25,100,1,00,0,1,0,1,1
21602402,1_Nail_Orca_H,21602401,2,1,0,0,0,22950,24000,0,0,0,0,0,0,0,0,0,0,0,0,0,0,0,6,0,0,0,0,0,0,0,HV Orca(H)_Permanent,,I_D_1_Nail_Orca_H,,1,63,78,62,34,60,25,100,1,00,0,1,0,1,1
21404201,1_Nail_Orca_M,21404201,2,1,0,0,0,0,0,0,0,0,0,0,0,0,0,0,0,0,0,0,0,0,4,0,0,0,1,0,0,0,HV Orca(M)_Period_NoItem,,I_D_1_Nail_Orca_M,,1,58,76,62,34,53,25,100,1,00,0,1,0,1,1
21404202,1_Nail_Orca_M,21404201,2,1,0,0,0,1400,800,0,0,0,0,0,0,0,0,0,0,0,0,0,0,0,4,0,86400,0,1,0,0,0,HV Orca(M)_Period_24,,I_D_1_Nail_Orca_M,,1,58,76,62,34,53,25,100,1,00,0,1,0,1,1
21404203,1_Nail_Orca_M,21404201,2,1,0,0,0,8600,4800,0,0,0,0,0,0,0,0,0,0,0,0,0,0,0,4,0,604800,0,1,0,0,0,HV Orca(M)_Period_168,,I_D_1_Nail_Orca_M,,1,58,76,62,34,53,25,100,1,00,0,1,0,1,1
21404204,1_Nail_Orca_M,21404201,2,1,0,0,0,28500,15800,0,0,0,0,0,0,0,0,0,0,0,0,0,0,0,4,0,2592000,0,1,0,0,0,HV Orca(M)_Period_720,,I_D_1_Nail_Orca_M,,1,58,76,62,34,53,25,100,1,00,0,1,0,1,1
21204201,1_Nail_Orca_M,21204201,2,1,0,0,0,0,0,0,0,0,0,0,0,0,0,0,0,0,0,0,0,0,2,172800,0,0,1,0,5,0,HV Orca(M)_Durability_NoItem,,I_D_1_Nail_Orca_M,,1,58,76,62,34,53,25,100,1,00,0,1,0,1,1
21204202,1_Nail_Orca_M,21204201,2,1,0,0,0,43200,24000,0,0,0,0,0,0,0,0,0,0,0,0,0,0,0,2,172800,0,0,1,0,5,0,HV Orca(M)_Durability,,I_D_1_Nail_Orca_M,,1,58,76,62,34,53,25,100,1,00,0,1,0,1,1
21604201,1_Nail_Orca_M,21604201,2,1,0,0,0,0,0,0,0,0,0,0,0,0,0,0,0,0,0,0,0,0,6,0,0,0,0,0,0,0,HV Orca(M)_Permanent_NoItem,,I_D_1_Nail_Orca_M,,1,58,76,62,34,53,25,100,1,00,0,1,0,1,1
21604202,1_Nail_Orca_M,21604201,2,1,0,0,0,22950,24000,0,0,0,0,0,0,0,0,0,0,0,0,0,0,0,6,0,0,0,0,0,0,0,HV Orca(M)_Permanent,,I_D_1_Nail_Orca_M,,1,58,76,62,34,53,25,100,1,00,0,1,0,1,1
21404301,1_Nail_Orca_L,21404301,2,1,0,0,0,0,0,0,0,0,0,0,0,0,0,0,0,0,0,0,0,0,4,0,0,0,1,0,0,0,HV Orca(L)_Period_NoItem,,I_D_1_Nail_Orca_L,,1,63,78,60,29,53,25,100,1,00,0,1,0,1,1
21404302,1_Nail_Orca_L,21404301,2,1,0,0,0,1400,800,0,0,0,0,0,0,0,0,0,0,0,0,0,0,0,4,0,86400,0,1,0,0,0,HV Orca(L)_Period_24,,I_D_1_Nail_Orca_L,,1,63,78,60,29,53,25,100,1,00,0,1,0,1,1
21404303,1_Nail_Orca_L,21404301,2,1,0,0,0,8600,4800,0,0,0,0,0,0,0,0,0,0,0,0,0,0,0,4,0,604800,0,1,0,0,0,HV Orca(L)_Period_168,,I_D_1_Nail_Orca_L,,1,63,78,60,29,53,25,100,1,00,0,1,0,1,1
21404304,1_Nail_Orca_L,21404301,2,1,0,0,0,28500,15800,0,0,0,0,0,0,0,0,0,0,0,0,0,0,0,4,0,2592000,0,1,0,0,0,HV Orca(L)_Period_720,,I_D_1_Nail_Orca_L,,1,63,78,60,29,53,25,100,1,00,0,1,0,1,1
21204301,1_Nail_Orca_L,21204301,2,1,0,0,0,0,0,0,0,0,0,0,0,0,0,0,0,0,0,0,0,0,2,172800,0,0,1,0,5,0,HV Orca(L)_Durability_NoItem,,I_D_1_Nail_Orca_L,,1,63,78,60,29,53,25,100,1,00,0,1,0,1,1
21204302,1_Nail_Orca_L,21204301,2,1,0,0,0,43200,24000,0,0,0,0,0,0,0,0,0,0,0,0,0,0,0,2,172800,0,0,1,0,5,0,HV Orca(L)_Durability,,I_D_1_Nail_Orca_L,,1,63,78,60,29,53,25,100,1,00,0,1,0,1,1
21604301,1_Nail_Orca_L,21604301,2,1,0,0,0,0,0,0,0,0,0,0,0,0,0,0,0,0,0,0,0,0,6,0,0,0,0,0,0,0,HV Orca(L)_Permanent_NoItem,,I_D_1_Nail_Orca_L,,1,63,78,60,29,53,25,100,1,00,0,1,0,1,1
21604302,1_Nail_Orca_L,21604301,2,1,0,0,0,22950,24000,0,0,0,0,0,0,0,0,0,0,0,0,0,0,0,6,0,0,0,0,0,0,0,HV Orca(L)_Permanent,,I_D_1_Nail_Orca_L,,1,63,78,60,29,53,25,100,1,00,0,1,0,1,1
21402501,1_Nail_Impact_Hammer_H,21402501,2,1,0,0,0,0,0,0,0,0,0,0,0,0,0,0,0,0,0,0,0,0,4,0,0,0,1,0,0,0,Impact Hammer(H)_Period_NoItem,,I_D_1_Nail_Impact_Hammer_H,,1,57,58,62,18,73,8,32,1,00,0,1,0,5,1
21402502,1_Nail_Impact_Hammer_H,21402501,2,1,0,0,0,1400,800,0,0,0,0,0,0,0,0,0,0,0,0,0,0,0,4,0,86400,0,1,0,0,0,Impact Hammer(H)_Period_24,,I_D_1_Nail_Impact_Hammer_H,,1,57,58,62,18,73,8,32,1,00,0,1,0,5,1
21402503,1_Nail_Impact_Hammer_H,21402501,2,1,0,0,0,8600,4800,0,0,0,0,0,0,0,0,0,0,0,0,0,0,0,4,0,604800,0,1,0,0,0,Impact Hammer(H)_Period_168,,I_D_1_Nail_Impact_Hammer_H,,1,57,58,62,18,73,8,32,1,00,0,1,0,5,1
21402504,1_Nail_Impact_Hammer_H,21402501,2,1,0,0,0,28500,15800,0,0,0,0,0,0,0,0,0,0,0,0,0,0,0,4,0,2592000,0,1,0,0,0,Impact Hammer(H)_Period_720,,I_D_1_Nail_Impact_Hammer_H,,1,57,58,62,18,73,8,32,1,00,0,1,0,5,1
21202501,1_Nail_Impact_Hammer_H,21202501,2,1,0,0,0,0,0,0,0,0,0,0,0,0,0,0,0,0,0,0,0,0,2,172800,0,0,1,0,5,0,Impact Hammer(H)_Durability_NoItem,,I_D_1_Nail_Impact_Hammer_H,,1,57,58,62,18,73,8,32,1,00,0,1,0,5,1
21202502,1_Nail_Impact_Hammer_H,21202501,2,1,0,0,0,43200,24000,0,0,0,0,0,0,0,0,0,0,0,0,0,0,0,2,172800,0,0,1,0,5,0,Impact Hammer(H)_Durability,,I_D_1_Nail_Impact_Hammer_H,,1,57,58,62,18,73,8,32,1,00,0,1,0,5,1
21602501,1_Nail_Impact_Hammer_H,21602501,2,1,0,0,0,0,0,0,0,0,0,0,0,0,0,0,0,0,0,0,0,0,6,0,0,0,0,0,0,0,Impact Hammer(H)_Permanent_NoItem,,I_D_1_Nail_Impact_Hammer_H,,1,57,58,62,18,73,8,32,1,00,0,1,0,5,1
21602502,1_Nail_Impact_Hammer_H,21602501,2,1,0,0,0,32400,24000,0,0,0,0,0,0,0,0,0,0,0,0,0,0,0,6,0,0,0,0,0,0,0,Impact Hammer(H)_Permanent,,I_D_1_Nail_Impact_Hammer_H,,1,57,58,62,18,73,8,32,1,00,0,1,0,5,1
21403801,1_Nail_Impact_Hammer_M,21403801,2,1,0,0,0,0,0,0,0,0,0,0,0,0,0,0,0,0,0,0,0,0,4,0,0,0,1,0,0,0,Impact Hammer(M)_Period_NoItem,,I_D_1_Nail_Impact_Hammer_M,,1,52,50,62,18,71,8,32,1,00,0,1,0,5,1
21403802,1_Nail_Impact_Hammer_M,21403801,2,1,0,0,0,1400,800,0,0,0,0,0,0,0,0,0,0,0,0,0,0,0,4,0,86400,0,1,0,0,0,Impact Hammer(M)_Period_24,,I_D_1_Nail_Impact_Hammer_M,,1,52,50,62,18,71,8,32,1,00,0,1,0,5,1
21403803,1_Nail_Impact_Hammer_M,21403801,2,1,0,0,0,8600,4800,0,0,0,0,0,0,0,0,0,0,0,0,0,0,0,4,0,604800,0,1,0,0,0,Impact Hammer(M)_Period_168,,I_D_1_Nail_Impact_Hammer_M,,1,52,50,62,18,71,8,32,1,00,0,1,0,5,1
21403804,1_Nail_Impact_Hammer_M,21403801,2,1,0,0,0,28500,15800,0,0,0,0,0,0,0,0,0,0,0,0,0,0,0,4,0,2592000,0,1,0,0,0,Impact Hammer(M)_Period_720,,I_D_1_Nail_Impact_Hammer_M,,1,52,50,62,18,71,8,32,1,00,0,1,0,5,1
21203801,1_Nail_Impact_Hammer_M,21203801,2,1,0,0,0,0,0,0,0,0,0,0,0,0,0,0,0,0,0,0,0,0,2,172800,0,0,1,0,5,0,Impact Hammer(M)_Durability_NoItem,,I_D_1_Nail_Impact_Hammer_M,,1,52,50,62,18,71,8,32,1,00,0,1,0,5,1
21203802,1_Nail_Impact_Hammer_M,21203801,2,1,0,0,0,43200,24000,0,0,0,0,0,0,0,0,0,0,0,0,0,0,0,2,172800,0,0,1,0,5,0,Impact Hammer(M)_Durability,,I_D_1_Nail_Impact_Hammer_M,,1,52,50,62,18,71,8,32,1,00,0,1,0,5,1
21603801,1_Nail_Impact_Hammer_M,21603801,2,1,0,0,0,0,0,0,0,0,0,0,0,0,0,0,0,0,0,0,0,0,6,0,0,0,0,0,0,0,Impact Hammer(M)_Permanent_NoItem,,I_D_1_Nail_Impact_Hammer_M,,1,52,50,62,18,71,8,32,1,00,0,1,0,5,1
21603802,1_Nail_Impact_Hammer_M,21603801,2,1,0,0,0,32400,24000,0,0,0,0,0,0,0,0,0,0,0,0,0,0,0,6,0,0,0,0,0,0,0,Impact Hammer(M)_Permanent,,I_D_1_Nail_Impact_Hammer_M,,1,52,50,62,18,71,8,32,1,00,0,1,0,5,1
21403901,1_Nail_Impact_Hammer_L,21403901,2,1,0,0,0,0,0,0,0,0,0,0,0,0,0,0,0,0,0,0,0,0,4,0,0,0,1,0,0,0,Impact Hammer(L)_Period_NoItem,,I_D_1_Nail_Impact_Hammer_L,,1,57,58,60,16,64,8,32,1,00,0,1,0,5,1
21403902,1_Nail_Impact_Hammer_L,21403901,2,1,0,0,0,1400,800,0,0,0,0,0,0,0,0,0,0,0,0,0,0,0,4,0,86400,0,1,0,0,0,Impact Hammer(L)_Period_24,,I_D_1_Nail_Impact_Hammer_L,,1,57,58,60,16,64,8,32,1,00,0,1,0,5,1
21403903,1_Nail_Impact_Hammer_L,21403901,2,1,0,0,0,8600,4800,0,0,0,0,0,0,0,0,0,0,0,0,0,0,0,4,0,604800,0,1,0,0,0,Impact Hammer(L)_Period_168,,I_D_1_Nail_Impact_Hammer_L,,1,57,58,60,16,64,8,32,1,00,0,1,0,5,1
21403904,1_Nail_Impact_Hammer_L,21403901,2,1,0,0,0,28500,15800,0,0,0,0,0,0,0,0,0,0,0,0,0,0,0,4,0,2592000,0,1,0,0,0,Impact Hammer(L)_Period_720,,I_D_1_Nail_Impact_Hammer_L,,1,57,58,60,16,64,8,32,1,00,0,1,0,5,1
21203901,1_Nail_Impact_Hammer_L,21203901,2,1,0,0,0,0,0,0,0,0,0,0,0,0,0,0,0,0,0,0,0,0,2,172800,0,0,1,0,5,0,Impact Hammer(L)_Durability_NoItem,,I_D_1_Nail_Impact_Hammer_L,,1,57,58,60,16,64,8,32,1,00,0,1,0,5,1
21203902,1_Nail_Impact_Hammer_L,21203901,2,1,0,0,0,43200,24000,0,0,0,0,0,0,0,0,0,0,0,0,0,0,0,2,172800,0,0,1,0,5,0,Impact Hammer(L)_Durability,,I_D_1_Nail_Impact_Hammer_L,,1,57,58,60,16,64,8,32,1,00,0,1,0,5,1
21603901,1_Nail_Impact_Hammer_L,21603901,2,1,0,0,0,0,0,0,0,0,0,0,0,0,0,0,0,0,0,0,0,0,6,0,0,0,0,0,0,0,Impact Hammer(L)_Permanent_NoItem,,I_D_1_Nail_Impact_Hammer_L,,1,57,58,60,16,64,8,32,1,00,0,1,0,5,1
21603902,1_Nail_Impact_Hammer_L,21603901,2,1,0,0,0,32400,24000,0,0,0,0,0,0,0,0,0,0,0,0,0,0,0,6,0,0,0,0,0,0,0,Impact Hammer(L)_Permanent,,I_D_1_Nail_Impact_Hammer_L,,1,57,58,60,16,64,8,32,1,00,0,1,0,5,1
21407601,N_Shotgun_Clip_H,21407601,2,1,0,0,0,0,0,0,0,0,0,0,1,0,0,0,0,0,0,0,0,0,4,0,0,0,1,0,0,0,Vollmer Ultra92(H)_Period_NoItem,,I_D_N_Shotgun_Clip_H,,1,49,48,50,20,76,8,8,1,00,0,1,0,0,1
21407602,N_Shotgun_Clip_H,21407601,2,1,0,0,0,0,0,0,0,0,0,0,1,0,0,0,0,0,0,0,0,0,4,0,86400,0,1,0,0,0,Vollmer Ultra92(H)_Period_24,,I_D_N_Shotgun_Clip_H,,1,49,48,50,20,76,8,8,1,00,0,1,0,0,1
21407603,N_Shotgun_Clip_H,21407601,2,1,0,0,0,0,0,0,0,0,0,0,1,0,0,0,0,0,0,0,0,0,4,0,604800,0,1,0,0,0,Vollmer Ultra92(H)_Period_168,,I_D_N_Shotgun_Clip_H,,1,49,48,50,20,76,8,8,1,00,0,1,0,0,1
21407604,N_Shotgun_Clip_H,21407601,2,1,0,0,0,0,0,0,0,0,0,0,1,0,0,0,0,0,0,0,0,0,4,0,2592000,0,1,0,0,0,Vollmer Ultra92(H)_Period_720,,I_D_N_Shotgun_Clip_H,,1,49,48,50,20,76,8,8,1,00,0,1,0,0,1
21207601,N_Shotgun_Clip_H,21207601,2,1,0,0,0,0,0,0,0,0,0,0,1,0,0,0,0,0,0,0,0,0,2,172800,0,0,1,0,5,0,Vollmer Ultra92(H)_Durability_NoItem,,I_D_N_Shotgun_Clip_H,,1,49,48,50,20,76,8,8,1,00,0,1,0,0,1
21207602,N_Shotgun_Clip_H,21207601,2,1,0,0,0,0,0,0,0,0,0,0,1,0,0,0,0,0,0,0,0,0,2,172800,0,0,1,0,5,0,Vollmer Ultra92(H)_Durability,,I_D_N_Shotgun_Clip_H,,1,49,48,50,20,76,8,8,1,00,0,1,0,0,1
21607601,N_Shotgun_Clip_H,21607601,2,1,0,0,0,0,0,0,0,0,0,0,1,0,0,0,0,0,0,0,0,0,6,0,0,0,0,0,0,0,Vollmer Ultra92(H)_Permanent_NoItem,,I_D_N_Shotgun_Clip_H,,1,49,48,50,20,76,8,8,1,00,0,1,0,0,1
21607602,N_Shotgun_Clip_H,21607601,2,1,0,0,0,0,0,0,0,0,0,0,1,0,0,0,0,0,0,0,0,0,6,0,0,0,0,0,0,0,Vollmer Ultra92(H)_Permanent,,I_D_N_Shotgun_Clip_H,,1,49,48,50,20,76,8,8,1,00,0,1,0,0,1
21407701,N_Shotgun_Clip_M,21407701,2,1,0,0,0,0,0,0,0,0,0,0,0,0,0,0,0,0,0,0,0,0,4,0,0,0,1,0,0,0,Vollmer Ultra92(M)_Period_NoItem,,I_D_N_Shotgun_Clip_M,,1,47,44,50,20,73,8,8,1,00,0,1,0,0,1
21407702,N_Shotgun_Clip_M,21407701,2,1,0,0,0,0,0,0,0,0,0,0,0,0,0,0,0,0,0,0,0,0,4,0,86400,0,1,0,0,0,Vollmer Ultra92(M)_Period_24,,I_D_N_Shotgun_Clip_M,,1,47,44,50,20,73,8,8,1,00,0,1,0,0,1
21407703,N_Shotgun_Clip_M,21407701,2,1,0,0,0,0,0,0,0,0,0,0,0,0,0,0,0,0,0,0,0,0,4,0,604800,0,1,0,0,0,Vollmer Ultra92(M)_Period_168,,I_D_N_Shotgun_Clip_M,,1,47,44,50,20,73,8,8,1,00,0,1,0,0,1
21407704,N_Shotgun_Clip_M,21407701,2,1,0,0,0,0,0,0,0,0,0,0,0,0,0,0,0,0,0,0,0,0,4,0,2592000,0,1,0,0,0,Vollmer Ultra92(M)_Period_720,,I_D_N_Shotgun_Clip_M,,1,47,44,50,20,73,8,8,1,00,0,1,0,0,1
21207701,N_Shotgun_Clip_M,21207701,2,1,0,0,0,0,0,0,0,0,0,0,0,0,0,0,0,0,0,0,0,0,2,172800,0,0,1,0,5,0,Vollmer Ultra92(M)_Durability_NoItem,,I_D_N_Shotgun_Clip_M,,1,47,44,50,20,73,8,8,1,00,0,1,0,0,1
21207702,N_Shotgun_Clip_M,21207701,2,1,0,0,0,0,0,0,0,0,0,0,0,0,0,0,0,0,0,0,0,0,2,172800,0,0,1,0,5,0,Vollmer Ultra92(M)_Durability,,I_D_N_Shotgun_Clip_M,,1,47,44,50,20,73,8,8,1,00,0,1,0,0,1
21607701,N_Shotgun_Clip_M,21607701,2,1,0,0,0,0,0,0,0,0,0,0,0,0,0,0,0,0,0,0,0,0,6,0,0,0,0,0,0,0,Vollmer Ultra92(M)_Permanent_NoItem,,I_D_N_Shotgun_Clip_M,,1,47,44,50,20,73,8,8,1,00,0,1,0,0,1
21607702,N_Shotgun_Clip_M,21607701,2,1,0,0,0,0,0,0,0,0,0,0,0,0,0,0,0,0,0,0,0,0,6,0,0,0,0,0,0,0,Vollmer Ultra92(M)_Permanent,,I_D_N_Shotgun_Clip_M,,1,47,44,50,20,73,8,8,1,00,0,1,0,0,1
21407801,N_Shotgun_Clip_L,21407801,2,1,0,0,0,0,0,0,0,0,0,0,0,0,0,0,0,0,0,0,0,0,4,0,0,0,1,0,0,0,Vollmer Ultra92(L)_Period_NoItem,,I_D_N_Shotgun_Clip_L,,1,49,48,50,18,73,8,8,1,00,0,1,0,0,1
21407802,N_Shotgun_Clip_L,21407801,2,1,0,0,0,0,0,0,0,0,0,0,0,0,0,0,0,0,0,0,0,0,4,0,86400,0,1,0,0,0,Vollmer Ultra92(L)_Period_24,,I_D_N_Shotgun_Clip_L,,1,49,48,50,18,73,8,8,1,00,0,1,0,0,1
21407803,N_Shotgun_Clip_L,21407801,2,1,0,0,0,0,0,0,0,0,0,0,0,0,0,0,0,0,0,0,0,0,4,0,604800,0,1,0,0,0,Vollmer Ultra92(L)_Period_168,,I_D_N_Shotgun_Clip_L,,1,49,48,50,18,73,8,8,1,00,0,1,0,0,1
21407804,N_Shotgun_Clip_L,21407801,2,1,0,0,0,0,0,0,0,0,0,0,0,0,0,0,0,0,0,0,0,0,4,0,2592000,0,1,0,0,0,Vollmer Ultra92(L)_Period_720,,I_D_N_Shotgun_Clip_L,,1,49,48,50,18,73,8,8,1,00,0,1,0,0,1
21207801,N_Shotgun_Clip_L,21207801,2,1,0,0,0,0,0,0,0,0,0,0,0,0,0,0,0,0,0,0,0,0,2,172800,0,0,1,0,5,0,Vollmer Ultra92(L)_Durability_NoItem,,I_D_N_Shotgun_Clip_L,,1,49,48,50,18,73,8,8,1,00,0,1,0,0,1
21207802,N_Shotgun_Clip_L,21207801,2,1,0,0,0,0,0,0,0,0,0,0,0,0,0,0,0,0,0,0,0,0,2,172800,0,0,1,0,5,0,Vollmer Ultra92(L)_Durability,,I_D_N_Shotgun_Clip_L,,1,49,48,50,18,73,8,8,1,00,0,1,0,0,1
21607801,N_Shotgun_Clip_L,21607801,2,1,0,0,0,0,0,0,0,0,0,0,0,0,0,0,0,0,0,0,0,0,6,0,0,0,0,0,0,0,Vollmer Ultra92(L)_Permanent_NoItem,,I_D_N_Shotgun_Clip_L,,1,49,48,50,18,73,8,8,1,00,0,1,0,0,1
21607802,N_Shotgun_Clip_L,21607801,2,1,0,0,0,0,0,0,0,0,0,0,0,0,0,0,0,0,0,0,0,0,6,0,0,0,0,0,0,0,Vollmer Ultra92(L)_Permanent,,I_D_N_Shotgun_Clip_L,,1,49,48,50,18,73,8,8,1,00,0,1,0,0,1
21405301,1_AR_AK47_Brown,21405301,2,1,0,0,0,0,0,0,1,0,0,0,0,0,0,0,0,0,0,0,0,0,4,0,0,0,1,0,0,0,AK47 Desert Storm_Period_NoItem,,I_D_1_AR_AK47_Brown,,1,43,44,25,55,50,30,90,1,00,0,1,0,1,1
21405302,1_AR_AK47_Brown,21405301,2,1,0,0,0,1200,700,0,1,0,0,0,0,0,0,0,0,0,0,0,0,0,4,0,86400,0,1,0,0,0,AK47 Desert Storm_Period_24,,I_D_1_AR_AK47_Brown,,1,43,44,25,55,50,30,90,1,00,0,1,0,1,1
21405303,1_AR_AK47_Brown,21405301,2,1,0,0,0,7100,4000,0,1,0,0,0,0,0,0,0,0,0,0,0,0,0,4,0,604800,0,1,0,0,0,AK47 Desert Storm_Period_168,,I_D_1_AR_AK47_Brown,,1,43,44,25,55,50,30,90,1,00,0,1,0,1,1
21405304,1_AR_AK47_Brown,21405301,2,1,0,0,0,23800,13200,0,1,0,0,0,0,0,0,0,0,0,0,0,0,0,4,0,2592000,0,1,0,0,0,AK47 Desert Storm_Period_720,,I_D_1_AR_AK47_Brown,,1,43,44,25,55,50,30,90,1,00,0,1,0,1,1
21205301,1_AR_AK47_Brown,21205301,2,1,0,0,0,0,0,0,1,0,0,0,0,0,0,0,0,0,0,0,0,0,2,172800,0,0,1,0,6,0,AK47 Desert Storm_Durability_NoItem,,I_D_1_AR_AK47_Brown,,1,43,44,25,55,50,30,90,1,00,0,1,0,1,1
21205302,1_AR_AK47_Brown,21205301,2,1,0,0,0,36000,20000,0,1,0,0,0,0,0,0,0,0,0,0,0,0,0,2,172800,0,0,1,0,6,0,AK47 Desert Storm_Durability,,I_D_1_AR_AK47_Brown,,1,43,44,25,55,50,30,90,1,00,0,1,0,1,1
21605301,1_AR_AK47_Brown,21605301,2,1,0,0,0,0,0,0,1,0,0,0,0,0,0,0,0,0,0,0,0,0,6,0,0,0,0,0,0,0,AK47 Desert Storm_Permanent_NoItem,,I_D_1_AR_AK47_Brown,,1,43,44,25,55,50,30,90,1,00,0,1,0,1,1
21605302,1_AR_AK47_Brown,21605301,2,1,0,0,0,36000,1499,0,1,0,0,0,0,0,0,0,0,0,0,0,0,0,6,0,0,0,0,0,0,0,AK47 Desert Storm_Permanent,1,I_D_1_AR_AK47_Brown,,1,43,44,25,55,50,30,90,1,00,0,1,0,1,1
21405401,1_AR_AK47_Tiger,21405401,2,1,0,0,0,0,0,0,1,0,0,0,0,0,0,0,0,0,0,0,0,0,4,0,0,0,1,0,0,0,AK47 Amazon_Period_NoItem,,I_D_1_AR_AK47_Tiger,,1,43,44,25,55,50,30,90,1,00,0,1,0,1,1
21405402,1_AR_AK47_Tiger,21405401,2,1,0,0,0,1200,700,0,1,0,0,0,0,0,0,0,0,0,0,0,0,0,4,0,86400,0,1,0,0,0,AK47 Amazon_Period_24,,I_D_1_AR_AK47_Tiger,,1,43,44,25,55,50,30,90,1,00,0,1,0,1,1
21405403,1_AR_AK47_Tiger,21405401,2,1,0,0,0,7100,4000,0,1,0,0,0,0,0,0,0,0,0,0,0,0,0,4,0,604800,0,1,0,0,0,AK47 Amazon_Period_168,,I_D_1_AR_AK47_Tiger,,1,43,44,25,55,50,30,90,1,00,0,1,0,1,1
21405404,1_AR_AK47_Tiger,21405401,2,1,0,0,0,23800,13200,0,1,0,0,0,0,0,0,0,0,0,0,0,0,0,4,0,2592000,0,1,0,0,0,AK47 Amazon_Period_720,,I_D_1_AR_AK47_Tiger,,1,43,44,25,55,50,30,90,1,00,0,1,0,1,1
21205401,1_AR_AK47_Tiger,21205401,2,1,0,0,0,0,0,0,1,0,0,0,0,0,0,0,0,0,0,0,0,0,2,172800,0,0,1,0,6,0,AK47 Amazon_Durability_NoItem,,I_D_1_AR_AK47_Tiger,,1,43,44,25,55,50,30,90,1,00,0,1,0,1,1
21205402,1_AR_AK47_Tiger,21205401,2,1,0,0,0,36000,20000,0,1,0,0,0,0,0,0,0,0,0,0,0,0,0,2,172800,0,0,1,0,6,0,AK47 Amazon_Durability,,I_D_1_AR_AK47_Tiger,,1,43,44,25,55,50,30,90,1,00,0,1,0,1,1
21605401,1_AR_AK47_Tiger,21605401,2,1,0,0,0,0,0,0,1,0,0,0,0,0,0,0,0,0,0,0,0,0,6,0,0,0,0,0,0,0,AK47 Amazon_Permanent_NoItem,,I_D_1_AR_AK47_Tiger,,1,43,44,25,55,50,30,90,1,00,0,1,0,1,1
21605402,1_AR_AK47_Tiger,21605401,2,1,0,0,0,36000,1499,0,1,1,0,1,0,0,0,0,0,0,0,0,0,0,6,0,0,0,0,1,0,0,AK47 Amazon_Permanent,1,I_D_1_AR_AK47_Tiger,,1,43,44,25,55,50,30,90,1,00,0,1,0,1,1
21407501,1_AR_AK47_Xmas,21407501,2,1,0,0,0,0,0,0,0,0,0,0,0,0,0,0,0,0,0,0,0,0,4,0,0,0,1,0,0,0,AK47 X-mas_Period_NoItem,,I_D_1_AR_AK47_Xmas,,1,43,44,25,55,50,0,0,1,00,0,1,0,1,1
21407502,1_AR_AK47_Xmas,21407501,2,1,0,0,0,0,0,0,0,0,0,0,0,0,0,0,0,0,0,0,0,0,4,0,86400,0,1,0,0,0,AK47 X-mas_Period_24,,I_D_1_AR_AK47_Xmas,,1,43,44,25,55,50,0,0,1,00,0,1,0,1,1
21407503,1_AR_AK47_Xmas,21407501,2,1,0,0,0,0,0,0,0,0,0,0,0,0,0,0,0,0,0,0,0,0,4,0,604800,0,1,0,0,0,AK47 X-mas_Period_168,,I_D_1_AR_AK47_Xmas,,1,43,44,25,55,50,0,0,1,00,0,1,0,1,1
21407504,1_AR_AK47_Xmas,21407501,2,1,0,0,0,0,0,0,0,0,0,0,0,0,0,0,0,0,0,0,0,0,4,0,2592000,0,1,0,0,0,AK47 X-mas_Period_720,,I_D_1_AR_AK47_Xmas,,1,43,44,25,55,50,0,0,1,00,0,1,0,1,1
21207501,1_AR_AK47_Xmas,21207501,2,1,0,0,0,0,0,0,0,0,0,0,0,0,0,0,0,0,0,0,0,0,2,172800,0,0,1,0,6,0,AK47 X-mas_Durability_NoItem,,I_D_1_AR_AK47_Xmas,,1,43,44,25,55,50,0,0,1,00,0,1,0,1,1
21207502,1_AR_AK47_Xmas,21207501,2,1,0,0,0,0,0,0,0,0,0,0,0,0,0,0,0,0,0,0,0,0,2,172800,0,0,1,0,6,0,AK47 X-mas_Durability,,I_D_1_AR_AK47_Xmas,,1,43,44,25,55,50,0,0,1,00,0,1,0,1,1
21607501,1_AR_AK47_Xmas,21607501,2,1,0,0,0,0,0,0,0,0,0,0,0,0,0,0,0,0,0,0,0,0,6,0,0,0,0,0,0,0,AK47 X-mas_Permanent_NoItem,,I_D_1_AR_AK47_Xmas,,1,43,44,25,55,50,0,0,1,00,0,1,0,1,1
21607502,1_AR_AK47_Xmas,21607501,2,1,0,0,0,0,0,0,0,0,0,0,0,0,0,0,0,0,0,0,0,0,6,0,0,0,0,0,0,0,AK47 X-mas_Permanent,1,I_D_1_AR_AK47_Xmas,,1,43,44,25,55,50,0,0,1,00,0,1,0,1,1
21405501,1_AR_M4_Dust,21405501,2,1,0,0,0,0,0,0,1,0,0,0,0,0,0,0,0,0,0,0,0,0,4,0,0,0,1,0,0,0,M4A1 Desert Storm_Period_NoItem,,I_D_1_AR_M4_Dust,,1,33,50,39,59,54,30,120,1,00,0,1,0,1,1
21405502,1_AR_M4_Dust,21405501,2,1,0,0,0,1000,500,0,1,0,0,0,0,0,0,0,0,0,0,0,0,0,4,0,86400,0,1,0,0,0,M4A1 Desert Storm_Period_24,,I_D_1_AR_M4_Dust,,1,33,50,39,59,54,30,120,1,00,0,1,0,1,1
21405503,1_AR_M4_Dust,21405501,2,1,0,0,0,5700,3200,0,1,0,0,0,0,0,0,0,0,0,0,0,0,0,4,0,604800,0,1,0,0,0,M4A1 Desert Storm_Period_168,,I_D_1_AR_M4_Dust,,1,33,50,39,59,54,30,120,1,00,0,1,0,1,1
21405504,1_AR_M4_Dust,21405501,2,1,0,0,0,19000,10600,0,1,0,0,0,0,0,0,0,0,0,0,0,0,0,4,0,2592000,0,1,0,0,0,M4A1 Desert Storm_Period_720,,I_D_1_AR_M4_Dust,,1,33,50,39,59,54,30,120,1,00,0,1,0,1,1
21205501,1_AR_M4_Dust,21205501,2,1,0,0,0,0,0,0,1,0,0,0,0,0,0,0,0,0,0,0,0,0,2,172800,0,0,1,0,8,0,M4A1 Desert Storm_Durability_NoItem,,I_D_1_AR_M4_Dust,,1,33,50,39,59,54,30,120,1,00,0,1,0,1,1
21205502,1_AR_M4_Dust,21205501,2,1,0,0,0,28800,16000,0,1,0,0,0,0,0,0,0,0,0,0,0,0,0,2,172800,0,0,1,0,8,0,M4A1 Desert Storm_Durability,,I_D_1_AR_M4_Dust,,1,33,50,39,59,54,30,120,1,00,0,1,0,1,1
21605501,1_AR_M4_Dust,21605501,2,1,0,0,0,0,0,0,1,0,0,0,0,0,0,0,0,0,0,0,0,0,6,0,0,0,0,0,0,0,M4A1 Desert Storm_Permanent_NoItem,,I_D_1_AR_M4_Dust,,1,33,50,39,59,54,30,120,1,00,0,1,0,1,1
21605502,1_AR_M4_Dust,21605501,2,1,0,0,0,28800,1499,0,1,0,0,0,0,0,0,0,0,0,0,0,0,0,6,0,0,0,0,0,0,0,M4A1 Desert Storm_Permanent,1,I_D_1_AR_M4_Dust,,1,33,50,39,59,54,30,120,1,00,0,1,0,1,1
21405601,1_AR_M4_Tiger,21405601,2,1,0,0,0,0,0,0,1,0,0,0,0,0,0,1,0,0,0,0,0,0,4,0,0,0,1,0,0,0,M4A1 Amazon_Period_NoItem,,I_D_1_AR_M4_Tiger,,1,33,50,39,59,54,30,120,1,00,0,1,0,1,1
21405602,1_AR_M4_Tiger,21405601,2,1,0,0,0,1000,500,0,1,0,0,0,0,0,0,1,0,0,0,0,0,0,4,0,86400,0,1,0,0,0,M4A1 Amazon_Period_24,,I_D_1_AR_M4_Tiger,,1,33,50,39,59,54,30,120,1,00,0,1,0,1,1
21405603,1_AR_M4_Tiger,21405601,2,1,0,0,0,5700,3200,0,1,0,0,0,0,0,0,1,0,0,0,0,0,0,4,0,604800,0,1,0,0,0,M4A1 Amazon_Period_168,,I_D_1_AR_M4_Tiger,,1,33,50,39,59,54,30,120,1,00,0,1,0,1,1
21405604,1_AR_M4_Tiger,21405601,2,1,0,0,0,19000,10600,0,1,0,0,0,0,0,0,1,0,0,0,0,0,0,4,0,2592000,0,1,0,0,0,M4A1 Amazon_Period_720,,I_D_1_AR_M4_Tiger,,1,33,50,39,59,54,30,120,1,00,0,1,0,1,1
21205601,1_AR_M4_Tiger,21205601,2,1,0,0,0,0,0,0,1,0,0,0,0,0,0,1,0,0,0,0,0,0,2,172800,0,0,1,0,8,0,M4A1 Amazon_Durability_NoItem,,I_D_1_AR_M4_Tiger,,1,33,50,39,59,54,30,120,1,00,0,1,0,1,1
21205602,1_AR_M4_Tiger,21205601,2,1,0,0,0,28800,16000,0,1,0,0,0,0,0,0,1,0,0,0,0,0,0,2,172800,0,0,1,0,8,0,M4A1 Amazon_Durability,,I_D_1_AR_M4_Tiger,,1,33,50,39,59,54,30,120,1,00,0,1,0,1,1
21605601,1_AR_M4_Tiger,21605601,2,1,0,0,0,0,0,0,1,0,0,0,0,0,0,1,0,0,0,0,0,0,6,0,0,0,0,0,0,0,M4A1 Amazon_Permanent_NoItem,,I_D_1_AR_M4_Tiger,,1,33,50,39,59,54,30,120,1,00,0,1,0,1,1
21605602,1_AR_M4_Tiger,21605601,2,1,0,0,0,28800,1499,0,1,1,0,1,0,0,0,1,0,0,0,0,0,0,6,0,0,0,0,1,0,0,M4A1 Amazon_Permanent,1,I_D_1_AR_M4_Tiger,,1,33,50,39,59,54,30,120,1,00,0,1,0,1,1
21407401,1_AR_M4_Fullset,21407401,2,1,0,0,0,0,0,0,0,0,0,0,0,0,0,0,0,0,0,0,0,0,4,0,0,0,1,0,0,0,M4A1 Fullset_Period_NoItem,,I_D_1_AR_M4_Fullset,,1,33,51,39,60,54,30,120,1,00,0,1,0,1,1
21407402,1_AR_M4_Fullset,21407401,2,1,0,0,0,0,0,0,0,0,0,0,0,0,0,0,0,0,0,0,0,0,4,0,86400,0,1,0,0,0,M4A1 Fullset_Period_24,,I_D_1_AR_M4_Fullset,,1,33,51,39,60,54,30,120,1,00,0,1,0,1,1
21407403,1_AR_M4_Fullset,21407401,2,1,0,0,0,0,0,0,0,0,0,0,0,0,0,0,0,0,0,0,0,0,4,0,604800,0,1,0,0,0,M4A1 Fullset_Period_168,,I_D_1_AR_M4_Fullset,,1,33,51,39,60,54,30,120,1,00,0,1,0,1,1
21407404,1_AR_M4_Fullset,21407401,2,1,0,0,0,0,0,0,0,0,0,0,0,0,0,0,0,0,0,0,0,0,4,0,2592000,0,1,0,0,0,M4A1 Fullset_Period_720,,I_D_1_AR_M4_Fullset,,1,33,51,39,60,54,30,120,1,00,0,1,0,1,1
21207401,1_AR_M4_Fullset,21207401,2,1,0,0,0,0,0,0,0,0,0,0,0,0,0,0,0,0,0,0,0,0,2,172800,0,0,1,0,5,0,M4A1 Fullset_Durability_NoItem,,I_D_1_AR_M4_Fullset,,1,33,51,39,60,54,30,120,1,00,0,1,0,1,1
21207402,1_AR_M4_Fullset,21207401,2,1,0,0,0,0,0,0,0,0,0,0,0,0,0,0,0,0,0,0,0,0,2,172800,0,0,1,0,5,0,M4A1 Fullset_Durability,,I_D_1_AR_M4_Fullset,,1,33,51,39,60,54,30,120,1,00,0,1,0,1,1
21607401,1_AR_M4_Fullset,21607401,2,1,0,0,0,0,0,0,0,0,0,0,0,0,0,0,0,0,0,0,0,0,6,0,0,0,0,0,0,0,M4A1 Fullset_Permanent_NoItem,,I_D_1_AR_M4_Fullset,,1,33,51,39,60,54,30,120,1,00,0,1,0,1,1
21607402,1_AR_M4_Fullset,21607401,2,1,0,0,0,0,0,0,0,0,0,0,0,0,0,0,0,0,0,0,0,0,6,0,0,0,0,0,0,0,M4A1 Fullset_Permanent,1,I_D_1_AR_M4_Fullset,,1,33,51,39,60,54,30,120,1,00,0,1,0,1,1
21405701,1_ShotGun_M1014_DPM,21405701,2,1,0,0,0,0,0,0,1,0,0,0,0,0,0,0,0,0,0,0,0,0,4,0,0,0,1,0,0,0,M1014 Tundra_Period_NoItem,,I_D_1_ShotGun_M1014_DPM,,1,55,27,49,16,68,6,30,1,00,0,1,0,0,1
21405702,1_ShotGun_M1014_DPM,21405701,2,1,0,0,0,1200,700,0,1,0,0,0,0,0,0,0,0,0,0,0,0,0,4,0,86400,0,1,0,0,0,M1014 Tundra_Period_24,,I_D_1_ShotGun_M1014_DPM,,1,55,27,49,16,68,6,30,1,00,0,1,0,0,1
21405703,1_ShotGun_M1014_DPM,21405701,2,1,0,0,0,7100,4000,0,1,0,0,0,0,0,0,0,0,0,0,0,0,0,4,0,604800,0,1,0,0,0,M1014 Tundra_Period_168,,I_D_1_ShotGun_M1014_DPM,,1,55,27,49,16,68,6,30,1,00,0,1,0,0,1
21405704,1_ShotGun_M1014_DPM,21405701,2,1,0,0,0,23800,13200,0,1,0,0,0,0,0,0,0,0,0,0,0,0,0,4,0,2592000,0,1,0,0,0,M1014 Tundra_Period_720,,I_D_1_ShotGun_M1014_DPM,,1,55,27,49,16,68,6,30,1,00,0,1,0,0,1
21205701,1_ShotGun_M1014_DPM,21205701,2,1,0,0,0,0,0,0,1,0,0,0,0,0,0,0,0,0,0,0,0,0,2,172800,0,0,1,0,6,0,M1014 Tundra_Durability_NoItem,,I_D_1_ShotGun_M1014_DPM,,1,55,27,49,16,68,6,30,1,00,0,1,0,0,1
21205702,1_ShotGun_M1014_DPM,21205701,2,1,0,0,0,36000,20000,0,1,0,0,0,0,0,0,0,0,0,0,0,0,0,2,172800,0,0,1,0,6,0,M1014 Tundra_Durability,,I_D_1_ShotGun_M1014_DPM,,1,55,27,49,16,68,6,30,1,00,0,1,0,0,1
21605701,1_ShotGun_M1014_DPM,21605701,2,1,0,0,0,0,0,0,1,0,0,0,0,0,0,0,0,0,0,0,0,0,6,0,0,0,0,0,0,0,M1014 Tundra_Permanent_NoItem,,I_D_1_ShotGun_M1014_DPM,,1,55,27,49,16,68,6,30,1,00,0,1,0,0,1
21605702,1_ShotGun_M1014_DPM,21605701,2,1,0,0,0,36000,999,0,1,0,0,0,0,0,0,0,0,0,0,0,0,0,6,0,0,0,0,0,0,0,M1014 Tundra_Permanent,1,I_D_1_ShotGun_M1014_DPM,,1,55,27,49,16,68,6,30,1,00,0,1,0,0,1
21405801,1_ShotGun_M1014_Tiger,21405801,2,1,0,0,0,0,0,0,1,0,0,0,0,0,0,0,0,0,0,0,0,0,4,0,0,0,1,0,0,0,M1014 Amazon_Period_NoItem,,I_D_1_ShotGun_M1014_Tiger,,1,55,27,49,16,68,6,30,1,00,0,1,0,0,1
21405802,1_ShotGun_M1014_Tiger,21405801,2,1,0,0,0,1200,700,0,1,0,0,0,0,0,0,0,0,0,0,0,0,0,4,0,86400,0,1,0,0,0,M1014 Amazon_Period_24,,I_D_1_ShotGun_M1014_Tiger,,1,55,27,49,16,68,6,30,1,00,0,1,0,0,1
21405803,1_ShotGun_M1014_Tiger,21405801,2,1,0,0,0,7100,4000,0,1,0,0,0,0,0,0,0,0,0,0,0,0,0,4,0,604800,0,1,0,0,0,M1014 Amazon_Period_168,,I_D_1_ShotGun_M1014_Tiger,,1,55,27,49,16,68,6,30,1,00,0,1,0,0,1
21405804,1_ShotGun_M1014_Tiger,21405801,2,1,0,0,0,23800,13200,0,1,0,0,0,0,0,0,0,0,0,0,0,0,0,4,0,2592000,0,1,0,0,0,M1014 Amazon_Period_720,,I_D_1_ShotGun_M1014_Tiger,,1,55,27,49,16,68,6,30,1,00,0,1,0,0,1
21205801,1_ShotGun_M1014_Tiger,21205801,2,1,0,0,0,0,0,0,1,0,0,0,0,0,0,0,0,0,0,0,0,0,2,172800,0,0,1,0,6,0,M1014 Amazon_Durability_NoItem,,I_D_1_ShotGun_M1014_Tiger,,1,55,27,49,16,68,6,30,1,00,0,1,0,0,1
21205802,1_ShotGun_M1014_Tiger,21205801,2,1,0,0,0,36000,20000,0,1,0,0,0,0,0,0,0,0,0,0,0,0,0,2,172800,0,0,1,0,6,0,M1014 Amazon_Durability,,I_D_1_ShotGun_M1014_Tiger,,1,55,27,49,16,68,6,30,1,00,0,1,0,0,1
21605801,1_ShotGun_M1014_Tiger,21605801,2,1,0,0,0,0,0,0,1,0,0,0,0,0,0,0,0,0,0,0,0,0,6,0,0,0,0,0,0,0,M1014 Amazon_Permanent_NoItem,,I_D_1_ShotGun_M1014_Tiger,,1,55,27,49,16,68,6,30,1,00,0,1,0,0,1
21605802,1_ShotGun_M1014_Tiger,21605801,2,1,0,0,0,36000,999,0,1,1,0,1,0,0,0,0,0,0,0,0,0,0,6,0,0,0,0,1,0,0,M1014 Amazon_Permanent,1,I_D_1_ShotGun_M1014_Tiger,,1,55,27,49,16,68,6,30,1,00,0,1,0,0,1
21405901,1_ShotGun_M870_DPM,21405901,2,1,0,0,0,0,0,0,1,0,0,0,0,0,0,0,0,0,0,0,0,0,4,0,0,0,1,0,0,0,Remington M870 Tundra_Period_NoItem,,I_D_1_ShotGun_M870_DPM,,1,56,35,45,11,77,6,32,1,00,0,1,0,0,1
21405902,1_ShotGun_M870_DPM,21405901,2,1,0,0,0,1000,500,0,1,0,0,0,0,0,0,0,0,0,0,0,0,0,4,0,86400,0,1,0,0,0,Remington M870 Tundra_Period_24,,I_D_1_ShotGun_M870_DPM,,1,56,35,45,11,77,6,32,1,00,0,1,0,0,1
21405903,1_ShotGun_M870_DPM,21405901,2,1,0,0,0,5700,3200,0,1,0,0,0,0,0,0,0,0,0,0,0,0,0,4,0,604800,0,1,0,0,0,Remington M870 Tundra_Period_168,,I_D_1_ShotGun_M870_DPM,,1,56,35,45,11,77,6,32,1,00,0,1,0,0,1
21405904,1_ShotGun_M870_DPM,21405901,2,1,0,0,0,19000,10600,0,1,0,0,0,0,0,0,0,0,0,0,0,0,0,4,0,2592000,0,1,0,0,0,Remington M870 Tundra_Period_720,,I_D_1_ShotGun_M870_DPM,,1,56,35,45,11,77,6,32,1,00,0,1,0,0,1
21205901,1_ShotGun_M870_DPM,21205901,2,1,0,0,0,0,0,0,1,0,0,0,0,0,0,0,0,0,0,0,0,0,2,172800,0,0,1,0,8,0,Remington M870 Tundra_Durability_NoItem,,I_D_1_ShotGun_M870_DPM,,1,56,35,45,11,77,6,32,1,00,0,1,0,0,1
21205902,1_ShotGun_M870_DPM,21205901,2,1,0,0,0,28800,16000,0,1,0,0,0,0,0,0,0,0,0,0,0,0,0,2,172800,0,0,1,0,8,0,Remington M870 Tundra_Durability,,I_D_1_ShotGun_M870_DPM,,1,56,35,45,11,77,6,32,1,00,0,1,0,0,1
21605901,1_ShotGun_M870_DPM,21605901,2,1,0,0,0,0,0,0,1,0,0,0,0,0,0,0,0,0,0,0,0,0,6,0,0,0,0,0,0,0,Remington M870 Tundra_Permanent_NoItem,,I_D_1_ShotGun_M870_DPM,,1,56,35,45,11,77,6,32,1,00,0,1,0,0,1
21605902,1_ShotGun_M870_DPM,21605901,2,1,0,0,0,28800,849,0,1,0,0,0,0,0,0,0,0,0,0,0,0,0,6,0,0,0,0,0,0,0,Remington M870 Tundra_Permanent,1,I_D_1_ShotGun_M870_DPM,,1,56,35,45,11,77,6,32,1,00,0,1,0,0,1
21406001,1_ShotGun_M870_Tiger,21406001,2,1,0,0,0,0,0,0,1,0,0,0,0,0,0,0,0,0,0,0,0,0,4,0,0,0,1,0,0,0,Remington M870 Amazon_Period_NoItem,,I_D_1_ShotGun_M870_Tiger,,1,56,35,45,11,77,6,32,1,00,0,1,0,0,1
21406002,1_ShotGun_M870_Tiger,21406001,2,1,0,0,0,1000,500,0,1,0,0,0,0,0,0,0,0,0,0,0,0,0,4,0,86400,0,1,0,0,0,Remington M870 Amazon_Period_24,,I_D_1_ShotGun_M870_Tiger,,1,56,35,45,11,77,6,32,1,00,0,1,0,0,1
21406003,1_ShotGun_M870_Tiger,21406001,2,1,0,0,0,5700,3200,0,1,0,0,0,0,0,0,0,0,0,0,0,0,0,4,0,604800,0,1,0,0,0,Remington M870 Amazon_Period_168,,I_D_1_ShotGun_M870_Tiger,,1,56,35,45,11,77,6,32,1,00,0,1,0,0,1
21406004,1_ShotGun_M870_Tiger,21406001,2,1,0,0,0,19000,10600,0,1,0,0,0,0,0,0,0,0,0,0,0,0,0,4,0,2592000,0,1,0,0,0,Remington M870 Amazon_Period_720,,I_D_1_ShotGun_M870_Tiger,,1,56,35,45,11,77,6,32,1,00,0,1,0,0,1
21206001,1_ShotGun_M870_Tiger,21206001,2,1,0,0,0,0,0,0,1,0,0,0,0,0,0,0,0,0,0,0,0,0,2,172800,0,0,1,0,8,0,Remington M870 Amazon_Durability_NoItem,,I_D_1_ShotGun_M870_Tiger,,1,56,35,45,11,77,6,32,1,00,0,1,0,0,1
21206002,1_ShotGun_M870_Tiger,21206001,2,1,0,0,0,28800,16000,0,1,0,0,0,0,0,0,0,0,0,0,0,0,0,2,172800,0,0,1,0,8,0,Remington M870 Amazon_Durability,,I_D_1_ShotGun_M870_Tiger,,1,56,35,45,11,77,6,32,1,00,0,1,0,0,1
21606001,1_ShotGun_M870_Tiger,21606001,2,1,0,0,0,0,0,0,1,0,0,0,0,0,0,0,0,0,0,0,0,0,6,0,0,0,0,0,0,0,Remington M870 Amazon_Permanent_NoItem,,I_D_1_ShotGun_M870_Tiger,,1,56,35,45,11,77,6,32,1,00,0,1,0,0,1
21606002,1_ShotGun_M870_Tiger,21606001,2,1,0,0,0,28800,849,0,1,1,0,1,0,0,0,0,0,0,0,0,0,0,6,0,0,0,0,1,0,0,Remington M870 Amazon_Permanent,1,I_D_1_ShotGun_M870_Tiger,,1,56,35,45,11,77,6,32,1,00,0,1,0,0,1
21406101,1_SMG_KrissVector_DPM,21406101,2,1,0,0,0,0,0,0,1,0,0,0,0,0,0,0,0,0,0,0,0,0,4,0,0,0,1,0,0,0,Kriss Vecter Tundra_Period_NoItem,,I_D_1_SMG_KrissVector_DPM,,1,25,30,74,74,83,25,100,1,00,0,1,0,2,1
21406102,1_SMG_KrissVector_DPM,21406101,2,1,0,0,0,1400,800,0,1,0,0,0,0,0,0,0,0,0,0,0,0,0,4,0,86400,0,1,0,0,0,Kriss Vecter Tundra_Period_24,,I_D_1_SMG_KrissVector_DPM,,1,25,30,74,74,83,25,100,1,00,0,1,0,2,1
21406103,1_SMG_KrissVector_DPM,21406101,2,1,0,0,0,8600,4800,0,1,0,0,0,0,0,0,0,0,0,0,0,0,0,4,0,604800,0,1,0,0,0,Kriss Vecter Tundra_Period_168,,I_D_1_SMG_KrissVector_DPM,,1,25,30,74,74,83,25,100,1,00,0,1,0,2,1
21406104,1_SMG_KrissVector_DPM,21406101,2,1,0,0,0,28500,15800,0,1,0,0,0,0,0,0,0,0,0,0,0,0,0,4,0,2592000,0,1,0,0,0,Kriss Vecter Tundra_Period_720,,I_D_1_SMG_KrissVector_DPM,,1,25,30,74,74,83,25,100,1,00,0,1,0,2,1
21206101,1_SMG_KrissVector_DPM,21206101,2,1,0,0,0,0,0,0,1,0,0,0,0,0,0,0,0,0,0,0,0,0,2,172800,0,0,1,0,5,0,Kriss Vecter Tundra_Durability_NoItem,,I_D_1_SMG_KrissVector_DPM,,1,25,30,74,74,83,25,100,1,00,0,1,0,2,1
21206102,1_SMG_KrissVector_DPM,21206101,2,1,0,0,0,43200,24000,0,1,0,0,0,0,0,0,0,0,0,0,0,0,0,2,172800,0,0,1,0,5,0,Kriss Vecter Tundra_Durability,,I_D_1_SMG_KrissVector_DPM,,1,25,30,74,74,83,25,100,1,00,0,1,0,2,1
21606101,1_SMG_KrissVector_DPM,21606101,2,1,0,0,0,0,0,0,1,0,0,0,0,0,0,0,0,0,0,0,0,0,6,0,0,0,0,0,0,0,Kriss Vecter Tundra_Permanent_NoItem,,I_D_1_SMG_KrissVector_DPM,,1,25,30,74,74,83,25,100,1,00,0,1,0,2,1
21606102,1_SMG_KrissVector_DPM,21606101,2,1,0,0,0,43200,1499,0,1,1,0,1,0,0,0,0,0,0,0,0,0,0,6,0,0,0,0,1,0,0,Kriss Vecter Tundra_Permanent,1,I_D_1_SMG_KrissVector_DPM,,1,25,30,74,74,83,25,100,1,00,0,1,0,2,1
21406201,1_SMG_KrissVector_Tiger,21406201,2,1,0,0,0,0,0,0,1,0,0,0,0,0,0,0,0,0,0,0,0,0,4,0,0,0,1,0,0,0,Kriss Vecter Amazon_Period_NoItem,,I_D_1_SMG_KrissVector_Tiger,,1,25,30,74,74,83,25,100,1,00,0,1,0,2,1
21406202,1_SMG_KrissVector_Tiger,21406201,2,1,0,0,0,1400,800,0,1,0,0,0,0,0,0,0,0,0,0,0,0,0,4,0,86400,0,1,0,0,0,Kriss Vecter Amazon_Period_24,,I_D_1_SMG_KrissVector_Tiger,,1,25,30,74,74,83,25,100,1,00,0,1,0,2,1
21406203,1_SMG_KrissVector_Tiger,21406201,2,1,0,0,0,8600,4800,0,1,0,0,0,0,0,0,0,0,0,0,0,0,0,4,0,604800,0,1,0,0,0,Kriss Vecter Amazon_Period_168,,I_D_1_SMG_KrissVector_Tiger,,1,25,30,74,74,83,25,100,1,00,0,1,0,2,1
21406204,1_SMG_KrissVector_Tiger,21406201,2,1,0,0,0,28500,15800,0,1,0,0,0,0,0,0,0,0,0,0,0,0,0,4,0,2592000,0,1,0,0,0,Kriss Vecter Amazon_Period_720,,I_D_1_SMG_KrissVector_Tiger,,1,25,30,74,74,83,25,100,1,00,0,1,0,2,1
21206201,1_SMG_KrissVector_Tiger,21206201,2,1,0,0,0,0,0,0,1,0,0,0,0,0,0,0,0,0,0,0,0,0,2,172800,0,0,1,0,5,0,Kriss Vecter Amazon_Durability_NoItem,,I_D_1_SMG_KrissVector_Tiger,,1,25,30,74,74,83,25,100,1,00,0,1,0,2,1
21206202,1_SMG_KrissVector_Tiger,21206201,2,1,0,0,0,43200,24000,0,1,0,0,0,0,0,0,0,0,0,0,0,0,0,2,172800,0,0,1,0,5,0,Kriss Vecter Amazon_Durability,,I_D_1_SMG_KrissVector_Tiger,,1,25,30,74,74,83,25,100,1,00,0,1,0,2,1
21606201,1_SMG_KrissVector_Tiger,21606201,2,1,0,0,0,0,0,0,1,0,0,0,0,0,0,0,0,0,0,0,0,0,6,0,0,0,0,0,0,0,Kriss Vecter Amazon_Permanent_NoItem,,I_D_1_SMG_KrissVector_Tiger,,1,25,30,74,74,83,25,100,1,00,0,1,0,2,1
21606202,1_SMG_KrissVector_Tiger,21606201,2,1,0,0,0,43200,1499,0,1,0,0,0,0,0,0,0,0,0,0,0,0,0,6,0,0,0,0,0,0,0,Kriss Vecter Amazon_Permanent,1,I_D_1_SMG_KrissVector_Tiger,,1,25,30,74,74,83,25,100,1,00,0,1,0,2,1
21406301,1_SMG_MP7_DPM,21406301,2,1,0,0,0,0,0,0,1,0,0,0,0,0,0,0,0,0,0,0,0,0,4,0,0,0,1,0,0,0,HK MP7 Tundra_Period_NoItem,,I_D_1_SMG_MP7_DPM,,1,24,34,56,77,76,40,160,1,00,0,1,0,0,1
21406302,1_SMG_MP7_DPM,21406301,2,1,0,0,0,1000,500,0,1,0,0,0,0,0,0,0,0,0,0,0,0,0,4,0,86400,0,1,0,0,0,HK MP7 Tundra_Period_24,,I_D_1_SMG_MP7_DPM,,1,24,34,56,77,76,40,160,1,00,0,1,0,0,1
21406303,1_SMG_MP7_DPM,21406301,2,1,0,0,0,5700,3200,0,1,0,0,0,0,0,0,0,0,0,0,0,0,0,4,0,604800,0,1,0,0,0,HK MP7 Tundra_Period_168,,I_D_1_SMG_MP7_DPM,,1,24,34,56,77,76,40,160,1,00,0,1,0,0,1
21406304,1_SMG_MP7_DPM,21406301,2,1,0,0,0,19000,10600,0,1,0,0,0,0,0,0,0,0,0,0,0,0,0,4,0,2592000,0,1,0,0,0,HK MP7 Tundra_Period_720,,I_D_1_SMG_MP7_DPM,,1,24,34,56,77,76,40,160,1,00,0,1,0,0,1
21206301,1_SMG_MP7_DPM,21206301,2,1,0,0,0,0,0,0,1,0,0,0,0,0,0,0,0,0,0,0,0,0,2,172800,0,0,1,0,8,0,HK MP7 Tundra_Durability_NoItem,,I_D_1_SMG_MP7_DPM,,1,24,34,56,77,76,40,160,1,00,0,1,0,0,1
21206302,1_SMG_MP7_DPM,21206301,2,1,0,0,0,28800,16000,0,1,0,0,0,0,0,0,0,0,0,0,0,0,0,2,172800,0,0,1,0,8,0,HK MP7 Tundra_Durability,,I_D_1_SMG_MP7_DPM,,1,24,34,56,77,76,40,160,1,00,0,1,0,0,1
21606301,1_SMG_MP7_DPM,21606301,2,1,0,0,0,0,0,0,1,0,0,0,0,0,0,0,0,0,0,0,0,0,6,0,0,0,0,0,0,0,HK MP7 Tundra_Permanent_NoItem,,I_D_1_SMG_MP7_DPM,,1,24,34,56,77,76,40,160,1,00,0,1,0,0,1
21606302,1_SMG_MP7_DPM,21606301,2,1,0,0,0,28800,1189,0,1,1,0,1,0,0,0,0,0,0,0,0,0,0,6,0,0,0,0,1,0,0,HK MP7 Tundra_Permanent,1,I_D_1_SMG_MP7_DPM,,1,24,34,56,77,76,40,160,1,00,0,1,0,0,1
21406401,1_SMG_MP7_Tiger,21406401,2,1,0,0,0,0,0,0,1,0,0,0,0,0,0,0,0,0,0,0,0,0,4,0,0,0,1,0,0,0,HK MP7 Amazon_Period_NoItem,,I_D_1_SMG_MP7_Tiger,,1,24,34,56,77,76,40,160,1,00,0,1,0,2,1
21406402,1_SMG_MP7_Tiger,21406401,2,1,0,0,0,1000,500,0,1,0,0,0,0,0,0,0,0,0,0,0,0,0,4,0,86400,0,1,0,0,0,HK MP7 Amazon_Period_24,,I_D_1_SMG_MP7_Tiger,,1,24,34,56,77,76,40,160,1,00,0,1,0,2,1
21406403,1_SMG_MP7_Tiger,21406401,2,1,0,0,0,5700,3200,0,1,0,0,0,0,0,0,0,0,0,0,0,0,0,4,0,604800,0,1,0,0,0,HK MP7 Amazon_Period_168,,I_D_1_SMG_MP7_Tiger,,1,24,34,56,77,76,40,160,1,00,0,1,0,2,1
21406404,1_SMG_MP7_Tiger,21406401,2,1,0,0,0,19000,10600,0,1,0,0,0,0,0,0,0,0,0,0,0,0,0,4,0,2592000,0,1,0,0,0,HK MP7 Amazon_Period_720,,I_D_1_SMG_MP7_Tiger,,1,24,34,56,77,76,40,160,1,00,0,1,0,2,1
21206401,1_SMG_MP7_Tiger,21206401,2,1,0,0,0,0,0,0,1,0,0,0,0,0,0,0,0,0,0,0,0,0,2,172800,0,0,1,0,8,0,HK MP7 Amazon_Durability_NoItem,,I_D_1_SMG_MP7_Tiger,,1,24,34,56,77,76,40,160,1,00,0,1,0,2,1
21206402,1_SMG_MP7_Tiger,21206401,2,1,0,0,0,28800,16000,0,1,0,0,0,0,0,0,0,0,0,0,0,0,0,2,172800,0,0,1,0,8,0,HK MP7 Amazon_Durability,,I_D_1_SMG_MP7_Tiger,,1,24,34,56,77,76,40,160,1,00,0,1,0,2,1
21606401,1_SMG_MP7_Tiger,21606401,2,1,0,0,0,0,0,0,1,0,0,0,0,0,0,0,0,0,0,0,0,0,6,0,0,0,0,0,0,0,HK MP7 Amazon_Permanent_NoItem,,I_D_1_SMG_MP7_Tiger,,1,24,34,56,77,76,40,160,1,00,0,1,0,2,1
21606402,1_SMG_MP7_Tiger,21606401,2,1,0,0,0,28800,1189,0,1,0,0,0,0,0,0,0,0,0,0,0,0,0,6,0,0,0,0,0,0,0,HK MP7 Amazon_Permanent,1,I_D_1_SMG_MP7_Tiger,,1,24,34,56,77,76,40,160,1,00,0,1,0,2,1
21406501,1_Sniper_Cheytac_DPM,21406501,2,1,0,0,0,0,0,0,1,0,0,0,0,0,0,0,0,0,0,0,0,0,4,0,0,0,1,0,0,0,Cheytac M200 Tundra_Period_NoItem,,I_D_1_Sniper_Cheytac_DPM,,1,94,92,56,8,38,5,20,1,00,0,1,0,4,1
21406502,1_Sniper_Cheytac_DPM,21406501,2,1,0,0,0,1200,700,0,1,0,0,0,0,0,0,0,0,0,0,0,0,0,4,0,86400,0,1,0,0,0,Cheytac M200 Tundra_Period_24,,I_D_1_Sniper_Cheytac_DPM,,1,94,92,56,8,38,5,20,1,00,0,1,0,4,1
21406503,1_Sniper_Cheytac_DPM,21406501,2,1,0,0,0,7100,4000,0,1,0,0,0,0,0,0,0,0,0,0,0,0,0,4,0,604800,0,1,0,0,0,Cheytac M200 Tundra_Period_168,,I_D_1_Sniper_Cheytac_DPM,,1,94,92,56,8,38,5,20,1,00,0,1,0,4,1
21406504,1_Sniper_Cheytac_DPM,21406501,2,1,0,0,0,23800,13200,0,1,0,0,0,0,0,0,0,0,0,0,0,0,0,4,0,2592000,0,1,0,0,0,Cheytac M200 Tundra_Period_720,,I_D_1_Sniper_Cheytac_DPM,,1,94,92,56,8,38,5,20,1,00,0,1,0,4,1
21206501,1_Sniper_Cheytac_DPM,21206501,2,1,0,0,0,0,0,0,1,0,0,0,0,0,0,0,0,0,0,0,0,0,2,172800,0,0,1,0,6,0,Cheytac M200 Tundra_Durability_NoItem,,I_D_1_Sniper_Cheytac_DPM,,1,94,92,56,8,38,5,20,1,00,0,1,0,4,1
21206502,1_Sniper_Cheytac_DPM,21206501,2,1,0,0,0,36000,20000,0,1,0,0,0,0,0,0,0,0,0,0,0,0,0,2,172800,0,0,1,0,6,0,Cheytac M200 Tundra_Durability,,I_D_1_Sniper_Cheytac_DPM,,1,94,92,56,8,38,5,20,1,00,0,1,0,4,1
21606501,1_Sniper_Cheytac_DPM,21606501,2,1,0,0,0,0,0,0,1,0,0,0,0,0,0,0,0,0,0,0,0,0,6,0,0,0,0,0,0,0,Cheytac M200 Tundra_Permanent_NoItem,,I_D_1_Sniper_Cheytac_DPM,,1,94,92,56,8,38,5,20,1,00,0,1,0,4,1
21606502,1_Sniper_Cheytac_DPM,21606501,2,1,0,0,0,36000,1699,0,1,0,0,0,0,0,0,0,0,0,0,0,0,0,6,0,0,0,0,0,0,0,Cheytac M200 Tundra_Permanent,1,I_D_1_Sniper_Cheytac_DPM,,1,94,92,56,8,38,5,20,1,00,0,1,0,4,1
21406601,1_Sniper_Cheytac_Tiger,21406601,2,1,0,0,0,0,0,0,1,0,0,0,0,0,0,0,0,0,0,0,0,0,4,0,0,0,1,0,0,0,Cheytac M200 Amazon_Period_NoItem,,I_D_1_Sniper_Cheytac_Tiger,,1,94,92,56,8,38,5,20,1,00,0,1,0,4,1
21406602,1_Sniper_Cheytac_Tiger,21406601,2,1,0,0,0,1200,700,0,1,0,0,0,0,0,0,0,0,0,0,0,0,0,4,0,86400,0,1,0,0,0,Cheytac M200 Amazon_Period_24,,I_D_1_Sniper_Cheytac_Tiger,,1,94,92,56,8,38,5,20,1,00,0,1,0,4,1
21406603,1_Sniper_Cheytac_Tiger,21406601,2,1,0,0,0,7100,4000,0,1,0,0,0,0,0,0,0,0,0,0,0,0,0,4,0,604800,0,1,0,0,0,Cheytac M200 Amazon_Period_168,,I_D_1_Sniper_Cheytac_Tiger,,1,94,92,56,8,38,5,20,1,00,0,1,0,4,1
21406604,1_Sniper_Cheytac_Tiger,21406601,2,1,0,0,0,23800,13200,0,1,0,0,0,0,0,0,0,0,0,0,0,0,0,4,0,2592000,0,1,0,0,0,Cheytac M200 Amazon_Period_720,,I_D_1_Sniper_Cheytac_Tiger,,1,94,92,56,8,38,5,20,1,00,0,1,0,4,1
21206601,1_Sniper_Cheytac_Tiger,21206601,2,1,0,0,0,0,0,0,1,0,0,0,0,0,0,0,0,0,0,0,0,0,2,172800,0,0,1,0,6,0,Cheytac M200 Amazon_Durability_NoItem,,I_D_1_Sniper_Cheytac_Tiger,,1,94,92,56,8,38,5,20,1,00,0,1,0,4,1
21206602,1_Sniper_Cheytac_Tiger,21206601,2,1,0,0,0,36000,20000,0,1,0,0,0,0,0,0,0,0,0,0,0,0,0,2,172800,0,0,1,0,6,0,Cheytac M200 Amazon_Durability,,I_D_1_Sniper_Cheytac_Tiger,,1,94,92,56,8,38,5,20,1,00,0,1,0,4,1
21606601,1_Sniper_Cheytac_Tiger,21606601,2,1,0,0,0,0,0,0,1,0,0,0,0,0,0,0,0,0,0,0,0,0,6,0,0,0,0,0,0,0,Cheytac M200 Amazon_Permanent_NoItem,,I_D_1_Sniper_Cheytac_Tiger,,1,94,92,56,8,38,5,20,1,00,0,1,0,4,1
21606602,1_Sniper_Cheytac_Tiger,21606601,2,1,0,0,0,36000,1699,0,1,0,0,0,0,0,0,0,0,0,0,0,0,0,6,0,0,0,0,0,0,0,Cheytac M200 Amazon_Permanent,1,I_D_1_Sniper_Cheytac_Tiger,,1,94,92,56,8,38,5,20,1,00,0,1,0,4,1
21406701,1_Sniper_M40A3_DPM,21406701,2,1,0,0,0,0,0,0,1,0,0,0,0,0,0,0,0,0,0,0,0,0,4,0,0,0,1,0,0,0,M40A3 Tundra_Period_NoItem,,I_D_1_Sniper_M40A3_DPM,,1,74,90,56,10,41,5,20,1,00,0,1,0,4,1
21406702,1_Sniper_M40A3_DPM,21406701,2,1,0,0,0,1000,500,0,1,0,0,0,0,0,0,0,0,0,0,0,0,0,4,0,86400,0,1,0,0,0,M40A3 Tundra_Period_24,,I_D_1_Sniper_M40A3_DPM,,1,74,90,56,10,41,5,20,1,00,0,1,0,4,1
21406703,1_Sniper_M40A3_DPM,21406701,2,1,0,0,0,5700,3200,0,1,0,0,0,0,0,0,0,0,0,0,0,0,0,4,0,604800,0,1,0,0,0,M40A3 Tundra_Period_168,,I_D_1_Sniper_M40A3_DPM,,1,74,90,56,10,41,5,20,1,00,0,1,0,4,1
21406704,1_Sniper_M40A3_DPM,21406701,2,1,0,0,0,19000,10600,0,1,0,0,0,0,0,0,0,0,0,0,0,0,0,4,0,2592000,0,1,0,0,0,M40A3 Tundra_Period_720,,I_D_1_Sniper_M40A3_DPM,,1,74,90,56,10,41,5,20,1,00,0,1,0,4,1
21206701,1_Sniper_M40A3_DPM,21206701,2,1,0,0,0,0,0,0,1,0,0,0,0,0,0,0,0,0,0,0,0,0,2,172800,0,0,1,0,8,0,M40A3 Tundra_Durability_NoItem,,I_D_1_Sniper_M40A3_DPM,,1,74,90,56,10,41,5,20,1,00,0,1,0,4,1
21206702,1_Sniper_M40A3_DPM,21206701,2,1,0,0,0,28800,16000,0,1,0,0,0,0,0,0,0,0,0,0,0,0,0,2,172800,0,0,1,0,8,0,M40A3 Tundra_Durability,,I_D_1_Sniper_M40A3_DPM,,1,74,90,56,10,41,5,20,1,00,0,1,0,4,1
21606701,1_Sniper_M40A3_DPM,21606701,2,1,0,0,0,0,0,0,1,0,0,0,0,0,0,0,0,0,0,0,0,0,6,0,0,0,0,0,0,0,M40A3 Tundra_Permanent_NoItem,,I_D_1_Sniper_M40A3_DPM,,1,74,90,56,10,41,5,20,1,00,0,1,0,4,1
21606702,1_Sniper_M40A3_DPM,21606701,2,1,0,0,0,28800,1499,0,1,1,0,1,0,0,0,0,0,0,0,0,0,0,6,0,0,0,0,1,0,0,M40A3 Tundra_Permanent,1,I_D_1_Sniper_M40A3_DPM,,1,74,90,56,10,41,5,20,1,00,0,1,0,4,1
21406801,1_Sniper_M40A3_Tiger,21406801,2,1,0,0,0,0,0,0,1,0,0,0,0,0,0,0,0,0,0,0,0,0,4,0,0,0,1,0,0,0,M40A3 Amazon_Period_NoItem,,I_D_1_Sniper_M40A3_Tiger,,1,74,90,56,10,41,5,20,1,00,0,1,0,4,1
21406802,1_Sniper_M40A3_Tiger,21406801,2,1,0,0,0,1000,500,0,1,0,0,0,0,0,0,0,0,0,0,0,0,0,4,0,86400,0,1,0,0,0,M40A3 Amazon_Period_24,,I_D_1_Sniper_M40A3_Tiger,,1,74,90,56,10,41,5,20,1,00,0,1,0,4,1
21406803,1_Sniper_M40A3_Tiger,21406801,2,1,0,0,0,5700,3200,0,1,0,0,0,0,0,0,0,0,0,0,0,0,0,4,0,604800,0,1,0,0,0,M40A3 Amazon_Period_168,,I_D_1_Sniper_M40A3_Tiger,,1,74,90,56,10,41,5,20,1,00,0,1,0,4,1
21406804,1_Sniper_M40A3_Tiger,21406801,2,1,0,0,0,19000,10600,0,1,0,0,0,0,0,0,0,0,0,0,0,0,0,4,0,2592000,0,1,0,0,0,M40A3 Amazon_Period_720,,I_D_1_Sniper_M40A3_Tiger,,1,74,90,56,10,41,5,20,1,00,0,1,0,4,1
21206801,1_Sniper_M40A3_Tiger,21206801,2,1,0,0,0,0,0,0,1,0,0,0,0,0,0,0,0,0,0,0,0,0,2,172800,0,0,1,0,8,0,M40A3 Amazon_Durability_NoItem,,I_D_1_Sniper_M40A3_Tiger,,1,74,90,56,10,41,5,20,1,00,0,1,0,4,1
21206802,1_Sniper_M40A3_Tiger,21206801,2,1,0,0,0,28800,16000,0,1,0,0,0,0,0,0,0,0,0,0,0,0,0,2,172800,0,0,1,0,8,0,M40A3 Amazon_Durability,,I_D_1_Sniper_M40A3_Tiger,,1,74,90,56,10,41,5,20,1,00,0,1,0,4,1
21606801,1_Sniper_M40A3_Tiger,21606801,2,1,0,0,0,0,0,0,1,0,0,0,0,0,0,0,0,0,0,0,0,0,6,0,0,0,0,0,0,0,M40A3 Amazon_Permanent_NoItem,,I_D_1_Sniper_M40A3_Tiger,,1,74,90,56,10,41,5,20,1,00,0,1,0,4,1
21606802,1_Sniper_M40A3_Tiger,21606801,2,1,0,0,0,28800,1499,0,1,0,0,0,0,0,0,0,0,0,0,0,0,0,6,0,0,0,0,0,0,0,M40A3 Amazon_Permanent,1,I_D_1_Sniper_M40A3_Tiger,,1,74,90,56,10,41,5,20,1,00,0,1,0,4,1
21407301,1_Sniper_M40A3_Blood,21407301,2,1,0,0,0,0,0,0,1,0,0,0,0,0,0,0,0,0,0,0,0,0,4,0,0,0,1,0,0,0,M40A3 Bloody_Period_NoItem,,I_D_1_Sniper_M40A3_Blood,,1,74,90,56,10,41,5,20,1,00,0,1,0,4,1
21407302,1_Sniper_M40A3_Blood,21407301,2,1,0,0,0,0,0,0,1,0,0,0,0,0,0,0,0,0,0,0,0,0,4,0,86400,0,1,0,0,0,M40A3 Bloody_Period_24,,I_D_1_Sniper_M40A3_Blood,,1,74,90,56,10,41,5,20,1,00,0,1,0,4,1
21407303,1_Sniper_M40A3_Blood,21407301,2,1,0,0,0,0,0,0,1,0,0,0,0,0,0,0,0,0,0,0,0,0,4,0,604800,0,1,0,0,0,M40A3 Bloody_Period_168,,I_D_1_Sniper_M40A3_Blood,,1,74,90,56,10,41,5,20,1,00,0,1,0,4,1
21407304,1_Sniper_M40A3_Blood,21407301,2,1,0,0,0,0,0,0,1,0,0,0,0,0,0,0,0,0,0,0,0,0,4,0,2592000,0,1,0,0,0,M40A3 Bloody_Period_720,,I_D_1_Sniper_M40A3_Blood,,1,74,90,56,10,41,5,20,1,00,0,1,0,4,1
21207301,1_Sniper_M40A3_Blood,21207301,2,1,0,0,0,0,0,0,1,0,0,0,0,0,0,0,0,0,0,0,0,0,2,172800,0,0,1,0,5,0,M40A3 Bloody_Durability_NoItem,,I_D_1_Sniper_M40A3_Blood,,1,74,90,56,10,41,5,20,1,00,0,1,0,4,1
21207302,1_Sniper_M40A3_Blood,21207301,2,1,0,0,0,0,0,0,1,0,0,0,0,0,0,0,0,0,0,0,0,0,2,172800,0,0,1,0,5,0,M40A3 Bloody_Durability,,I_D_1_Sniper_M40A3_Blood,,1,74,90,56,10,41,5,20,1,00,0,1,0,4,1
21607301,1_Sniper_M40A3_Blood,21607301,2,1,0,0,0,0,0,0,1,0,0,0,0,0,0,0,0,0,0,0,0,0,6,0,0,0,0,0,0,0,M40A3 Bloody_Permanent_NoItem,,I_D_1_Sniper_M40A3_Blood,,1,74,90,56,10,41,5,20,1,00,0,1,0,4,1
21607302,1_Sniper_M40A3_Blood,21607301,2,1,0,0,0,0,1999,0,1,1,0,1,0,0,0,0,0,0,0,0,0,0,6,0,0,0,0,1,0,0,M40A3 Bloody_Permanent,1,I_D_1_Sniper_M40A3_Blood,,1,74,90,56,10,41,5,20,1,00,0,1,0,4,1
22400101,2_Pistol_DEagle,22400101,2,2,0,0,0,0,0,0,0,0,0,0,0,0,0,0,0,0,0,0,0,0,4,0,0,0,1,0,0,0,Desert Eagle_Period_NoItem,,I_D_2_Pistol_DEagle,,1,43,29,16,32,77,17,68,1,06,0,1,0,6,2
22400102,2_Pistol_DEagle,22400101,2,2,0,0,0,1000,500,0,0,0,0,0,0,0,0,0,0,0,0,0,0,0,4,0,86400,0,1,0,0,0,Desert Eagle_Period_24,,I_D_2_Pistol_DEagle,,1,43,29,16,32,77,17,68,1,06,0,1,0,6,2
22400103,2_Pistol_DEagle,22400101,2,2,0,0,0,5700,3200,0,0,0,0,0,0,0,0,0,0,0,0,0,0,0,4,0,604800,0,1,0,0,0,Desert Eagle_Period_168,,I_D_2_Pistol_DEagle,,1,43,29,16,32,77,17,68,1,06,0,1,0,6,2
22400104,2_Pistol_DEagle,22400101,2,2,0,0,0,19000,10600,0,0,0,0,0,0,0,0,0,0,0,0,0,0,0,4,0,2592000,0,1,0,0,0,Desert Eagle_Period_720,,I_D_2_Pistol_DEagle,,1,43,29,16,32,77,17,68,1,06,0,1,0,6,2
22200101,2_Pistol_DEagle,22200101,2,2,0,0,0,0,0,0,0,0,0,0,0,0,0,0,0,0,0,0,0,0,2,172800,0,0,1,0,8,0,Desert Eagle_Durability_NoItem,,I_D_2_Pistol_DEagle,,1,43,29,16,32,77,17,68,1,06,0,1,0,6,2
22200102,2_Pistol_DEagle,22200101,2,2,0,0,0,28800,16000,0,0,0,0,0,0,0,0,0,0,0,0,0,0,0,2,172800,0,0,1,0,8,0,Desert Eagle_Durability,,I_D_2_Pistol_DEagle,,1,43,29,16,32,77,17,68,1,06,0,1,0,6,2
22600101,2_Pistol_DEagle,22600101,2,2,0,0,0,0,0,0,0,0,0,0,0,0,0,0,0,0,0,0,0,0,6,0,0,0,0,0,0,0,Desert Eagle_Permanent_NoItem,,I_D_2_Pistol_DEagle,,1,43,29,16,32,77,17,68,1,06,0,1,0,6,2
22600102,2_Pistol_DEagle,22600101,2,2,0,0,0,27000,16000,0,0,1,0,1,0,0,0,0,0,0,0,0,0,0,6,0,0,0,0,0,0,0,Desert Eagle_Permanent,1,I_D_2_Pistol_DEagle,,1,43,29,16,32,77,17,68,1,06,0,1,0,6,2
22400501,2_Pistol_DEagle_Skeleton,22400501,2,2,0,0,0,0,0,0,0,0,0,0,0,0,0,0,0,0,0,0,0,0,4,0,0,0,1,0,0,0,Desert Eagle Skull_Period_NoItem,,I_D_2_Pistol_DEagle_Skeleton,,1,43,29,16,32,77,0,0,1,00,0,1,0,6,2
22400502,2_Pistol_DEagle_Skeleton,22400501,2,2,0,0,0,1200,600,0,0,0,0,0,0,0,0,0,0,0,0,0,0,0,4,0,86400,0,1,0,0,0,Desert Eagle Skull_Period_24,,I_D_2_Pistol_DEagle_Skeleton,,1,43,29,16,32,77,0,0,1,00,0,1,0,6,2
22400503,2_Pistol_DEagle_Skeleton,22400501,2,2,0,0,0,6900,3800,0,0,0,0,0,0,0,0,0,0,0,0,0,0,0,4,0,604800,0,1,0,0,0,Desert Eagle Skull_Period_168,,I_D_2_Pistol_DEagle_Skeleton,,1,43,29,16,32,77,0,0,1,00,0,1,0,6,2
22400504,2_Pistol_DEagle_Skeleton,22400501,2,2,0,0,0,22800,12700,0,0,0,0,0,0,0,0,0,0,0,0,0,0,0,4,0,2592000,0,1,0,0,0,Desert Eagle Skull_Period_720,,I_D_2_Pistol_DEagle_Skeleton,,1,43,29,16,32,77,0,0,1,00,0,1,0,6,2
22200501,2_Pistol_DEagle_Skeleton,22200501,2,2,0,0,0,0,0,0,0,0,0,0,0,0,0,0,0,0,0,0,0,0,2,172800,0,0,1,0,7,0,Desert Eagle Skull_Durability_NoItem,,I_D_2_Pistol_DEagle_Skeleton,,1,43,29,16,32,77,0,0,1,00,0,1,0,6,2
22200502,2_Pistol_DEagle_Skeleton,22200501,2,2,0,0,0,34600,19200,0,0,0,0,0,0,0,0,0,0,0,0,0,0,0,2,172800,0,0,1,0,7,0,Desert Eagle Skull_Durability,,I_D_2_Pistol_DEagle_Skeleton,,1,43,29,16,32,77,0,0,1,00,0,1,0,6,2
22600501,2_Pistol_DEagle_Skeleton,22600501,2,2,0,0,0,0,0,0,0,0,0,0,0,0,0,0,0,0,0,0,0,0,6,0,0,0,0,0,0,0,Desert Eagle Skull_Permanent_NoItem,,I_D_2_Pistol_DEagle_Skeleton,,1,43,29,16,32,77,0,0,1,00,0,1,0,6,2
22600502,2_Pistol_DEagle_Skeleton,22600501,2,2,0,0,0,28350,19200,0,0,0,0,0,0,0,0,0,0,0,0,0,0,0,6,0,0,0,0,0,0,0,Desert Eagle Skull_Permanent,1,I_D_2_Pistol_DEagle_Skeleton,,1,43,29,16,32,77,0,0,1,00,0,1,0,6,2
22100201,2_Pistol_92F,22100201,2,2,0,0,0,0,0,0,0,0,0,0,0,0,0,0,0,0,0,0,0,0,1,0,0,0,1,0,0,0,Beretta M92F_Primary,,I_D_2_Pistol_92F,,1,24,39,35,41,77,7,28,1,00,0,1,0,6,2
22400301,2_Pistol_Glock17C,22400301,2,2,0,0,0,0,0,0,0,0,0,0,0,0,0,0,0,0,0,0,0,0,4,0,0,0,1,0,0,0,Glock 17C_Period_NoItem,,I_D_2_Pistol_Glock17C,,1,22,42,39,45,81,0,0,1,03,0,1,0,6,2
22400302,2_Pistol_Glock17C,22400301,2,2,0,0,0,1000,500,0,0,0,0,0,0,0,0,0,0,0,0,0,0,0,4,0,86400,0,1,0,0,0,Glock 17C_Period_24,,I_D_2_Pistol_Glock17C,,1,22,42,39,45,81,0,0,1,03,0,1,0,6,2
22400303,2_Pistol_Glock17C,22400301,2,2,0,0,0,5700,3200,0,0,0,0,0,0,0,0,0,0,0,0,0,0,0,4,0,604800,0,1,0,0,0,Glock 17C_Period_168,,I_D_2_Pistol_Glock17C,,1,22,42,39,45,81,0,0,1,03,0,1,0,6,2
22400304,2_Pistol_Glock17C,22400301,2,2,0,0,0,19000,10600,0,0,0,0,0,0,0,0,0,0,0,0,0,0,0,4,0,2592000,0,1,0,0,0,Glock 17C_Period_720,,I_D_2_Pistol_Glock17C,,1,22,42,39,45,81,0,0,1,03,0,1,0,6,2
22200301,2_Pistol_Glock17C,22200301,2,2,0,0,0,0,0,0,0,0,0,0,0,0,0,0,0,0,0,0,0,0,2,172800,0,0,1,0,8,0,Glock 17C_Durability_NoItem,,I_D_2_Pistol_Glock17C,,1,22,42,39,45,81,0,0,1,03,0,1,0,6,2
22200302,2_Pistol_Glock17C,22200301,2,2,0,0,0,28800,16000,0,0,0,0,0,0,0,0,0,0,0,0,0,0,0,2,172800,0,0,1,0,8,0,Glock 17C_Durability,,I_D_2_Pistol_Glock17C,,1,22,42,39,45,81,0,0,1,03,0,1,0,6,2
22600301,2_Pistol_Glock17C,22600301,2,2,0,0,0,0,0,0,0,0,0,0,0,0,0,0,0,0,0,0,0,0,6,0,0,0,0,0,0,0,Glock 17C_Permanent_NoItem,,I_D_2_Pistol_Glock17C,,1,22,42,39,45,81,0,0,1,03,0,1,0,6,2
22600302,2_Pistol_Glock17C,22600301,2,2,0,0,0,20250,16000,0,0,1,0,1,0,0,0,0,0,0,0,0,0,0,6,0,0,0,0,0,0,0,Glock 17C_Permanent,1,I_D_2_Pistol_Glock17C,,1,22,42,39,45,81,0,0,1,03,0,1,0,6,2
22400401,2_Pistol_ColtP,22400401,2,2,0,0,0,0,0,0,0,0,0,0,0,0,0,0,0,0,0,0,0,0,4,0,0,0,1,0,0,0,Python_Period_NoItem,,I_D_2_Pistol_ColtP,,1,38,29,29,16,78,7,28,1,02,0,1,0,6,2
22400402,2_Pistol_ColtP,22400401,2,2,0,0,0,1000,500,0,0,0,0,0,0,0,0,0,0,0,0,0,0,0,4,0,86400,0,1,0,0,0,Python_Period_24,,I_D_2_Pistol_ColtP,,1,38,29,29,16,78,7,28,1,02,0,1,0,6,2
22400403,2_Pistol_ColtP,22400401,2,2,0,0,0,5700,3200,0,0,0,0,0,0,0,0,0,0,0,0,0,0,0,4,0,604800,0,1,0,0,0,Python_Period_168,,I_D_2_Pistol_ColtP,,1,38,29,29,16,78,7,28,1,02,0,1,0,6,2
22400404,2_Pistol_ColtP,22400401,2,2,0,0,0,19000,10600,0,0,0,0,0,0,0,0,0,0,0,0,0,0,0,4,0,2592000,0,1,0,0,0,Python_Period_720,,I_D_2_Pistol_ColtP,,1,38,29,29,16,78,7,28,1,02,0,1,0,6,2
22200401,2_Pistol_ColtP,22200401,2,2,0,0,0,0,0,0,0,0,0,0,0,0,0,0,0,0,0,0,0,0,2,172800,0,0,1,0,8,0,Python_Durability_NoItem,,I_D_2_Pistol_ColtP,,1,38,29,29,16,78,7,28,1,02,0,1,0,6,2
22200402,2_Pistol_ColtP,22200401,2,2,0,0,0,28800,16000,0,0,0,0,0,0,0,0,0,0,0,0,0,0,0,2,172800,0,0,1,0,8,0,Python_Durability,,I_D_2_Pistol_ColtP,,1,38,29,29,16,78,7,28,1,02,0,1,0,6,2
22600401,2_Pistol_ColtP,22600401,2,2,0,0,0,0,0,0,0,0,0,0,0,0,0,0,0,0,0,0,0,0,6,0,0,0,0,0,0,0,Python_Permanent_NoItem,,I_D_2_Pistol_ColtP,,1,38,29,29,16,78,7,28,1,02,0,1,0,6,2
22600402,2_Pistol_ColtP,22600401,2,2,0,0,0,22950,16000,0,0,1,0,1,0,0,0,0,0,0,0,0,0,0,6,0,0,0,0,0,0,0,Python_Permanent,1,I_D_2_Pistol_ColtP,,1,38,29,29,16,78,7,28,1,02,0,1,0,6,2
22400701,2_Pistol_ColtP_Tundra,22400701,2,2,0,0,0,0,0,0,1,0,0,0,0,0,0,0,0,0,0,0,0,0,4,0,0,0,1,0,0,0,Python Tundra_Period_NoItem,,I_D_2_Pistol_ColtP_Tundra,,1,38,29,29,16,78,17,68,1,00,0,1,0,6,2
22400702,2_Pistol_ColtP_Tundra,22400701,2,2,0,0,0,1000,500,0,1,0,0,0,0,0,0,0,0,0,0,0,0,0,4,0,86400,0,1,0,0,0,Python Tundra_Period_24,,I_D_2_Pistol_ColtP_Tundra,,1,38,29,29,16,78,17,68,1,00,0,1,0,6,2
22400703,2_Pistol_ColtP_Tundra,22400701,2,2,0,0,0,5700,3200,0,1,0,0,0,0,0,0,0,0,0,0,0,0,0,4,0,604800,0,1,0,0,0,Python Tundra_Period_168,,I_D_2_Pistol_ColtP_Tundra,,1,38,29,29,16,78,17,68,1,00,0,1,0,6,2
22400704,2_Pistol_ColtP_Tundra,22400701,2,2,0,0,0,19000,10600,0,1,0,0,0,0,0,0,0,0,0,0,0,0,0,4,0,2592000,0,1,0,0,0,Python Tundra_Period_720,,I_D_2_Pistol_ColtP_Tundra,,1,38,29,29,16,78,17,68,1,00,0,1,0,6,2
22200701,2_Pistol_ColtP_Tundra,22200701,2,2,0,0,0,0,0,0,1,0,0,0,0,0,0,0,0,0,0,0,0,0,2,172800,0,0,1,0,8,0,Python Tundra_Durability_NoItem,,I_D_2_Pistol_ColtP_Tundra,,1,38,29,29,16,78,17,68,1,00,0,1,0,6,2
22200702,2_Pistol_ColtP_Tundra,22200701,2,2,0,0,0,28800,16000,0,1,0,0,0,0,0,0,0,0,0,0,0,0,0,2,172800,0,0,1,0,8,0,Python Tundra_Durability,,I_D_2_Pistol_ColtP_Tundra,,1,38,29,29,16,78,17,68,1,00,0,1,0,6,2
22600701,2_Pistol_ColtP_Tundra,22600701,2,2,0,0,0,0,0,0,1,0,0,0,0,0,0,0,0,0,0,0,0,0,6,0,0,0,0,0,0,0,Python Tundra_Permanent_NoItem,,I_D_2_Pistol_ColtP_Tundra,,1,38,29,29,16,78,17,68,1,00,0,1,0,6,2
22600702,2_Pistol_ColtP_Tundra,22600701,2,2,0,0,0,28800,999,0,1,1,0,1,0,0,0,0,0,0,0,0,0,0,6,0,0,0,0,1,0,0,Python Tundra_Permanent,1,I_D_2_Pistol_ColtP_Tundra,,1,38,29,29,16,78,17,68,1,00,0,1,0,6,2
22400601,2_Pistol_Glock17C_Digital,22400601,2,2,0,0,0,0,0,0,1,0,0,0,0,0,0,0,0,0,0,0,0,0,4,0,0,0,1,0,0,0,Glock 17C Digital_Period_NoItem,,I_D_2_Pistol_Glock17C_Digital,,1,22,42,39,45,81,0,0,1,00,0,1,0,6,2
22400602,2_Pistol_Glock17C_Digital,22400601,2,2,0,0,0,1000,500,0,1,0,0,0,0,0,0,0,0,0,0,0,0,0,4,0,86400,0,1,0,0,0,Glock 17C Digital_Period_24,,I_D_2_Pistol_Glock17C_Digital,,1,22,42,39,45,81,0,0,1,00,0,1,0,6,2
22400603,2_Pistol_Glock17C_Digital,22400601,2,2,0,0,0,5700,3200,0,1,0,0,0,0,0,0,0,0,0,0,0,0,0,4,0,604800,0,1,0,0,0,Glock 17C Digital_Period_168,,I_D_2_Pistol_Glock17C_Digital,,1,22,42,39,45,81,0,0,1,00,0,1,0,6,2
22400604,2_Pistol_Glock17C_Digital,22400601,2,2,0,0,0,19000,10600,0,1,0,0,0,0,0,0,0,0,0,0,0,0,0,4,0,2592000,0,1,0,0,0,Glock 17C Digital_Period_720,,I_D_2_Pistol_Glock17C_Digital,,1,22,42,39,45,81,0,0,1,00,0,1,0,6,2
22200601,2_Pistol_Glock17C_Digital,22200601,2,2,0,0,0,0,0,0,1,0,0,0,0,0,0,0,0,0,0,0,0,0,2,172800,0,0,1,0,8,0,Glock 17C Digital_Durability_NoItem,,I_D_2_Pistol_Glock17C_Digital,,1,22,42,39,45,81,0,0,1,00,0,1,0,6,2
22200602,2_Pistol_Glock17C_Digital,22200601,2,2,0,0,0,28800,16000,0,1,0,0,0,0,0,0,0,0,0,0,0,0,0,2,172800,0,0,1,0,8,0,Glock 17C Digital_Durability,,I_D_2_Pistol_Glock17C_Digital,,1,22,42,39,45,81,0,0,1,00,0,1,0,6,2
22600601,2_Pistol_Glock17C_Digital,22600601,2,2,0,0,0,0,0,0,1,0,0,0,0,0,0,0,0,0,0,0,0,0,6,0,0,0,0,0,0,0,Glock 17C Digital_Permanent_NoItem,,I_D_2_Pistol_Glock17C_Digital,,1,22,42,39,45,81,0,0,1,00,0,1,0,6,2
22600602,2_Pistol_Glock17C_Digital,22600601,2,2,0,0,0,28800,849,0,1,0,0,0,0,0,0,0,0,0,0,0,0,0,6,0,0,0,0,0,0,0,Glock 17C Digital_Permanent,1,I_D_2_Pistol_Glock17C_Digital,,1,22,42,39,45,81,0,0,1,00,0,1,0,6,2
22400801,2_Pistol_Glock17C_Xmas,22400801,2,2,0,0,0,0,0,0,0,0,0,0,0,0,0,0,0,0,0,0,0,0,4,0,0,0,1,0,0,0,Glock 17C X-mas_Period_NoItem,,I_D_2_Pistol_Glock17C_Xmas,,1,22,42,39,45,81,0,0,1,00,0,1,0,6,2
22400802,2_Pistol_Glock17C_Xmas,22400801,2,2,0,0,0,0,0,0,0,0,0,0,0,0,0,0,0,0,0,0,0,0,4,0,86400,0,1,0,0,0,Glock 17C X-mas_Period_24,,I_D_2_Pistol_Glock17C_Xmas,,1,22,42,39,45,81,0,0,1,00,0,1,0,6,2
22400803,2_Pistol_Glock17C_Xmas,22400801,2,2,0,0,0,0,0,0,0,0,0,0,0,0,0,0,0,0,0,0,0,0,4,0,604800,0,1,0,0,0,Glock 17C X-mas_Period_168,,I_D_2_Pistol_Glock17C_Xmas,,1,22,42,39,45,81,0,0,1,00,0,1,0,6,2
22400804,2_Pistol_Glock17C_Xmas,22400801,2,2,0,0,0,0,0,0,0,0,0,0,0,0,0,0,0,0,0,0,0,0,4,0,2592000,0,1,0,0,0,Glock 17C X-mas_Period_720,,I_D_2_Pistol_Glock17C_Xmas,,1,22,42,39,45,81,0,0,1,00,0,1,0,6,2
22200801,2_Pistol_Glock17C_Xmas,22200801,2,2,0,0,0,0,0,0,0,0,0,0,0,0,0,0,0,0,0,0,0,0,2,172800,0,0,1,0,8,0,Glock 17C X-mas_Durability_NoItem,,I_D_2_Pistol_Glock17C_Xmas,,1,22,42,39,45,81,0,0,1,00,0,1,0,6,2
22200802,2_Pistol_Glock17C_Xmas,22200801,2,2,0,0,0,0,0,0,0,0,0,0,0,0,0,0,0,0,0,0,0,0,2,172800,0,0,1,0,8,0,Glock 17C X-mas_Durability,,I_D_2_Pistol_Glock17C_Xmas,,1,22,42,39,45,81,0,0,1,00,0,1,0,6,2
22600801,2_Pistol_Glock17C_Xmas,22600801,2,2,0,0,0,0,0,0,0,0,0,0,0,0,0,0,0,0,0,0,0,0,6,0,0,0,0,0,0,0,Glock 17C X-mas_Permanent_NoItem,,I_D_2_Pistol_Glock17C_Xmas,,1,22,42,39,45,81,0,0,1,00,0,1,0,6,2
22600802,2_Pistol_Glock17C_Xmas,22600801,2,2,0,0,0,0,0,0,0,0,0,0,0,0,0,0,0,0,0,0,0,0,6,0,0,0,0,0,0,0,Glock 17C X-mas_Permanent,1,I_D_2_Pistol_Glock17C_Xmas,,1,22,42,39,45,81,0,0,1,00,0,1,0,6,2
23100101,3_Melee_BasicKnife,23100101,2,3,0,0,0,0,0,0,0,0,0,0,0,0,0,0,0,0,0,0,0,0,1,0,0,0,1,0,0,0,Knife_Primary,,I_D_3_Melee_BasicKnife,,1,60,80,89,12,98,1,1,1,00,0,1,0,7,2
23400301,3_Melee_Kukuri,23400301,2,3,0,0,0,0,0,0,0,0,0,0,0,0,0,0,0,0,0,0,0,0,4,0,0,0,1,0,0,0,Kukuri_Period_NoItem,,I_D_3_Melee_Kukuri,,1,80,92,80,10,90,1,1,1,02,0,1,0,7,2
23400302,3_Melee_Kukuri,23400301,2,3,0,0,0,1000,500,0,0,0,0,0,0,0,0,0,0,0,0,0,0,0,4,0,86400,0,1,0,0,0,Kukuri_Period_24,,I_D_3_Melee_Kukuri,,1,80,92,80,10,90,1,1,1,02,0,1,0,7,2
23400303,3_Melee_Kukuri,23400301,2,3,0,0,0,5700,3200,0,0,0,0,0,0,0,0,0,0,0,0,0,0,0,4,0,604800,0,1,0,0,0,Kukuri_Period_168,,I_D_3_Melee_Kukuri,,1,80,92,80,10,90,1,1,1,02,0,1,0,7,2
23400304,3_Melee_Kukuri,23400301,2,3,0,0,0,19000,10600,0,0,0,0,0,0,0,0,0,0,0,0,0,0,0,4,0,2592000,0,1,0,0,0,Kukuri_Period_720,,I_D_3_Melee_Kukuri,,1,80,92,80,10,90,1,1,1,02,0,1,0,7,2
23200301,3_Melee_Kukuri,23200301,2,3,0,0,0,0,0,0,0,0,0,0,0,0,0,0,0,0,0,0,0,0,2,172800,0,0,1,0,8,0,Kukuri_Durability_NoItem,,I_D_3_Melee_Kukuri,,1,80,92,80,10,90,1,1,1,02,0,1,0,7,2
23200302,3_Melee_Kukuri,23200301,2,3,0,0,0,28800,16000,0,0,0,0,0,0,0,0,0,0,0,0,0,0,0,2,172800,0,0,1,0,8,0,Kukuri_Durability,,I_D_3_Melee_Kukuri,,1,80,92,80,10,90,1,1,1,02,0,1,0,7,2
23600301,3_Melee_Kukuri,23600301,2,3,0,0,0,0,0,0,0,0,0,0,0,0,0,0,0,0,0,0,0,0,6,0,0,0,0,0,0,0,Kukuri_Permanent_NoItem,,I_D_3_Melee_Kukuri,,1,80,92,80,10,90,1,1,1,02,0,1,0,7,2
23600302,3_Melee_Kukuri,23600301,2,3,0,0,0,20250,16000,0,0,1,0,1,0,0,0,0,0,0,0,0,0,0,6,0,0,0,0,0,0,0,Kukuri_Permanent,1,I_D_3_Melee_Kukuri,,1,80,92,80,10,90,1,1,1,02,0,1,0,7,2
23400401,3_Melee_G3B,23400401,2,3,0,0,0,0,0,0,0,0,0,0,0,0,0,0,0,0,0,0,0,0,4,0,0,0,1,0,0,0,G3B USMC_Period_NoItem,,I_D_3_Melee_G3B,,1,70,92,80,10,90,1,1,1,06,0,1,0,7,2
23400402,3_Melee_G3B,23400401,2,3,0,0,0,1200,600,0,0,0,0,0,0,0,0,0,0,0,0,0,0,0,4,0,86400,0,1,0,0,0,G3B USMC_Period_24,,I_D_3_Melee_G3B,,1,70,92,80,10,90,1,1,1,06,0,1,0,7,2
23400403,3_Melee_G3B,23400401,2,3,0,0,0,6900,3800,0,0,0,0,0,0,0,0,0,0,0,0,0,0,0,4,0,604800,0,1,0,0,0,G3B USMC_Period_168,,I_D_3_Melee_G3B,,1,70,92,80,10,90,1,1,1,06,0,1,0,7,2
23400404,3_Melee_G3B,23400401,2,3,0,0,0,22800,12700,0,0,0,0,0,0,0,0,0,0,0,0,0,0,0,4,0,2592000,0,1,0,0,0,G3B USMC_Period_720,,I_D_3_Melee_G3B,,1,70,92,80,10,90,1,1,1,06,0,1,0,7,2
23200401,3_Melee_G3B,23200401,2,3,0,0,0,0,0,0,0,0,0,0,0,0,0,0,0,0,0,0,0,0,2,172800,0,0,1,0,7,0,G3B USMC_Durability_NoItem,,I_D_3_Melee_G3B,,1,70,92,80,10,90,1,1,1,06,0,1,0,7,2
23200402,3_Melee_G3B,23200401,2,3,0,0,0,34600,19200,0,0,0,0,0,0,0,0,0,0,0,0,0,0,0,2,172800,0,0,1,0,7,0,G3B USMC_Durability,,I_D_3_Melee_G3B,,1,70,92,80,10,90,1,1,1,06,0,1,0,7,2
23600401,3_Melee_G3B,23600401,2,3,0,0,0,0,0,0,0,0,0,0,0,0,0,0,0,0,0,0,0,0,6,0,0,0,0,0,0,0,G3B USMC_Permanent_NoItem,,I_D_3_Melee_G3B,,1,70,92,80,10,90,1,1,1,06,0,1,0,7,2
23600402,3_Melee_G3B,23600401,2,3,0,0,0,24300,19200,0,0,1,0,1,0,0,0,0,0,0,0,0,0,0,6,0,0,0,0,0,0,0,G3B USMC_Permanent,1,I_D_3_Melee_G3B,,1,70,92,80,10,90,1,1,1,06,0,1,0,7,2
23400501,3_Melee_AXE_Basic,23400501,2,3,0,0,0,0,0,0,0,0,0,0,0,0,0,0,0,0,0,0,0,0,4,0,0,0,1,0,0,0,Axe_Period_NoItem,,I_D_3_Melee_AXE_Basic,,1,60,92,80,10,90,1,1,1,02,0,1,0,7,2
23400502,3_Melee_AXE_Basic,23400501,2,3,0,0,0,1200,600,0,0,0,0,0,0,0,0,0,0,0,0,0,0,0,4,0,86400,0,1,0,0,0,Axe_Period_24,,I_D_3_Melee_AXE_Basic,,1,60,92,80,10,90,1,1,1,02,0,1,0,7,2
23400503,3_Melee_AXE_Basic,23400501,2,3,0,0,0,6900,3800,0,0,0,0,0,0,0,0,0,0,0,0,0,0,0,4,0,604800,0,1,0,0,0,Axe_Period_168,,I_D_3_Melee_AXE_Basic,,1,60,92,80,10,90,1,1,1,02,0,1,0,7,2
23400504,3_Melee_AXE_Basic,23400501,2,3,0,0,0,22800,12700,0,0,0,0,0,0,0,0,0,0,0,0,0,0,0,4,0,2592000,0,1,0,0,0,Axe_Period_720,,I_D_3_Melee_AXE_Basic,,1,60,92,80,10,90,1,1,1,02,0,1,0,7,2
23200501,3_Melee_AXE_Basic,23200501,2,3,0,0,0,0,0,0,0,0,0,0,0,0,0,0,0,0,0,0,0,0,2,172800,0,0,1,0,7,0,Axe_Durability_NoItem,,I_D_3_Melee_AXE_Basic,,1,60,92,80,10,90,1,1,1,02,0,1,0,7,2
23200502,3_Melee_AXE_Basic,23200501,2,3,0,0,0,34600,19200,0,0,0,0,0,0,0,0,0,0,0,0,0,0,0,2,172800,0,0,1,0,7,0,Axe_Durability,,I_D_3_Melee_AXE_Basic,,1,60,92,80,10,90,1,1,1,02,0,1,0,7,2
23600501,3_Melee_AXE_Basic,23600501,2,3,0,0,0,0,0,0,0,0,0,0,0,0,0,0,0,0,0,0,0,0,6,0,0,0,0,0,0,0,Axe_Permanent_NoItem,,I_D_3_Melee_AXE_Basic,,1,60,92,80,10,90,1,1,1,02,0,1,0,7,2
23600502,3_Melee_AXE_Basic,23600501,2,3,0,0,0,27000,19200,0,0,1,0,1,0,0,0,0,0,0,0,0,0,0,6,0,0,0,0,0,0,0,Axe_Permanent,1,I_D_3_Melee_AXE_Basic,,1,60,92,80,10,90,1,1,1,02,0,1,0,7,2
23400601,3_Melee_AXE_Skeleton,23400601,2,3,0,0,0,0,0,0,0,0,0,0,0,0,0,0,0,0,0,0,0,0,4,0,0,0,1,0,0,0,Axe Skull_Period_NoItem,,I_D_3_Melee_AXE_Skeleton,,1,60,92,80,10,90,1,1,1,00,0,1,0,7,2
23400602,3_Melee_AXE_Skeleton,23400601,2,3,0,0,0,1200,600,0,0,0,0,0,0,0,0,0,0,0,0,0,0,0,4,0,86400,0,1,0,0,0,Axe Skull_Period_24,,I_D_3_Melee_AXE_Skeleton,,1,60,92,80,10,90,1,1,1,00,0,1,0,7,2
23400603,3_Melee_AXE_Skeleton,23400601,2,3,0,0,0,6900,3800,0,0,0,0,0,0,0,0,0,0,0,0,0,0,0,4,0,604800,0,1,0,0,0,Axe Skull_Period_168,,I_D_3_Melee_AXE_Skeleton,,1,60,92,80,10,90,1,1,1,00,0,1,0,7,2
23400604,3_Melee_AXE_Skeleton,23400601,2,3,0,0,0,22800,12700,0,0,0,0,0,0,0,0,0,0,0,0,0,0,0,4,0,2592000,0,1,0,0,0,Axe Skull_Period_720,,I_D_3_Melee_AXE_Skeleton,,1,60,92,80,10,90,1,1,1,00,0,1,0,7,2
23200601,3_Melee_AXE_Skeleton,23200601,2,3,0,0,0,0,0,0,0,0,0,0,0,0,0,0,0,0,0,0,0,0,2,172800,0,0,1,0,7,0,Axe Skull_Durability_NoItem,,I_D_3_Melee_AXE_Skeleton,,1,60,92,80,10,90,1,1,1,00,0,1,0,7,2
23200602,3_Melee_AXE_Skeleton,23200601,2,3,0,0,0,34600,19200,0,0,0,0,0,0,0,0,0,0,0,0,0,0,0,2,172800,0,0,1,0,7,0,Axe Skull_Durability,,I_D_3_Melee_AXE_Skeleton,,1,60,92,80,10,90,1,1,1,00,0,1,0,7,2
23600601,3_Melee_AXE_Skeleton,23600601,2,3,0,0,0,0,0,0,0,0,0,0,0,0,0,0,0,0,0,0,0,0,6,0,0,0,0,0,0,0,Axe Skull_Permanent_NoItem,,I_D_3_Melee_AXE_Skeleton,,1,60,92,80,10,90,1,1,1,00,0,1,0,7,2
23600602,3_Melee_AXE_Skeleton,23600601,2,3,0,0,0,28350,19200,0,0,0,0,0,0,0,0,0,0,0,0,0,0,0,6,0,0,0,0,0,0,0,Axe Skull_Permanent,1,I_D_3_Melee_AXE_Skeleton,,1,60,92,80,10,90,1,1,1,00,0,1,0,7,2
23400701,3_Melee_Sickle,23400701,2,3,0,0,0,0,0,0,1,0,0,0,0,0,0,0,0,0,0,0,0,0,4,0,0,0,1,0,0,0,Sickle_Period_NoItem,,I_D_3_Melee_Sickle,,1,60,80,89,12,98,1,1,1,00,0,1,0,7,2
23400702,3_Melee_Sickle,23400701,2,3,0,0,0,0,0,0,1,0,0,0,0,0,0,0,0,0,0,0,0,0,4,0,86400,0,1,0,0,0,Sickle_Period_24,,I_D_3_Melee_Sickle,,1,60,80,89,12,98,1,1,1,00,0,1,0,7,2
23400703,3_Melee_Sickle,23400701,2,3,0,0,0,0,0,0,1,0,0,0,0,0,0,0,0,0,0,0,0,0,4,0,604800,0,1,0,0,0,Sickle_Period_168,,I_D_3_Melee_Sickle,,1,60,80,89,12,98,1,1,1,00,0,1,0,7,2
23400704,3_Melee_Sickle,23400701,2,3,0,0,0,0,0,0,1,0,0,0,0,0,0,0,0,0,0,0,0,0,4,0,2592000,0,1,0,0,0,Sickle_Period_720,,I_D_3_Melee_Sickle,,1,60,80,89,12,98,1,1,1,00,0,1,0,7,2
23200701,3_Melee_Sickle,23200701,2,3,0,0,0,0,0,0,1,0,0,0,0,0,0,0,0,0,0,0,0,0,2,172800,0,0,1,0,10,0,Sickle_Durability_NoItem,,I_D_3_Melee_Sickle,,1,60,80,89,12,98,1,1,1,00,0,1,0,7,2
23200702,3_Melee_Sickle,23200701,2,3,0,0,0,0,0,0,1,0,0,0,0,0,0,0,0,0,0,0,0,0,2,172800,0,0,1,0,10,0,Sickle_Durability,,I_D_3_Melee_Sickle,,1,60,80,89,12,98,1,1,1,00,0,1,0,7,2
23600701,3_Melee_Sickle,23600701,2,3,0,0,0,0,0,0,1,0,0,0,0,0,0,0,0,0,0,0,0,0,6,0,0,0,0,0,0,0,Sickle_Permanent_NoItem,,I_D_3_Melee_Sickle,,1,60,80,89,12,98,1,1,1,00,0,1,0,7,2
23600702,3_Melee_Sickle,23600701,2,3,0,0,0,0,1249,0,1,1,0,1,0,0,0,0,0,0,0,0,0,0,6,0,0,0,0,1,0,0,Sickle_Permanent,1,I_D_3_Melee_Sickle,,1,60,80,89,12,98,1,1,1,00,0,1,0,7,2
23400801,3_Melee_Sickle_Xmas,23400801,2,3,0,0,0,0,0,0,0,0,0,0,0,0,0,0,0,0,0,0,0,0,4,0,0,0,1,0,0,0,Sickle X-mas_Period_NoItem,,I_D_3_Melee_Sickle_Xmas,,1,60,80,89,12,98,1,1,1,00,0,1,0,7,2
23400802,3_Melee_Sickle_Xmas,23400801,2,3,0,0,0,0,0,0,0,0,0,0,0,0,0,0,0,0,0,0,0,0,4,0,86400,0,1,0,0,0,Sickle X-mas_Period_24,,I_D_3_Melee_Sickle_Xmas,,1,60,80,89,12,98,1,1,1,00,0,1,0,7,2
23400803,3_Melee_Sickle_Xmas,23400801,2,3,0,0,0,0,0,0,0,0,0,0,0,0,0,0,0,0,0,0,0,0,4,0,604800,0,1,0,0,0,Sickle X-mas_Period_168,,I_D_3_Melee_Sickle_Xmas,,1,60,80,89,12,98,1,1,1,00,0,1,0,7,2
23400804,3_Melee_Sickle_Xmas,23400801,2,3,0,0,0,0,0,0,0,0,0,0,0,0,0,0,0,0,0,0,0,0,4,0,2592000,0,1,0,0,0,Sickle X-mas_Period_720,,I_D_3_Melee_Sickle_Xmas,,1,60,80,89,12,98,1,1,1,00,0,1,0,7,2
23200801,3_Melee_Sickle_Xmas,23200801,2,3,0,0,0,0,0,0,0,0,0,0,0,0,0,0,0,0,0,0,0,0,2,172800,0,0,1,0,10,0,Sickle X-mas_Durability_NoItem,,I_D_3_Melee_Sickle_Xmas,,1,60,80,89,12,98,1,1,1,00,0,1,0,7,2
23200802,3_Melee_Sickle_Xmas,23200801,2,3,0,0,0,0,0,0,0,0,0,0,0,0,0,0,0,0,0,0,0,0,2,172800,0,0,1,0,10,0,Sickle X-mas_Durability,,I_D_3_Melee_Sickle_Xmas,,1,60,80,89,12,98,1,1,1,00,0,1,0,7,2
23600801,3_Melee_Sickle_Xmas,23600801,2,3,0,0,0,0,0,0,0,0,0,0,0,0,0,0,0,0,0,0,0,0,6,0,0,0,0,0,0,0,Sickle X-mas_Permanent_NoItem,,I_D_3_Melee_Sickle_Xmas,,1,60,80,89,12,98,1,1,1,00,0,1,0,7,2
23600802,3_Melee_Sickle_Xmas,23600801,2,3,0,0,0,0,0,0,0,0,0,0,0,0,0,0,0,0,0,0,0,0,6,0,0,0,0,0,0,0,Sickle X-mas_Permanent,1,I_D_3_Melee_Sickle_Xmas,,1,60,80,89,12,98,1,1,1,00,0,1,0,7,2
24100101,4_Frag_M67,24100101,2,4,0,0,0,0,0,0,0,0,0,0,0,0,0,0,0,0,0,0,0,0,1,0,0,0,1,0,0,0,M67 Frag Grenade_Primary,,I_D_4_Frag_M67,,1,100,60,100,0,98,1,1,1,00,0,1,0,8,2
24100102,4_Frag_M67,24100101,2,4,0,0,0,15600,8600,0,0,0,0,0,0,0,0,0,0,0,0,0,0,0,1,0,0,0,1,0,0,0,M67 Frag Grenade_Primary,,I_D_4_Frag_M67,,1,100,60,100,0,98,1,1,1,00,0,1,0,8,2
24400401,4_Frag_M67_CBT,24400401,2,4,0,0,0,0,0,0,1,0,0,0,0,0,0,0,0,0,0,0,0,0,4,0,0,0,1,0,0,0,Beta Grenade_Period_NoItem,,I_D_4_Frag_M67_CBT,,1,100,60,100,0,98,1,1,1,00,0,1,0,8,2
24400402,4_Frag_M67_CBT,24400401,2,4,0,0,0,0,0,0,1,0,0,0,0,0,0,0,0,0,0,0,0,0,4,0,86400,0,1,0,0,0,Beta Grenade_Period_24,,I_D_4_Frag_M67_CBT,,1,100,60,100,0,98,1,1,1,00,0,1,0,8,2
24400403,4_Frag_M67_CBT,24400401,2,4,0,0,0,0,0,0,1,0,0,0,0,0,0,0,0,0,0,0,0,0,4,0,604800,0,1,0,0,0,Beta Grenade_Period_168,,I_D_4_Frag_M67_CBT,,1,100,60,100,0,98,1,1,1,00,0,1,0,8,2
24400404,4_Frag_M67_CBT,24400401,2,4,0,0,0,0,0,0,1,0,0,0,0,0,0,0,0,0,0,0,0,0,4,0,2592000,0,1,0,0,0,Beta Grenade_Period_720,,I_D_4_Frag_M67_CBT,,1,100,60,100,0,98,1,1,1,00,0,1,0,8,2
24200401,4_Frag_M67_CBT,24200401,2,4,0,0,0,0,0,0,1,0,0,0,0,0,0,0,0,0,0,0,0,0,2,172800,0,0,1,0,8,0,Beta Grenade_Durability_NoItem,,I_D_4_Frag_M67_CBT,,1,100,60,100,0,98,1,1,1,00,0,1,0,8,2
24200402,4_Frag_M67_CBT,24200401,2,4,0,0,0,0,0,0,1,0,0,0,0,0,0,0,0,0,0,0,0,0,2,172800,0,0,1,0,8,0,Beta Grenade_Durability,,I_D_4_Frag_M67_CBT,,1,100,60,100,0,98,1,1,1,00,0,1,0,8,2
24600401,4_Frag_M67_CBT,24600401,2,4,0,0,0,0,0,0,1,0,0,0,0,0,0,0,0,0,0,0,0,0,6,0,0,0,0,0,0,0,Beta Grenade_Permanent_NoItem,,I_D_4_Frag_M67_CBT,,1,100,60,100,0,98,1,1,1,00,0,1,0,8,2
24600402,4_Frag_M67_CBT,24600401,2,4,0,0,0,0,999,0,1,0,0,0,0,0,0,0,0,0,0,0,0,0,6,0,0,0,0,0,0,0,Beta Grenade_Permanent,1,I_D_4_Frag_M67_CBT,,1,100,60,100,0,98,1,1,1,00,0,1,0,8,2
24400501,4_Frag_M67_Xmas,24400501,2,4,0,0,0,0,0,0,0,0,0,0,0,0,0,0,0,0,0,0,0,0,4,0,0,0,1,0,0,0,M67 Frag Grenade X-mas_Period_NoItem,,I_D_4_Frag_M67_Xmas,,1,100,60,100,0,98,1,1,1,00,0,1,0,8,2
24400502,4_Frag_M67_Xmas,24400501,2,4,0,0,0,0,0,0,0,0,0,0,0,0,0,0,0,0,0,0,0,0,4,0,86400,0,1,0,0,0,M67 Frag Grenade X-mas_Period_24,,I_D_4_Frag_M67_Xmas,,1,100,60,100,0,98,1,1,1,00,0,1,0,8,2
24400503,4_Frag_M67_Xmas,24400501,2,4,0,0,0,0,0,0,0,0,0,0,0,0,0,0,0,0,0,0,0,0,4,0,604800,0,1,0,0,0,M67 Frag Grenade X-mas_Period_168,,I_D_4_Frag_M67_Xmas,,1,100,60,100,0,98,1,1,1,00,0,1,0,8,2
24400504,4_Frag_M67_Xmas,24400501,2,4,0,0,0,0,0,0,0,0,0,0,0,0,0,0,0,0,0,0,0,0,4,0,2592000,0,1,0,0,0,M67 Frag Grenade X-mas_Period_720,,I_D_4_Frag_M67_Xmas,,1,100,60,100,0,98,1,1,1,00,0,1,0,8,2
24200501,4_Frag_M67_Xmas,24200501,2,4,0,0,0,0,0,0,0,0,0,0,0,0,0,0,0,0,0,0,0,0,2,172800,0,0,1,0,8,0,M67 Frag Grenade X-mas_Durability_NoItem,,I_D_4_Frag_M67_Xmas,,1,100,60,100,0,98,1,1,1,00,0,1,0,8,2
24200502,4_Frag_M67_Xmas,24200501,2,4,0,0,0,0,0,0,0,0,0,0,0,0,0,0,0,0,0,0,0,0,2,172800,0,0,1,0,8,0,M67 Frag Grenade X-mas_Durability,,I_D_4_Frag_M67_Xmas,,1,100,60,100,0,98,1,1,1,00,0,1,0,8,2
24600501,4_Frag_M67_Xmas,24600501,2,4,0,0,0,0,0,0,0,0,0,0,0,0,0,0,0,0,0,0,0,0,6,0,0,0,0,0,0,0,M67 Frag Grenade X-mas_Permanent_NoItem,,I_D_4_Frag_M67_Xmas,,1,100,60,100,0,98,1,1,1,00,0,1,0,8,2
24600502,4_Frag_M67_Xmas,24600501,2,4,0,0,0,0,0,0,0,0,0,0,0,0,0,0,0,0,0,0,0,0,6,0,0,0,0,0,0,0,M67 Frag Grenade X-mas_Permanent,1,I_D_4_Frag_M67_Xmas,,1,100,60,100,0,98,1,1,1,00,0,1,0,8,2
24400201,4_Flash_M84,24400201,2,4,0,0,0,0,0,0,0,0,0,0,0,0,0,0,0,0,0,0,0,0,4,0,0,0,1,0,0,0,M84 Flashbang_Period_NoItem,,I_D_4_Flash_M84,,1,0,60,100,0,98,1,1,1,02,0,1,0,8,2
24400202,4_Flash_M84,24400201,2,4,0,0,0,1000,500,0,0,0,0,0,0,0,0,0,0,0,0,0,0,0,4,0,86400,0,1,0,0,0,M84 Flashbang_Period_24,,I_D_4_Flash_M84,,1,0,60,100,0,98,1,1,1,02,0,1,0,8,2
24400203,4_Flash_M84,24400201,2,4,0,0,0,5700,3200,0,0,0,0,0,0,0,0,0,0,0,0,0,0,0,4,0,604800,0,1,0,0,0,M84 Flashbang_Period_168,,I_D_4_Flash_M84,,1,0,60,100,0,98,1,1,1,02,0,1,0,8,2
24400204,4_Flash_M84,24400201,2,4,0,0,0,19000,10600,0,0,0,0,0,0,0,0,0,0,0,0,0,0,0,4,0,2592000,0,1,0,0,0,M84 Flashbang_Period_720,,I_D_4_Flash_M84,,1,0,60,100,0,98,1,1,1,02,0,1,0,8,2
24200201,4_Flash_M84,24200201,2,4,0,0,0,0,0,0,0,0,0,0,0,0,0,0,0,0,0,0,0,0,2,172800,0,0,1,0,8,0,M84 Flashbang_Durability_NoItem,,I_D_4_Flash_M84,,1,0,60,100,0,98,1,1,1,02,0,1,0,8,2
24200202,4_Flash_M84,24200201,2,4,0,0,0,28800,16000,0,0,0,0,0,0,0,0,0,0,0,0,0,0,0,2,172800,0,0,1,0,8,0,M84 Flashbang_Durability,,I_D_4_Flash_M84,,1,0,60,100,0,98,1,1,1,02,0,1,0,8,2
24600201,4_Flash_M84,24600201,2,4,0,0,0,0,0,0,0,0,0,0,0,0,0,0,0,0,0,0,0,0,6,0,0,0,0,0,0,0,M84 Flashbang_Permanent_NoItem,,I_D_4_Flash_M84,,1,0,60,100,0,98,1,1,1,02,0,1,0,8,2
24600202,4_Flash_M84,24600201,2,4,0,0,0,20250,16000,0,0,1,0,1,0,0,0,0,0,0,0,0,0,0,6,0,0,0,0,0,0,0,M84 Flashbang_Permanent,1,I_D_4_Flash_M84,,1,0,60,100,0,98,1,1,1,02,0,1,0,8,2
24400301,4_Smoke_M18G,24400301,2,4,0,0,0,0,0,0,0,0,0,0,0,0,0,0,0,0,0,0,0,0,4,0,0,0,1,0,0,0,M18 Smoke Grenade_Period_NoItem,,I_D_4_Smoke_M18G,,1,0,60,100,0,98,1,1,1,02,0,1,0,8,2
24400302,4_Smoke_M18G,24400301,2,4,0,0,0,1000,500,0,0,0,0,0,0,0,0,0,0,0,0,0,0,0,4,0,86400,0,1,0,0,0,M18 Smoke Grenade_Period_24,,I_D_4_Smoke_M18G,,1,0,60,100,0,98,1,1,1,02,0,1,0,8,2
24400303,4_Smoke_M18G,24400301,2,4,0,0,0,5700,3200,0,0,0,0,0,0,0,0,0,0,0,0,0,0,0,4,0,604800,0,1,0,0,0,M18 Smoke Grenade_Period_168,,I_D_4_Smoke_M18G,,1,0,60,100,0,98,1,1,1,02,0,1,0,8,2
24400304,4_Smoke_M18G,24400301,2,4,0,0,0,19000,10600,0,0,0,0,0,0,0,0,0,0,0,0,0,0,0,4,0,2592000,0,1,0,0,0,M18 Smoke Grenade_Period_720,,I_D_4_Smoke_M18G,,1,0,60,100,0,98,1,1,1,02,0,1,0,8,2
24200301,4_Smoke_M18G,24200301,2,4,0,0,0,0,0,0,0,0,0,0,0,0,0,0,0,0,0,0,0,0,2,172800,0,0,1,0,8,0,M18 Smoke Grenade_Durability_NoItem,,I_D_4_Smoke_M18G,,1,0,60,100,0,98,1,1,1,02,0,1,0,8,2
24200302,4_Smoke_M18G,24200301,2,4,0,0,0,28800,16000,0,0,0,0,0,0,0,0,0,0,0,0,0,0,0,2,172800,0,0,1,0,8,0,M18 Smoke Grenade_Durability,,I_D_4_Smoke_M18G,,1,0,60,100,0,98,1,1,1,02,0,1,0,8,2
24600301,4_Smoke_M18G,24600301,2,4,0,0,0,0,0,0,0,0,0,0,0,0,0,0,0,0,0,0,0,0,6,0,0,0,0,0,0,0,M18 Smoke Grenade_Permanent_NoItem,,I_D_4_Smoke_M18G,,1,0,60,100,0,98,1,1,1,02,0,1,0,8,2
24600302,4_Smoke_M18G,24600301,2,4,0,0,0,20250,16000,0,0,1,0,1,0,0,0,0,0,0,0,0,0,0,6,0,0,0,0,0,0,0,M18 Smoke Grenade_Permanent,1,I_D_4_Smoke_M18G,,1,0,60,100,0,98,1,1,1,02,0,1,0,8,2
25400101,N_Missile_Launcher,25400101,2,5,0,0,0,0,0,0,0,0,0,0,0,0,0,0,0,0,0,0,0,0,4,0,0,0,1,0,0,0,Missle Launcher_Period_NoItem,,I_D_N_Missile_Launcher,,1,100,60,100,0,98,2,4,1,00,0,1,0,9,2
25400102,N_Missile_Launcher,25400101,2,5,0,0,0,1400,800,0,0,0,0,0,0,0,0,0,0,0,0,0,0,0,4,0,86400,0,1,0,0,0,Missle Launcher_Period_24,,I_D_N_Missile_Launcher,,1,100,60,100,0,98,2,4,1,00,0,1,0,9,2
25400103,N_Missile_Launcher,25400101,2,5,0,0,0,8600,4800,0,0,0,0,0,0,0,0,0,0,0,0,0,0,0,4,0,604800,0,1,0,0,0,Missle Launcher_Period_168,,I_D_N_Missile_Launcher,,1,100,60,100,0,98,2,4,1,00,0,1,0,9,2
25400104,N_Missile_Launcher,25400101,2,5,0,0,0,28500,15800,0,0,0,0,0,0,0,0,0,0,0,0,0,0,0,4,0,2592000,0,1,0,0,0,Missle Launcher_Period_720,,I_D_N_Missile_Launcher,,1,100,60,100,0,98,2,4,1,00,0,1,0,9,2
25200101,N_Missile_Launcher,25200101,2,5,0,0,0,0,0,0,0,0,0,0,0,0,0,0,0,0,0,0,0,0,2,172800,0,0,1,0,5,0,Missle Launcher_Durability_NoItem,,I_D_N_Missile_Launcher,,1,100,60,100,0,98,2,4,1,00,0,1,0,9,2
25200102,N_Missile_Launcher,25200101,2,5,0,0,0,43200,24000,0,0,0,0,0,0,0,0,0,0,0,0,0,0,0,2,172800,0,0,1,0,5,0,Missle Launcher_Durability,,I_D_N_Missile_Launcher,,1,100,60,100,0,98,2,4,1,00,0,1,0,9,2
25600101,N_Missile_Launcher,25600101,2,5,0,0,0,0,0,0,0,0,0,0,0,0,0,0,0,0,0,0,0,0,6,0,0,0,0,0,0,0,Missle Launcher_Permanent_NoItem,,I_D_N_Missile_Launcher,,1,100,60,100,0,98,2,4,1,00,0,1,0,9,2
25600102,N_Missile_Launcher,25600101,2,5,0,0,0,43200,24000,0,0,0,0,0,0,0,0,0,0,0,0,0,0,0,6,0,0,0,0,0,0,0,Missle Launcher_Permanent,,I_D_N_Missile_Launcher,,1,100,60,100,0,98,2,4,1,00,0,1,0,9,2
25400201,N_Laser_FL-3,25400201,2,5,0,0,0,0,0,0,0,0,0,0,0,0,0,0,0,0,0,0,0,0,4,0,0,0,1,0,0,1,Laser FL-3_Period_NoItem,,I_D_N_Laser_FL-3,,1,100,60,100,0,98,50,100,1,00,0,1,0,9,2
25400202,N_Laser_FL-3,25400201,2,5,0,0,0,0,0,0,0,0,0,0,0,0,0,0,0,0,0,0,0,0,4,0,86400,0,1,0,0,1,Laser FL-3_Period_24,,I_D_N_Laser_FL-3,,1,100,60,100,0,98,50,100,1,00,0,1,0,9,2
25400203,N_Laser_FL-3,25400201,2,5,0,0,0,0,0,0,0,0,0,0,0,0,0,0,0,0,0,0,0,0,4,0,604800,0,1,0,0,1,Laser FL-3_Period_168,,I_D_N_Laser_FL-3,,1,100,60,100,0,98,50,100,1,00,0,1,0,9,2
25400204,N_Laser_FL-3,25400201,2,5,0,0,0,0,0,0,0,0,0,0,0,0,0,0,0,0,0,0,0,0,4,0,2592000,0,1,0,0,1,Laser FL-3_Period_720,,I_D_N_Laser_FL-3,,1,100,60,100,0,98,50,100,1,00,0,1,0,9,2
25200201,N_Laser_FL-3,25200201,2,5,0,0,0,0,0,0,0,0,0,0,0,0,0,0,0,0,0,0,0,0,2,172800,0,0,1,0,5,1,Laser FL-3_Durability_NoItem,,I_D_N_Laser_FL-3,,1,100,60,100,0,98,50,100,1,00,0,1,0,9,2
25200202,N_Laser_FL-3,25200201,2,5,0,0,0,0,0,0,0,0,0,0,0,0,0,0,0,0,0,0,0,0,2,172800,0,0,1,0,5,1,Laser FL-3_Durability,,I_D_N_Laser_FL-3,,1,100,60,100,0,98,50,100,1,00,0,1,0,9,2
25600201,N_Laser_FL-3,25600201,2,5,0,0,0,0,0,0,0,0,0,0,0,0,0,0,0,0,0,0,0,0,6,0,0,0,0,0,0,1,Laser FL-3_Permanent_NoItem,,I_D_N_Laser_FL-3,,1,100,60,100,0,98,50,100,1,00,0,1,0,9,2
25600202,N_Laser_FL-3,25600201,2,5,0,0,0,27000,0,0,0,1,0,1,0,0,0,0,0,0,0,0,0,0,6,0,0,0,0,0,0,1,Laser FL-3_Permanent,1,I_D_N_Laser_FL-3,,1,100,60,100,0,98,50,100,1,00,0,1,0,9,2
25400301,N_FlameThrower,25400301,2,5,0,0,0,0,0,0,0,0,0,0,0,0,0,0,0,0,0,0,0,0,4,0,0,0,1,0,0,0,FlameThrower_Period_NoItem,,I_D_N_FlameThrower,,1,100,60,100,0,98,1,1,1,00,0,1,0,9,2
25400302,N_FlameThrower,25400301,2,5,0,0,0,1400,800,0,0,0,0,0,0,0,0,0,0,0,0,0,0,0,4,0,86400,0,1,0,0,0,FlameThrower_Period_24,,I_D_N_FlameThrower,,1,100,60,100,0,98,1,1,1,00,0,1,0,9,2
25400303,N_FlameThrower,25400301,2,5,0,0,0,8600,4800,0,0,0,0,0,0,0,0,0,0,0,0,0,0,0,4,0,604800,0,1,0,0,0,FlameThrower_Period_168,,I_D_N_FlameThrower,,1,100,60,100,0,98,1,1,1,00,0,1,0,9,2
25400304,N_FlameThrower,25400301,2,5,0,0,0,28500,15800,0,0,0,0,0,0,0,0,0,0,0,0,0,0,0,4,0,2592000,0,1,0,0,0,FlameThrower_Period_720,,I_D_N_FlameThrower,,1,100,60,100,0,98,1,1,1,00,0,1,0,9,2
25200301,N_FlameThrower,25200301,2,5,0,0,0,0,0,0,0,0,0,0,0,0,0,0,0,0,0,0,0,0,2,172800,0,0,1,0,5,0,FlameThrower_Durability_NoItem,,I_D_N_FlameThrower,,1,100,60,100,0,98,1,1,1,00,0,1,0,9,2
25200302,N_FlameThrower,25200301,2,5,0,0,0,43200,24000,0,0,0,0,0,0,0,0,0,0,0,0,0,0,0,2,172800,0,0,1,0,5,0,FlameThrower_Durability,,I_D_N_FlameThrower,,1,100,60,100,0,98,1,1,1,00,0,1,0,9,2
25600301,N_FlameThrower,25600301,2,5,0,0,0,0,0,0,0,0,0,0,0,0,0,0,0,0,0,0,0,0,6,0,0,0,0,0,0,0,FlameThrower_Permanent_NoItem,,I_D_N_FlameThrower,,1,100,60,100,0,98,1,1,1,00,0,1,0,9,2
25600302,N_FlameThrower,25600301,2,5,0,0,0,43200,24000,0,0,0,0,0,0,0,0,0,0,0,0,0,0,0,6,0,0,0,0,0,0,0,FlameThrower_Permanent,,I_D_N_FlameThrower,,1,100,60,100,0,98,1,1,1,00,0,1,0,9,2
61400201,Suppressor_KACStyleQD_1,61400201,6,1,0,0,0,0,0,0,0,0,0,0,0,0,0,0,0,0,0,0,0,0,4,0,0,0,1,0,0,0,KAC Suppressor_Period_NoItem,,I_D_Suppressor_KACStyleQD_1,,1,0,0,0,0,0,0,0,1,00,0,1,0,0,6
61400202,Suppressor_KACStyleQD_1,61400201,6,1,0,0,0,480,100,0,0,1,0,1,0,0,0,0,0,0,0,0,0,0,4,0,86400,0,1,0,0,0,KAC Suppressor_Period_24,1,I_D_Suppressor_KACStyleQD_1,,1,0,0,0,0,0,0,0,1,00,0,1,0,0,6
61400203,Suppressor_KACStyleQD_1,61400201,6,1,0,0,0,2016,500,0,0,1,0,0,0,0,0,0,0,0,0,0,0,0,4,0,604800,0,1,0,0,0,KAC Suppressor_Period_168,2,I_D_Suppressor_KACStyleQD_1,,1,0,0,0,0,0,0,0,1,00,0,1,0,0,6
61400204,Suppressor_KACStyleQD_1,61400201,6,1,0,0,0,5760,1700,0,0,1,0,0,0,0,0,0,0,0,0,0,0,0,4,0,2592000,0,1,0,0,0,KAC Suppressor_Period_720,3,I_D_Suppressor_KACStyleQD_1,,1,0,0,0,0,0,0,0,1,00,0,1,0,0,6
61400301,Suppressor_SocomUn_1,61400301,6,1,0,0,0,0,0,0,0,0,0,0,0,0,0,0,0,0,0,0,0,0,4,0,0,0,1,0,0,0,SOCOM Suppressor_Period_NoItem,,I_D_Suppressor_SocomUn_1,,1,0,0,0,0,0,0,0,1,00,0,1,0,0,6
61400302,Suppressor_SocomUn_1,61400301,6,1,0,0,0,480,100,0,0,1,0,1,0,0,0,0,0,0,0,0,0,0,4,0,86400,0,1,0,0,0,SOCOM Suppressor_Period_24,1,I_D_Suppressor_SocomUn_1,,1,0,0,0,0,0,0,0,1,00,0,1,0,0,6
61400303,Suppressor_SocomUn_1,61400301,6,1,0,0,0,2016,500,0,0,1,0,0,0,0,0,0,0,0,0,0,0,0,4,0,604800,0,1,0,0,0,SOCOM Suppressor_Period_168,2,I_D_Suppressor_SocomUn_1,,1,0,0,0,0,0,0,0,1,00,0,1,0,0,6
61400304,Suppressor_SocomUn_1,61400301,6,1,0,0,0,5760,1700,0,0,1,0,0,0,0,0,0,0,0,0,0,0,0,4,0,2592000,0,1,0,0,0,SOCOM Suppressor_Period_720,3,I_D_Suppressor_SocomUn_1,,1,0,0,0,0,0,0,0,1,00,0,1,0,0,6
62400101,Scope_AR_EOTech_X2_1,62400101,6,2,0,0,0,0,0,0,0,0,0,0,0,0,0,0,0,0,0,0,0,0,4,0,0,0,1,0,0,0,x2 EOTech_Period_NoItem,,I_D_Scope_AR_EOTech_X2_1,,1,0,0,0,0,0,0,0,1,00,0,1,0,0,6
62400201,Scope_AR_TruGlo_X1_1,62400201,6,2,0,0,0,0,0,0,0,0,0,0,0,0,0,0,0,0,0,0,0,0,4,0,0,0,1,0,0,0,x1 TruGl_Period_NoItem,,I_D_Scope_AR_TruGlo_X1_1,,1,0,0,0,0,0,0,0,1,00,0,1,0,0,6
62400202,Scope_AR_TruGlo_X1_1,62400201,6,2,0,0,0,300,100,0,0,1,0,1,0,0,0,0,0,0,0,0,0,0,4,0,86400,0,1,0,0,0,x1 TruGl_Period_24,1,I_D_Scope_AR_TruGlo_X1_1,,1,0,0,0,0,0,0,0,1,00,0,1,0,0,6
62400203,Scope_AR_TruGlo_X1_1,62400201,6,2,0,0,0,1260,400,0,0,1,0,0,0,0,0,0,0,0,0,0,0,0,4,0,604800,0,1,0,0,0,x1 TruGl_Period_168,2,I_D_Scope_AR_TruGlo_X1_1,,1,0,0,0,0,0,0,0,1,00,0,1,0,0,6
62400204,Scope_AR_TruGlo_X1_1,62400201,6,2,0,0,0,3600,1300,0,0,1,0,0,0,0,0,0,0,0,0,0,0,0,4,0,2592000,0,1,0,0,0,x1 TruGl_Period_720,3,I_D_Scope_AR_TruGlo_X1_1,,1,0,0,0,0,0,0,0,1,00,0,1,0,0,6
62400301,Scope_SR_NightforceNXS_X8_1,62400301,6,2,0,0,0,0,0,0,0,0,0,0,0,0,0,0,0,0,0,0,0,0,4,0,0,0,1,0,0,0,x4 Nightforce NXS_Period_NoItem,,I_D_Scope_SR_NightforceNXS_X8_1,,1,0,0,0,0,0,0,0,1,00,0,1,0,0,6
62400302,Scope_SR_NightforceNXS_X8_1,62400301,6,2,0,0,0,360,100,0,0,1,0,1,0,0,0,0,0,0,0,0,0,0,4,0,86400,0,1,0,0,0,x4 Nightforce NXS_Period_24,1,I_D_Scope_SR_NightforceNXS_X8_1,,1,0,0,0,0,0,0,0,1,00,0,1,0,0,6
62400303,Scope_SR_NightforceNXS_X8_1,62400301,6,2,0,0,0,1512,500,0,0,1,0,0,0,0,0,0,0,0,0,0,0,0,4,0,604800,0,1,0,0,0,x4 Nightforce NXS_Period_168,2,I_D_Scope_SR_NightforceNXS_X8_1,,1,0,0,0,0,0,0,0,1,00,0,1,0,0,6
62400304,Scope_SR_NightforceNXS_X8_1,62400301,6,2,0,0,0,4320,1700,0,0,1,0,0,0,0,0,0,0,0,0,0,0,0,4,0,2592000,0,1,0,0,0,x4 Nightforce NXS_Period_720,3,I_D_Scope_SR_NightforceNXS_X8_1,,1,0,0,0,0,0,0,0,1,00,0,1,0,0,6
62400401,Scope_SR_MST100X10_1,62400401,6,2,0,0,0,0,0,0,0,0,0,0,0,0,0,0,0,0,0,0,0,0,4,0,0,0,1,0,0,0,x4-8 SR MST100_Period_NoItem,,I_D_Scope_SR_MST100X10_1,,1,0,0,0,0,0,0,0,1,00,0,1,0,0,6
62400402,Scope_SR_MST100X10_1,62400401,6,2,0,0,0,360,100,0,0,1,0,1,0,0,0,0,0,0,0,0,0,0,4,0,86400,0,1,0,0,0,x4-8 SR MST100_Period_24,1,I_D_Scope_SR_MST100X10_1,,1,0,0,0,0,0,0,0,1,00,0,1,0,0,6
62400403,Scope_SR_MST100X10_1,62400401,6,2,0,0,0,1512,500,0,0,1,0,0,0,0,0,0,0,0,0,0,0,0,4,0,604800,0,1,0,0,0,x4-8 SR MST100_Period_168,2,I_D_Scope_SR_MST100X10_1,,1,0,0,0,0,0,0,0,1,00,0,1,0,0,6
62400404,Scope_SR_MST100X10_1,62400401,6,2,0,0,0,4320,1700,0,0,1,0,0,0,0,0,0,0,0,0,0,0,0,4,0,2592000,0,1,0,0,0,x4-8 SR MST100_Period_720,3,I_D_Scope_SR_MST100X10_1,,1,0,0,0,0,0,0,0,1,00,0,1,0,0,6
62400501,Scope_AR_EO-XPS_X1_1,62400501,6,2,0,0,0,0,0,0,0,0,0,0,0,0,0,0,0,0,0,0,0,0,4,0,0,0,1,0,0,0,x1 EO-XPS_Period_NoItem,,I_D_Scope_AR_EO-XPS_X1_1,,1,0,0,0,0,0,0,0,1,00,0,1,0,0,6
62400502,Scope_AR_EO-XPS_X1_1,62400501,6,2,0,0,0,300,100,0,0,1,0,1,0,0,0,0,0,0,0,0,0,0,4,0,86400,0,1,0,0,0,x1 EO-XPS_Period_24,1,I_D_Scope_AR_EO-XPS_X1_1,,1,0,0,0,0,0,0,0,1,00,0,1,0,0,6
62400503,Scope_AR_EO-XPS_X1_1,62400501,6,2,0,0,0,1260,500,0,0,1,0,0,0,0,0,0,0,0,0,0,0,0,4,0,604800,0,1,0,0,0,x1 EO-XPS_Period_168,2,I_D_Scope_AR_EO-XPS_X1_1,,1,0,0,0,0,0,0,0,1,00,0,1,0,0,6
62400504,Scope_AR_EO-XPS_X1_1,62400501,6,2,0,0,0,3600,1700,0,0,1,0,0,0,0,0,0,0,0,0,0,0,0,4,0,2592000,0,1,0,0,0,x1 EO-XPS_Period_720,3,I_D_Scope_AR_EO-XPS_X1_1,,1,0,0,0,0,0,0,0,1,00,0,1,0,0,6
62400601,Scope_AR_ACOGX4,62400601,6,2,0,0,0,0,0,0,0,0,0,0,0,0,0,0,0,0,0,0,0,0,4,0,0,0,1,0,0,0,x4 ACOG_Period_NoItem,,I_D_Scope_AR_ACOGX4,,1,0,0,0,0,0,0,0,1,00,0,1,0,0,6
62400602,Scope_AR_ACOGX4,62400601,6,2,0,0,0,420,100,0,0,1,0,1,0,0,0,0,0,0,0,0,0,0,4,0,86400,0,1,0,0,0,x4 ACOG_Period_24,1,I_D_Scope_AR_ACOGX4,,1,0,0,0,0,0,0,0,1,00,0,1,0,0,6
62400603,Scope_AR_ACOGX4,62400601,6,2,0,0,0,1764,600,0,0,1,0,0,0,0,0,0,0,0,0,0,0,0,4,0,604800,0,1,0,0,0,x4 ACOG_Period_168,2,I_D_Scope_AR_ACOGX4,,1,0,0,0,0,0,0,0,1,00,0,1,0,0,6
62400604,Scope_AR_ACOGX4,62400601,6,2,0,0,0,5040,2000,0,0,1,0,0,0,0,0,0,0,0,0,0,0,0,4,0,2592000,0,1,0,0,0,x4 ACOG_Period_720,3,I_D_Scope_AR_ACOGX4,,1,0,0,0,0,0,0,0,1,00,0,1,0,0,6
63400101,Laser_PEQ-15,63400101,6,3,0,0,0,0,0,0,0,0,0,0,0,0,0,0,0,0,0,0,0,0,4,0,0,0,1,0,0,0,Laser PEQ-15_Period_NoItem,,I_D_Laser_PEQ-15,,1,0,0,0,0,0,0,0,1,00,0,1,0,0,6
63400102,Laser_PEQ-15,63400101,6,3,0,0,0,420,100,0,0,1,0,1,0,0,0,0,0,0,0,0,0,0,4,0,86400,0,1,0,0,0,Laser PEQ-15_Period_24,1,I_D_Laser_PEQ-15,,1,0,0,0,0,0,0,0,1,00,0,1,0,0,6
63400103,Laser_PEQ-15,63400101,6,3,0,0,0,1764,500,0,0,1,0,0,0,0,0,0,0,0,0,0,0,0,4,0,604800,0,1,0,0,0,Laser PEQ-15_Period_168,2,I_D_Laser_PEQ-15,,1,0,0,0,0,0,0,0,1,00,0,1,0,0,6
63400104,Laser_PEQ-15,63400101,6,3,0,0,0,5040,1700,0,0,1,0,0,0,0,0,0,0,0,0,0,0,0,4,0,2592000,0,1,0,0,0,Laser PEQ-15_Period_720,3,I_D_Laser_PEQ-15,,1,0,0,0,0,0,0,0,1,00,0,1,0,0,6
64400101,Flash_Lumen-90,64400101,6,4,0,0,0,0,0,0,0,0,0,0,0,0,0,0,0,0,0,0,0,0,4,0,0,0,1,0,0,0,Lumen-90_Period_NoItem,,I_D_Flash_Lumen-90,,1,0,0,0,0,0,0,0,1,00,0,1,0,0,6
64400102,Flash_Lumen-90,64400101,6,4,0,0,0,420,100,0,0,1,0,1,0,0,0,0,0,0,0,0,0,0,4,0,86400,0,1,0,0,0,Lumen-90_Period_24,1,I_D_Flash_Lumen-90,,1,0,0,0,0,0,0,0,1,00,0,1,0,0,6
64400103,Flash_Lumen-90,64400101,6,4,0,0,0,1764,500,0,0,1,0,0,0,0,0,0,0,0,0,0,0,0,4,0,604800,0,1,0,0,0,Lumen-90_Period_168,2,I_D_Flash_Lumen-90,,1,0,0,0,0,0,0,0,1,00,0,1,0,0,6
64400104,Flash_Lumen-90,64400101,6,4,0,0,0,5040,1700,0,0,1,0,0,0,0,0,0,0,0,0,0,0,0,4,0,2592000,0,1,0,0,0,Lumen-90_Period_720,3,I_D_Flash_Lumen-90,,1,0,0,0,0,0,0,0,1,00,0,1,0,0,6
65400101,Barrel_WOA-18,65400101,6,5,0,0,0,0,0,0,0,0,0,0,0,0,0,0,0,0,0,0,0,0,4,0,0,0,1,0,0,0,WOA-18_Period_NoItem,,I_D_Barrel_WOA-18,,1,0,0,0,0,0,0,0,1,00,0,1,0,0,6
65400102,Barrel_WOA-18,65400101,6,5,0,0,0,300,100,0,0,1,0,1,0,0,0,0,0,0,0,0,0,0,4,0,86400,0,1,0,0,0,WOA-18_Period_24,1,I_D_Barrel_WOA-18,,1,0,0,0,0,0,0,0,1,00,0,1,0,0,6
65400103,Barrel_WOA-18,65400101,6,5,0,0,0,1260,500,0,0,1,0,0,0,0,0,0,0,0,0,0,0,0,4,0,604800,0,1,0,0,0,WOA-18_Period_168,2,I_D_Barrel_WOA-18,,1,0,0,0,0,0,0,0,1,00,0,1,0,0,6
65400104,Barrel_WOA-18,65400101,6,5,0,0,0,3600,1700,0,0,1,0,0,0,0,0,0,0,0,0,0,0,0,4,0,2592000,0,1,0,0,0,WOA-18_Period_720,3,I_D_Barrel_WOA-18,,1,0,0,0,0,0,0,0,1,00,0,1,0,0,6
66400101,Trigger_Hipertouch-24,66400101,6,6,0,0,0,0,0,0,0,0,0,0,0,0,0,0,0,0,0,0,0,0,4,0,0,0,1,0,0,0,HiperTouch-24_Period_NoItem,,I_D_Trigger_Hipertouch-24,,1,0,0,0,0,0,0,0,1,00,0,1,0,0,6
66400102,Trigger_Hipertouch-24,66400101,6,6,0,0,0,300,100,0,0,1,0,1,0,0,0,0,0,0,0,0,0,0,4,0,86400,0,1,0,0,0,HiperTouch-24_Period_24,1,I_D_Trigger_Hipertouch-24,,1,0,0,0,0,0,0,0,1,00,0,1,0,0,6
66400103,Trigger_Hipertouch-24,66400101,6,6,0,0,0,1260,500,0,0,1,0,0,0,0,0,0,0,0,0,0,0,0,4,0,604800,0,1,0,0,0,HiperTouch-24_Period_168,2,I_D_Trigger_Hipertouch-24,,1,0,0,0,0,0,0,0,1,00,0,1,0,0,6
66400104,Trigger_Hipertouch-24,66400101,6,6,0,0,0,3600,1700,0,0,1,0,0,0,0,0,0,0,0,0,0,0,0,4,0,2592000,0,1,0,0,0,HiperTouch-24_Period_720,3,I_D_Trigger_Hipertouch-24,,1,0,0,0,0,0,0,0,1,00,0,1,0,0,6
31100101,GEAR_Helmet_de,31100101,3,1,0,0,0,0,0,0,0,0,0,0,0,0,0,0,0,0,0,0,0,0,1,0,0,0,1,0,0,0,Pelter XS_Primary,,I_D_GEAR_Helmet_de,,0,0,0,0,0,0,0,0,0,00,0,1,0,0,3
31100102,GEAR_Helmet_de,31100101,3,1,0,0,0,5200,2900,0,0,0,0,0,0,0,0,0,0,0,0,0,0,0,1,0,0,0,1,0,0,0,Pelter XS_Primary,,I_D_GEAR_Helmet_de,,0,0,0,0,0,0,0,0,0,00,0,1,0,0,3
31400101,GEAR_Helmet_01,31400101,3,1,0,0,0,0,0,0,0,0,0,0,0,0,0,0,0,0,0,0,0,0,4,0,0,0,1,0,0,0,Pelter Headset_Period_NoItem,,I_D_GEAR_Helmet_01,,0,0,0,0,0,0,0,0,1,02,0,1,0,0,3
31400102,GEAR_Helmet_01,31400101,3,1,0,0,0,480,200,0,0,1,0,1,0,0,0,0,0,0,0,0,0,0,4,0,86400,0,1,0,0,0,Pelter Headset_Period_24,1,I_D_GEAR_Helmet_01,,0,0,0,0,0,0,0,0,1,02,0,1,0,0,3
31400103,GEAR_Helmet_01,31400101,3,1,0,0,0,2016,1300,0,0,1,0,0,0,0,0,0,0,0,0,0,0,0,4,0,604800,0,1,0,0,0,Pelter Headset_Period_168,2,I_D_GEAR_Helmet_01,,0,0,0,0,0,0,0,0,1,02,0,1,0,0,3
31400104,GEAR_Helmet_01,31400101,3,1,0,0,0,5760,4400,0,0,1,0,0,0,0,0,0,0,0,0,0,0,0,4,0,2592000,0,1,0,0,0,Pelter Headset_Period_720,3,I_D_GEAR_Helmet_01,,0,0,0,0,0,0,0,0,1,02,0,1,0,0,3
31200101,GEAR_Helmet_01,31200101,3,1,0,0,0,0,0,0,0,0,0,0,0,0,0,0,0,0,0,0,0,0,2,172800,0,0,1,0,18,0,Pelter Headset_Durability_NoItem,,I_D_GEAR_Helmet_01,,1,0,0,0,0,0,0,0,1,02,0,1,0,0,3
31200102,GEAR_Helmet_01,31200101,3,1,0,0,0,12000,6700,0,0,0,0,0,0,0,0,0,0,0,0,0,0,0,2,172800,0,0,1,0,18,0,Pelter Headset_Durability,,I_D_GEAR_Helmet_01,,2,0,0,0,0,0,0,0,1,02,0,1,0,0,3
31400201,GEAR_Helmet_02,31400201,3,1,0,0,0,0,0,0,0,0,0,0,0,0,0,0,0,0,0,0,0,0,4,0,0,0,1,0,0,0,PASGT_Period_NoItem,,I_D_GEAR_Helmet_02,,3,0,0,0,0,0,0,0,1,03,0,1,0,0,3
31400202,GEAR_Helmet_02,31400201,3,1,0,0,0,600,200,0,0,1,0,1,0,0,0,0,0,0,0,0,0,0,4,0,86400,0,1,0,0,0,PASGT_Period_24,1,I_D_GEAR_Helmet_02,,4,0,0,0,0,0,0,0,1,03,0,1,0,0,3
31400203,GEAR_Helmet_02,31400201,3,1,0,0,0,2520,1300,0,0,1,0,0,0,0,0,0,0,0,0,0,0,0,4,0,604800,0,1,0,0,0,PASGT_Period_168,2,I_D_GEAR_Helmet_02,,5,0,0,0,0,0,0,0,1,03,0,1,0,0,3
31400204,GEAR_Helmet_02,31400201,3,1,0,0,0,7200,4400,0,0,1,0,0,0,0,0,0,0,0,0,0,0,0,4,0,2592000,0,1,0,0,0,PASGT_Period_720,3,I_D_GEAR_Helmet_02,,6,0,0,0,0,0,0,0,1,03,0,1,0,0,3
31200201,GEAR_Helmet_02,31200201,3,1,0,0,0,0,0,0,0,0,0,0,0,0,0,0,0,0,0,0,0,0,2,172800,0,0,1,0,18,0,PASGT_Durability_NoItem,,I_D_GEAR_Helmet_02,,7,0,0,0,0,0,0,0,1,03,0,1,0,0,3
31200202,GEAR_Helmet_02,31200201,3,1,0,0,0,12000,6700,0,0,0,0,0,0,0,0,0,0,0,0,0,0,0,2,172800,0,0,1,0,18,0,PASGT_Durability,,I_D_GEAR_Helmet_02,,8,0,0,0,0,0,0,0,1,03,0,1,0,0,3
31400301,GEAR_Helmet_03,31400301,3,1,0,0,0,0,0,0,0,0,0,0,0,0,0,0,0,0,0,0,0,0,4,0,0,0,1,0,0,0,Mich-2000_Period_NoItem,,I_D_GEAR_Helmet_03,,9,0,0,0,0,0,0,0,1,04,0,1,0,0,3
31400302,GEAR_Helmet_03,31400301,3,1,0,0,0,660,200,0,0,1,0,1,0,0,0,0,0,0,0,0,0,0,4,0,86400,0,1,0,0,0,Mich-2000_Period_24,1,I_D_GEAR_Helmet_03,,10,0,0,0,0,0,0,0,1,04,0,1,0,0,3
31400303,GEAR_Helmet_03,31400301,3,1,0,0,0,2772,1300,0,0,1,0,0,0,0,0,0,0,0,0,0,0,0,4,0,604800,0,1,0,0,0,Mich-2000_Period_168,2,I_D_GEAR_Helmet_03,,11,0,0,0,0,0,0,0,1,04,0,1,0,0,3
31400304,GEAR_Helmet_03,31400301,3,1,0,0,0,7920,4400,0,0,1,0,0,0,0,0,0,0,0,0,0,0,0,4,0,2592000,0,1,0,0,0,Mich-2000_Period_720,3,I_D_GEAR_Helmet_03,,12,0,0,0,0,0,0,0,1,04,0,1,0,0,3
31200301,GEAR_Helmet_03,31200301,3,1,0,0,0,0,0,0,0,0,0,0,0,0,0,0,0,0,0,0,0,0,2,172800,0,0,1,0,18,0,Mich-2000_Durability_NoItem,,I_D_GEAR_Helmet_03,,13,0,0,0,0,0,0,0,1,04,0,1,0,0,3
31200302,GEAR_Helmet_03,31200301,3,1,0,0,0,12000,6700,0,0,0,0,0,0,0,0,0,0,0,0,0,0,0,2,172800,0,0,1,0,18,0,Mich-2000_Durability,,I_D_GEAR_Helmet_03,,14,0,0,0,0,0,0,0,1,04,0,1,0,0,3
31400401,GEAR_Helmet_04,31400401,3,1,0,0,0,0,0,0,0,0,0,0,0,0,0,0,0,0,0,0,0,0,4,0,0,0,1,0,0,0,PASGT Blaze_Period_NoItem,,I_D_GEAR_Helmet_04,,15,0,0,0,0,0,0,0,1,05,0,1,0,0,3
31400402,GEAR_Helmet_04,31400401,3,1,0,0,0,660,200,0,0,1,0,1,0,0,0,0,0,0,0,0,0,0,4,0,86400,0,1,0,0,0,PASGT Blaze_Period_24,1,I_D_GEAR_Helmet_04,,16,0,0,0,0,0,0,0,1,05,0,1,0,0,3
31400403,GEAR_Helmet_04,31400401,3,1,0,0,0,2772,1300,0,0,1,0,0,0,0,0,0,0,0,0,0,0,0,4,0,604800,0,1,0,0,0,PASGT Blaze_Period_168,2,I_D_GEAR_Helmet_04,,17,0,0,0,0,0,0,0,1,05,0,1,0,0,3
31400404,GEAR_Helmet_04,31400401,3,1,0,0,0,7920,4400,0,0,1,0,0,0,0,0,0,0,0,0,0,0,0,4,0,2592000,0,1,0,0,0,PASGT Blaze_Period_720,3,I_D_GEAR_Helmet_04,,18,0,0,0,0,0,0,0,1,05,0,1,0,0,3
31200401,GEAR_Helmet_04,31200401,3,1,0,0,0,0,0,0,0,0,0,0,0,0,0,0,0,0,0,0,0,0,2,172800,0,0,1,0,18,0,PASGT Blaze_Durability_NoItem,,I_D_GEAR_Helmet_04,,19,0,0,0,0,0,0,0,1,05,0,1,0,0,3
31200402,GEAR_Helmet_04,31200401,3,1,0,0,0,12000,6700,0,0,0,0,0,0,0,0,0,0,0,0,0,0,0,2,172800,0,0,1,0,18,0,PASGT Blaze_Durability,,I_D_GEAR_Helmet_04,,20,0,0,0,0,0,0,0,1,05,0,1,0,0,3
31400501,GEAR_Helmet_05_Pilot,31400501,3,1,0,0,0,0,0,0,0,0,0,0,0,0,0,0,0,0,0,0,0,0,4,0,0,0,1,0,0,0,Pilot Helmet_Period_NoItem,,I_D_GEAR_Helmet_05_Pilot,,21,0,0,0,0,0,0,0,1,05,0,1,0,0,3
31400502,GEAR_Helmet_05_Pilot,31400501,3,1,0,0,0,720,200,0,0,1,0,1,0,0,0,0,0,0,0,0,0,0,4,0,86400,0,1,0,0,0,Pilot Helmet_Period_24,1,I_D_GEAR_Helmet_05_Pilot,,22,0,0,0,0,0,0,0,1,05,0,1,0,0,3
31400503,GEAR_Helmet_05_Pilot,31400501,3,1,0,0,0,3024,1300,0,0,1,0,0,0,0,0,0,0,0,0,0,0,0,4,0,604800,0,1,0,0,0,Pilot Helmet_Period_168,2,I_D_GEAR_Helmet_05_Pilot,,23,0,0,0,0,0,0,0,1,05,0,1,0,0,3
31400504,GEAR_Helmet_05_Pilot,31400501,3,1,0,0,0,8640,4400,0,0,1,0,0,0,0,0,0,0,0,0,0,0,0,4,0,2592000,0,1,0,0,0,Pilot Helmet_Period_720,3,I_D_GEAR_Helmet_05_Pilot,,24,0,0,0,0,0,0,0,1,05,0,1,0,0,3
31200501,GEAR_Helmet_05_Pilot,31200501,3,1,0,0,0,0,0,0,0,0,0,0,0,0,0,0,0,0,0,0,0,0,2,172800,0,0,1,0,18,0,Pilot Helmet_Durability_NoItem,,I_D_GEAR_Helmet_05_Pilot,,25,0,0,0,0,0,0,0,1,05,0,1,0,0,3
31200502,GEAR_Helmet_05_Pilot,31200501,3,1,0,0,0,12000,6700,0,0,0,0,0,0,0,0,0,0,0,0,0,0,0,2,172800,0,0,1,0,18,0,Pilot Helmet_Durability,,I_D_GEAR_Helmet_05_Pilot,,26,0,0,0,0,0,0,0,1,05,0,1,0,0,3
31400601,GEAR_Helmet_06_HM05,31400601,3,1,0,0,0,0,0,0,0,0,0,0,0,0,0,0,0,0,0,0,0,0,4,0,0,0,1,0,0,0,G01-Helmet_Period_NoItem,,I_D_GEAR_Helmet_06_HM05,,27,0,0,0,0,0,0,0,1,06,0,1,0,0,3
31400602,GEAR_Helmet_06_HM05,31400601,3,1,0,0,0,780,200,0,0,1,0,1,0,0,0,0,0,0,0,0,0,0,4,0,86400,0,1,0,0,0,G01-Helmet_Period_24,1,I_D_GEAR_Helmet_06_HM05,,28,0,0,0,0,0,0,0,1,06,0,1,0,0,3
31400603,GEAR_Helmet_06_HM05,31400601,3,1,0,0,0,3276,1300,0,0,1,0,0,0,0,0,0,0,0,0,0,0,0,4,0,604800,0,1,0,0,0,G01-Helmet_Period_168,2,I_D_GEAR_Helmet_06_HM05,,29,0,0,0,0,0,0,0,1,06,0,1,0,0,3
31400604,GEAR_Helmet_06_HM05,31400601,3,1,0,0,0,9360,4400,0,0,1,0,0,0,0,0,0,0,0,0,0,0,0,4,0,2592000,0,1,0,0,0,G01-Helmet_Period_720,3,I_D_GEAR_Helmet_06_HM05,,30,0,0,0,0,0,0,0,1,06,0,1,0,0,3
31200601,GEAR_Helmet_06_HM05,31200601,3,1,0,0,0,0,0,0,0,0,0,0,0,0,0,0,0,0,0,0,0,0,2,172800,0,0,1,0,18,0,G01-Helmet_Durability_NoItem,,I_D_GEAR_Helmet_06_HM05,,31,0,0,0,0,0,0,0,1,06,0,1,0,0,3
31200602,GEAR_Helmet_06_HM05,31200601,3,1,0,0,0,12000,6700,0,0,0,0,0,0,0,0,0,0,0,0,0,0,0,2,172800,0,0,1,0,18,0,G01-Helmet_Durability,,I_D_GEAR_Helmet_06_HM05,,32,0,0,0,0,0,0,0,1,06,0,1,0,0,3
31400701,GEAR_H_Helmet_02_XmasHorn,31400701,3,1,101,0,0,0,0,0,0,0,0,0,0,0,0,0,0,0,0,0,0,0,4,0,0,0,1,0,0,0,XmasHorn Helmet_Period_NoItem,,I_D_GEAR_H_Helmet_02_XmasHorn,,0,0,0,0,0,0,0,0,1,00,0,1,0,0,3
31400702,GEAR_H_Helmet_02_XmasHorn,31400701,3,1,101,0,0,0,0,0,0,0,0,0,0,0,0,0,0,0,0,0,0,0,4,0,86400,0,1,0,0,0,XmasHorn Helmet_Period_24,1,I_D_GEAR_H_Helmet_02_XmasHorn,,0,0,0,0,0,0,0,0,1,00,0,1,0,0,3
31400703,GEAR_H_Helmet_02_XmasHorn,31400701,3,1,101,0,0,0,0,0,0,0,0,0,0,0,0,0,0,0,0,0,0,0,4,0,604800,0,1,0,0,0,XmasHorn Helmet_Period_168,2,I_D_GEAR_H_Helmet_02_XmasHorn,,0,0,0,0,0,0,0,0,1,00,0,1,0,0,3
31400704,GEAR_H_Helmet_02_XmasHorn,31400701,3,1,101,0,0,0,0,0,0,0,0,0,0,0,0,0,0,0,0,0,0,0,4,0,2592000,0,1,0,0,0,XmasHorn Helmet_Period_720,3,I_D_GEAR_H_Helmet_02_XmasHorn,,0,0,0,0,0,0,0,0,1,00,0,1,0,0,3
31200701,GEAR_H_Helmet_02_XmasHorn,31200701,3,1,101,0,0,0,0,0,0,0,0,0,0,0,0,0,0,0,0,0,0,0,2,172800,0,0,1,0,18,0,XmasHorn Helmet_Durability_NoItem,,I_D_GEAR_H_Helmet_02_XmasHorn,,0,0,0,0,0,0,0,0,1,00,0,1,0,0,3
31200702,GEAR_H_Helmet_02_XmasHorn,31200701,3,1,101,0,0,0,0,0,0,0,0,0,0,0,0,0,0,0,0,0,0,0,2,172800,0,0,1,0,18,0,XmasHorn Helmet_Durability,,I_D_GEAR_H_Helmet_02_XmasHorn,,0,0,0,0,0,0,0,0,1,00,0,1,0,0,3
32100101,GEAR_Goggle_de,32100101,3,2,0,0,0,0,0,0,0,0,0,0,0,0,0,0,0,0,0,0,0,0,1,0,0,0,1,0,0,0,Wind Goggle_Primary,,I_D_GEAR_Goggle_de,,39,0,0,0,0,0,0,0,0,00,0,1,0,0,3
32400101,GEAR_Goggle_01,32400101,3,2,204,0,0,0,0,0,0,0,0,0,0,0,0,0,0,0,0,0,0,0,4,0,0,0,1,0,0,0,Wind Goggle_Period_NoItem,,I_D_GEAR_Goggle_01,,40,0,0,0,0,0,0,0,1,03,0,1,0,0,3
32400102,GEAR_Goggle_01,32400101,3,2,204,0,0,660,200,0,0,1,0,1,0,0,0,0,0,0,0,0,0,0,4,0,86400,0,1,0,0,0,Wind Goggle_Period_24,1,I_D_GEAR_Goggle_01,,41,0,0,0,0,0,0,0,1,03,0,1,0,0,3
32400103,GEAR_Goggle_01,32400101,3,2,204,0,0,2772,1300,0,0,1,0,0,0,0,0,0,0,0,0,0,0,0,4,0,604800,0,1,0,0,0,Wind Goggle_Period_168,2,I_D_GEAR_Goggle_01,,42,0,0,0,0,0,0,0,1,03,0,1,0,0,3
32400104,GEAR_Goggle_01,32400101,3,2,204,0,0,7920,4400,0,0,1,0,0,0,0,0,0,0,0,0,0,0,0,4,0,2592000,0,1,0,0,0,Wind Goggle_Period_720,3,I_D_GEAR_Goggle_01,,43,0,0,0,0,0,0,0,1,03,0,1,0,0,3
32200101,GEAR_Goggle_01,32200101,3,2,204,0,0,0,0,0,0,0,0,0,0,0,0,0,0,0,0,0,0,0,2,172800,0,0,1,0,18,0,Wind Goggle_Durability_NoItem,,I_D_GEAR_Goggle_01,,44,0,0,0,0,0,0,0,1,03,0,1,0,0,3
32200102,GEAR_Goggle_01,32200101,3,2,204,0,0,12000,6700,0,0,0,0,0,0,0,0,0,0,0,0,0,0,0,2,172800,0,0,1,0,18,0,Wind Goggle_Durability,,I_D_GEAR_Goggle_01,,45,0,0,0,0,0,0,0,1,03,0,1,0,0,3
32400201,GEAR_Goggle_02,32400201,3,2,0,0,0,0,0,0,0,0,0,0,0,0,0,0,0,0,0,0,0,0,4,0,0,0,1,0,0,0,Ranger Glass_Period_NoItem,,I_D_GEAR_Goggle_02,,46,0,0,0,0,0,0,0,1,02,0,1,0,0,3
32400202,GEAR_Goggle_02,32400201,3,2,0,0,0,480,200,0,0,1,0,1,0,0,0,0,0,0,0,0,0,0,4,0,86400,0,1,0,0,0,Ranger Glass_Period_24,1,I_D_GEAR_Goggle_02,,47,0,0,0,0,0,0,0,1,02,0,1,0,0,3
32400203,GEAR_Goggle_02,32400201,3,2,0,0,0,2016,1300,0,0,1,0,0,0,0,0,0,0,0,0,0,0,0,4,0,604800,0,1,0,0,0,Ranger Glass_Period_168,2,I_D_GEAR_Goggle_02,,48,0,0,0,0,0,0,0,1,02,0,1,0,0,3
32400204,GEAR_Goggle_02,32400201,3,2,0,0,0,5760,4400,0,0,1,0,0,0,0,0,0,0,0,0,0,0,0,4,0,2592000,0,1,0,0,0,Ranger Glass_Period_720,3,I_D_GEAR_Goggle_02,,49,0,0,0,0,0,0,0,1,02,0,1,0,0,3
32200201,GEAR_Goggle_02,32200201,3,2,0,0,0,0,0,0,0,0,0,0,0,0,0,0,0,0,0,0,0,0,2,172800,0,0,1,0,18,0,Ranger Glass_Durability_NoItem,,I_D_GEAR_Goggle_02,,50,0,0,0,0,0,0,0,1,02,0,1,0,0,3
32200202,GEAR_Goggle_02,32200201,3,2,0,0,0,12000,6700,0,0,0,0,0,0,0,0,0,0,0,0,0,0,0,2,172800,0,0,1,0,18,0,Ranger Glass_Durability,,I_D_GEAR_Goggle_02,,51,0,0,0,0,0,0,0,1,02,0,1,0,0,3
32400301,GEAR_Goggle_03,32400301,3,2,205,0,0,0,0,0,0,0,0,0,0,0,0,0,0,0,0,0,0,0,4,0,0,0,1,0,0,0,Cycle Glass_Period_NoItem,,I_D_GEAR_Goggle_03,,52,0,0,0,0,0,0,0,1,04,0,1,0,0,3
32400302,GEAR_Goggle_03,32400301,3,2,205,0,0,780,200,0,0,1,0,1,0,0,0,0,0,0,0,0,0,0,4,0,86400,0,1,0,0,0,Cycle Glass_Period_24,1,I_D_GEAR_Goggle_03,,53,0,0,0,0,0,0,0,1,04,0,1,0,0,3
32400303,GEAR_Goggle_03,32400301,3,2,205,0,0,3276,1300,0,0,1,0,0,0,0,0,0,0,0,0,0,0,0,4,0,604800,0,1,0,0,0,Cycle Glass_Period_168,2,I_D_GEAR_Goggle_03,,54,0,0,0,0,0,0,0,1,04,0,1,0,0,3
32400304,GEAR_Goggle_03,32400301,3,2,205,0,0,9360,4400,0,0,1,0,0,0,0,0,0,0,0,0,0,0,0,4,0,2592000,0,1,0,0,0,Cycle Glass_Period_720,3,I_D_GEAR_Goggle_03,,55,0,0,0,0,0,0,0,1,04,0,1,0,0,3
32200301,GEAR_Goggle_03,32200301,3,2,205,0,0,0,0,0,0,0,0,0,0,0,0,0,0,0,0,0,0,0,2,172800,0,0,1,0,18,0,Cycle Glass_Durability_NoItem,,I_D_GEAR_Goggle_03,,56,0,0,0,0,0,0,0,1,04,0,1,0,0,3
32200302,GEAR_Goggle_03,32200301,3,2,205,0,0,12000,6700,0,0,0,0,0,0,0,0,0,0,0,0,0,0,0,2,172800,0,0,1,0,18,0,Cycle Glass_Durability,,I_D_GEAR_Goggle_03,,57,0,0,0,0,0,0,0,1,04,0,1,0,0,3
32400401,GEAR_Goggle_04,32400401,3,2,206,0,0,0,0,0,0,0,0,0,0,0,0,0,0,0,0,0,0,0,4,0,0,0,1,0,0,0,Tiger Glass_Period_NoItem,,I_D_GEAR_Goggle_04,,58,0,0,0,0,0,0,0,1,05,0,1,0,0,3
32400402,GEAR_Goggle_04,32400401,3,2,206,0,0,840,200,0,0,1,0,1,0,0,0,0,0,0,0,0,0,0,4,0,86400,0,1,0,0,0,Tiger Glass_Period_24,1,I_D_GEAR_Goggle_04,,59,0,0,0,0,0,0,0,1,05,0,1,0,0,3
32400403,GEAR_Goggle_04,32400401,3,2,206,0,0,3528,1300,0,0,1,0,0,0,0,0,0,0,0,0,0,0,0,4,0,604800,0,1,0,0,0,Tiger Glass_Period_168,2,I_D_GEAR_Goggle_04,,60,0,0,0,0,0,0,0,1,05,0,1,0,0,3
32400404,GEAR_Goggle_04,32400401,3,2,206,0,0,10080,4400,0,0,1,0,0,0,0,0,0,0,0,0,0,0,0,4,0,2592000,0,1,0,0,0,Tiger Glass_Period_720,3,I_D_GEAR_Goggle_04,,61,0,0,0,0,0,0,0,1,05,0,1,0,0,3
32200401,GEAR_Goggle_04,32200401,3,2,206,0,0,0,0,0,0,0,0,0,0,0,0,0,0,0,0,0,0,0,2,172800,0,0,1,0,18,0,Tiger Glass_Durability_NoItem,,I_D_GEAR_Goggle_04,,62,0,0,0,0,0,0,0,1,05,0,1,0,0,3
32200402,GEAR_Goggle_04,32200401,3,2,206,0,0,12000,6700,0,0,0,0,0,0,0,0,0,0,0,0,0,0,0,2,172800,0,0,1,0,18,0,Tiger Glass_Durability,,I_D_GEAR_Goggle_04,,63,0,0,0,0,0,0,0,1,05,0,1,0,0,3
32400501,GEAR_Goggle_05_NightShadow,32400501,3,2,0,0,0,0,0,0,0,0,0,0,0,0,0,0,0,0,0,0,0,0,4,0,0,0,1,0,0,0,A01-Night Vision_Period_NoItem,,I_D_GEAR_Goggle_05_NightShadow,,64,0,0,0,0,0,0,0,1,05,0,1,0,0,3
32400502,GEAR_Goggle_05_NightShadow,32400501,3,2,0,0,0,1200,200,0,0,1,0,1,0,0,0,0,0,0,0,0,0,0,4,0,86400,0,1,0,0,0,A01-Night Vision_Period_24,1,I_D_GEAR_Goggle_05_NightShadow,,65,0,0,0,0,0,0,0,1,05,0,1,0,0,3
32400503,GEAR_Goggle_05_NightShadow,32400501,3,2,0,0,0,5040,1300,0,0,1,0,0,0,0,0,0,0,0,0,0,0,0,4,0,604800,0,1,0,0,0,A01-Night Vision_Period_168,2,I_D_GEAR_Goggle_05_NightShadow,,66,0,0,0,0,0,0,0,1,05,0,1,0,0,3
32400504,GEAR_Goggle_05_NightShadow,32400501,3,2,0,0,0,14400,4400,0,0,1,0,0,0,0,0,0,0,0,0,0,0,0,4,0,2592000,0,1,0,0,0,A01-Night Vision_Period_720,3,I_D_GEAR_Goggle_05_NightShadow,,67,0,0,0,0,0,0,0,1,05,0,1,0,0,3
32200501,GEAR_Goggle_05_NightShadow,32200501,3,2,0,0,0,0,0,0,0,0,0,0,0,0,0,0,0,0,0,0,0,0,2,172800,0,0,1,0,18,0,A01-Night Vision_Durability_NoItem,,I_D_GEAR_Goggle_05_NightShadow,,68,0,0,0,0,0,0,0,1,05,0,1,0,0,3
32200502,GEAR_Goggle_05_NightShadow,32200501,3,2,0,0,0,12000,6700,0,0,0,0,0,0,0,0,0,0,0,0,0,0,0,2,172800,0,0,1,0,18,0,A01-Night Vision_Durability,,I_D_GEAR_Goggle_05_NightShadow,,69,0,0,0,0,0,0,0,1,05,0,1,0,0,3
32400601,GEAR_Goggle_06_Sunglass,32400601,3,2,104,0,0,0,0,0,0,0,0,0,0,0,0,0,0,0,0,0,0,0,4,0,0,0,1,0,0,0,Sun Glass_Period_NoItem,,I_D_GEAR_Goggle_06_Sunglass,,0,0,0,0,0,0,0,0,1,06,0,1,0,0,3
32400602,GEAR_Goggle_06_Sunglass,32400601,3,2,104,0,0,900,200,0,0,1,0,1,0,0,0,0,0,0,0,0,0,0,4,0,86400,0,1,0,0,0,Sun Glass_Period_24,1,I_D_GEAR_Goggle_06_Sunglass,,0,0,0,0,0,0,0,0,1,06,0,1,0,0,3
32400603,GEAR_Goggle_06_Sunglass,32400601,3,2,104,0,0,3780,1300,0,0,1,0,0,0,0,0,0,0,0,0,0,0,0,4,0,604800,0,1,0,0,0,Sun Glass_Period_168,2,I_D_GEAR_Goggle_06_Sunglass,,0,0,0,0,0,0,0,0,1,06,0,1,0,0,3
32400604,GEAR_Goggle_06_Sunglass,32400601,3,2,104,0,0,10800,4400,0,0,1,0,0,0,0,0,0,0,0,0,0,0,0,4,0,2592000,0,1,0,0,0,Sun Glass_Period_720,3,I_D_GEAR_Goggle_06_Sunglass,,0,0,0,0,0,0,0,0,1,06,0,1,0,0,3
32200601,GEAR_Goggle_06_Sunglass,32200601,3,2,104,0,0,0,0,0,0,0,0,0,0,0,0,0,0,0,0,0,0,0,2,172800,0,0,1,0,18,0,Sun Glass_Durability_NoItem,,I_D_GEAR_Goggle_06_Sunglass,,0,0,0,0,0,0,0,0,1,06,0,1,0,0,3
32200602,GEAR_Goggle_06_Sunglass,32200601,3,2,104,0,0,12000,6700,0,0,0,0,0,0,0,0,0,0,0,0,0,0,0,2,172800,0,0,1,0,18,0,Sun Glass_Durability,,I_D_GEAR_Goggle_06_Sunglass,,0,0,0,0,0,0,0,0,1,06,0,1,0,0,3
32400701,GEAR_H_Goggle_01_XmasNose,32400701,3,2,201,0,0,0,0,0,0,0,0,0,0,0,0,0,0,0,0,0,0,0,4,0,0,0,1,0,0,0,XmasNose Goggle_Period_NoItem,,I_D_GEAR_H_Goggle_01_XmasNose,,0,0,0,0,0,0,0,0,1,00,0,1,0,0,3
32400702,GEAR_H_Goggle_01_XmasNose,32400701,3,2,201,0,0,0,0,0,0,0,0,0,0,0,0,0,0,0,0,0,0,0,4,0,86400,0,1,0,0,0,XmasNose Goggle_Period_24,1,I_D_GEAR_H_Goggle_01_XmasNose,,0,0,0,0,0,0,0,0,1,00,0,1,0,0,3
32400703,GEAR_H_Goggle_01_XmasNose,32400701,3,2,201,0,0,0,0,0,0,0,0,0,0,0,0,0,0,0,0,0,0,0,4,0,604800,0,1,0,0,0,XmasNose Goggle_Period_168,2,I_D_GEAR_H_Goggle_01_XmasNose,,0,0,0,0,0,0,0,0,1,00,0,1,0,0,3
32400704,GEAR_H_Goggle_01_XmasNose,32400701,3,2,201,0,0,0,0,0,0,0,0,0,0,0,0,0,0,0,0,0,0,0,4,0,2592000,0,1,0,0,0,XmasNose Goggle_Period_720,3,I_D_GEAR_H_Goggle_01_XmasNose,,0,0,0,0,0,0,0,0,1,00,0,1,0,0,3
32200701,GEAR_H_Goggle_01_XmasNose,32200701,3,2,201,0,0,0,0,0,0,0,0,0,0,0,0,0,0,0,0,0,0,0,2,172800,0,0,1,0,18,0,XmasNose Goggle_Durability_NoItem,,I_D_GEAR_H_Goggle_01_XmasNose,,0,0,0,0,0,0,0,0,1,00,0,1,0,0,3
32200702,GEAR_H_Goggle_01_XmasNose,32200701,3,2,201,0,0,0,0,0,0,0,0,0,0,0,0,0,0,0,0,0,0,0,2,172800,0,0,1,0,18,0,XmasNose Goggle_Durability,,I_D_GEAR_H_Goggle_01_XmasNose,,0,0,0,0,0,0,0,0,1,00,0,1,0,0,3
33100101,GEAR_Mask_de,33100101,3,3,0,0,0,0,0,0,0,0,0,0,0,0,0,0,0,0,0,0,0,0,1,0,0,0,1,0,0,0,GEAR_Mask_de_Primary,,I_D_GEAR_Mask_de,,70,0,0,0,0,0,0,0,0,00,0,1,0,0,3
33400101,GEAR_Mask_01,33400101,3,3,0,0,0,0,0,0,0,0,0,0,0,0,0,0,0,0,0,0,0,0,4,0,0,0,1,0,0,0,Normal Balaclava_Period_NoItem,,I_D_GEAR_Mask_01,,71,0,0,0,0,0,0,0,1,04,0,1,0,0,3
33400102,GEAR_Mask_01,33400101,3,3,0,0,0,480,200,0,0,1,0,1,0,0,0,0,0,0,0,0,0,0,4,0,86400,0,1,0,0,0,Normal Balaclava_Period_24,1,I_D_GEAR_Mask_01,,72,0,0,0,0,0,0,0,1,04,0,1,0,0,3
33400103,GEAR_Mask_01,33400101,3,3,0,0,0,2016,1300,0,0,1,0,0,0,0,0,0,0,0,0,0,0,0,4,0,604800,0,1,0,0,0,Normal Balaclava_Period_168,2,I_D_GEAR_Mask_01,,73,0,0,0,0,0,0,0,1,04,0,1,0,0,3
33400104,GEAR_Mask_01,33400101,3,3,0,0,0,5760,4400,0,0,1,0,0,0,0,0,0,0,0,0,0,0,0,4,0,2592000,0,1,0,0,0,Normal Balaclava_Period_720,3,I_D_GEAR_Mask_01,,74,0,0,0,0,0,0,0,1,04,0,1,0,0,3
33200101,GEAR_Mask_01,33200101,3,3,0,0,0,0,0,0,0,0,0,0,0,0,0,0,0,0,0,0,0,0,2,172800,0,0,1,0,18,0,Normal Balaclava_Durability_NoItem,,I_D_GEAR_Mask_01,,75,0,0,0,0,0,0,0,1,04,0,1,0,0,3
33200102,GEAR_Mask_01,33200101,3,3,0,0,0,12000,6700,0,0,0,0,0,0,0,0,0,0,0,0,0,0,0,2,172800,0,0,1,0,18,0,Normal Balaclava_Durability,,I_D_GEAR_Mask_01,,76,0,0,0,0,0,0,0,1,04,0,1,0,0,3
33400201,GEAR_Mask_02,33400201,3,3,0,0,0,0,0,0,0,0,0,0,0,0,0,0,0,0,0,0,0,0,4,0,0,0,1,0,0,0,Skull Balaclava_Period_NoItem,,I_D_GEAR_Mask_02,,77,0,0,0,0,0,0,0,1,05,0,1,0,0,3
33400202,GEAR_Mask_02,33400201,3,3,0,0,0,540,200,0,0,1,0,1,0,0,0,0,0,0,0,0,0,0,4,0,86400,0,1,0,0,0,Skull Balaclava_Period_24,1,I_D_GEAR_Mask_02,,78,0,0,0,0,0,0,0,1,05,0,1,0,0,3
33400203,GEAR_Mask_02,33400201,3,3,0,0,0,2268,1300,0,0,1,0,0,0,0,0,0,0,0,0,0,0,0,4,0,604800,0,1,0,0,0,Skull Balaclava_Period_168,2,I_D_GEAR_Mask_02,,79,0,0,0,0,0,0,0,1,05,0,1,0,0,3
33400204,GEAR_Mask_02,33400201,3,3,0,0,0,6480,4400,0,0,1,0,0,0,0,0,0,0,0,0,0,0,0,4,0,2592000,0,1,0,0,0,Skull Balaclava_Period_720,3,I_D_GEAR_Mask_02,,80,0,0,0,0,0,0,0,1,05,0,1,0,0,3
33200201,GEAR_Mask_02,33200201,3,3,0,0,0,0,0,0,0,0,0,0,0,0,0,0,0,0,0,0,0,0,2,172800,0,0,1,0,18,0,Skull Balaclava_Durability_NoItem,,I_D_GEAR_Mask_02,,81,0,0,0,0,0,0,0,1,05,0,1,0,0,3
33200202,GEAR_Mask_02,33200201,3,3,0,0,0,12000,6700,0,0,0,0,0,0,0,0,0,0,0,0,0,0,0,2,172800,0,0,1,0,18,0,Skull Balaclava_Durability,,I_D_GEAR_Mask_02,,82,0,0,0,0,0,0,0,1,05,0,1,0,0,3
33400301,GEAR_Mask_06,33400301,3,3,0,0,0,0,0,0,0,0,0,0,0,0,0,0,0,0,0,0,0,0,4,0,0,0,1,0,0,0,Jungle Balaclava_Period_NoItem,,I_D_GEAR_Mask_06,,0,0,0,0,0,0,0,0,1,06,0,1,0,0,3
33400302,GEAR_Mask_06,33400301,3,3,0,0,0,600,200,0,0,1,0,1,0,0,0,0,0,0,0,0,0,0,4,0,86400,0,1,0,0,0,Jungle Balaclava_Period_24,1,I_D_GEAR_Mask_06,,0,0,0,0,0,0,0,0,1,06,0,1,0,0,3
33400303,GEAR_Mask_06,33400301,3,3,0,0,0,2520,1300,0,0,1,0,0,0,0,0,0,0,0,0,0,0,0,4,0,604800,0,1,0,0,0,Jungle Balaclava_Period_168,2,I_D_GEAR_Mask_06,,0,0,0,0,0,0,0,0,1,06,0,1,0,0,3
33400304,GEAR_Mask_06,33400301,3,3,0,0,0,7200,4400,0,0,1,0,0,0,0,0,0,0,0,0,0,0,0,4,0,2592000,0,1,0,0,0,Jungle Balaclava_Period_720,3,I_D_GEAR_Mask_06,,0,0,0,0,0,0,0,0,1,06,0,1,0,0,3
33200301,GEAR_Mask_06,33200301,3,3,0,0,0,0,0,0,0,0,0,0,0,0,0,0,0,0,0,0,0,0,2,172800,0,0,1,0,18,0,Jungle Balaclava_Durability_NoItem,,I_D_GEAR_Mask_06,,0,0,0,0,0,0,0,0,1,06,0,1,0,0,3
33200302,GEAR_Mask_06,33200301,3,3,0,0,0,12000,6700,0,0,0,0,0,0,0,0,0,0,0,0,0,0,0,2,172800,0,0,1,0,18,0,Jungle Balaclava_Durability,,I_D_GEAR_Mask_06,,0,0,0,0,0,0,0,0,1,06,0,1,0,0,3
34100101,GEAR_Face_de,34100101,3,4,0,0,0,0,0,0,0,0,0,0,0,0,0,0,0,0,0,0,0,0,1,0,0,0,1,0,0,0,GEAR_Face_de_Primary,,I_D_GEAR_Face_de,,0,0,0,0,0,0,0,0,0,00,0,1,0,0,4
34400101,GEAR_Face_01,34400101,3,4,104,0,0,0,0,0,0,0,0,0,0,0,0,0,0,0,0,0,0,0,4,0,0,0,1,0,0,0,Hockey Full Set_Period_NoItem,,I_D_GEAR_Face_01,,0,0,0,0,0,0,0,0,1,04,0,1,0,0,4
34400102,GEAR_Face_01,34400101,3,4,104,0,0,840,200,0,0,1,0,1,0,0,0,0,0,0,0,0,0,0,4,0,86400,0,1,0,0,0,Hockey Full Set_Period_24,1,I_D_GEAR_Face_01,,0,0,0,0,0,0,0,0,1,04,0,1,0,0,4
34400103,GEAR_Face_01,34400101,3,4,104,0,0,3528,1300,0,0,1,0,0,0,0,0,0,0,0,0,0,0,0,4,0,604800,0,1,0,0,0,Hockey Full Set_Period_168,2,I_D_GEAR_Face_01,,0,0,0,0,0,0,0,0,1,04,0,1,0,0,4
34400104,GEAR_Face_01,34400101,3,4,104,0,0,10080,4400,0,0,1,0,0,0,0,0,0,0,0,0,0,0,0,4,0,2592000,0,1,0,0,0,Hockey Full Set_Period_720,3,I_D_GEAR_Face_01,,0,0,0,0,0,0,0,0,1,04,0,1,0,0,4
34200101,GEAR_Face_01,34200101,3,4,104,0,0,0,0,0,0,0,0,0,0,0,0,0,0,0,0,0,0,0,2,172800,0,0,1,0,18,0,Hockey Full Set_Durability_NoItem,,I_D_GEAR_Face_01,,0,0,0,0,0,0,0,0,1,04,0,1,0,0,4
34200102,GEAR_Face_01,34200101,3,4,104,0,0,12000,6700,0,0,0,0,0,0,0,0,0,0,0,0,0,0,0,2,172800,0,0,1,0,18,0,Hockey Full Set_Durability,,I_D_GEAR_Face_01,,0,0,0,0,0,0,0,0,1,04,0,1,0,0,4
34400201,GEAR_Face_01_Closed,34400201,3,4,205,0,0,0,0,0,1,0,0,0,0,0,0,0,0,0,0,0,0,0,4,0,0,0,1,0,0,0,Beta Full Set_Period_NoItem,,I_D_GEAR_Face_01_Closed,,0,0,0,0,0,0,0,0,1,00,0,1,0,0,4
34400202,GEAR_Face_01_Closed,34400201,3,4,205,0,0,0,0,0,1,0,0,0,0,0,0,0,0,0,0,0,0,0,4,0,86400,0,1,0,0,0,Beta Full Set_Period_24,1,I_D_GEAR_Face_01_Closed,,0,0,0,0,0,0,0,0,1,00,0,1,0,0,4
34400203,GEAR_Face_01_Closed,34400201,3,4,205,0,0,0,0,0,1,0,0,0,0,0,0,0,0,0,0,0,0,0,4,0,604800,0,1,0,0,0,Beta Full Set_Period_168,2,I_D_GEAR_Face_01_Closed,,0,0,0,0,0,0,0,0,1,00,0,1,0,0,4
34400204,GEAR_Face_01_Closed,34400201,3,4,205,0,0,0,0,0,1,0,0,0,0,0,0,0,0,0,0,0,0,0,4,0,2592000,0,1,0,0,0,Beta Full Set_Period_720,3,I_D_GEAR_Face_01_Closed,,0,0,0,0,0,0,0,0,1,00,0,1,0,0,4
34600201,GEAR_Face_01_Closed,34600201,3,4,205,0,0,0,0,0,1,0,0,0,0,0,0,0,0,0,0,0,0,0,6,0,0,0,0,0,0,0,Beta Full Set_Permanent_NoItem,,I_D_GEAR_Face_01_Closed,,0,0,0,0,0,0,0,0,1,00,0,1,0,0,4
34600202,GEAR_Face_01_Closed,34600201,3,4,205,0,0,0,999,0,1,0,0,0,0,0,0,0,0,0,0,0,0,0,6,0,0,0,0,0,0,0,Beta Full Set_Permanent,,I_D_GEAR_Face_01_Closed,,0,0,0,0,0,0,0,0,1,00,0,1,0,0,4
34400301,GEAR_Face_03_GasMask,34400301,3,4,602,0,0,0,0,0,0,0,0,0,0,0,0,0,0,0,0,0,0,0,4,0,0,0,1,0,0,0,Gas Mask Full Set_Period_NoItem,,I_D_GEAR_Face_03_GasMask,,0,0,0,0,0,0,0,0,1,05,0,1,0,0,4
34400302,GEAR_Face_03_GasMask,34400301,3,4,602,0,0,1260,300,0,0,1,0,1,0,0,0,0,0,0,0,0,0,0,4,0,86400,0,1,0,0,0,Gas Mask Full Set_Period_24,1,I_D_GEAR_Face_03_GasMask,,0,0,0,0,0,0,0,0,1,05,0,1,0,0,4
34400303,GEAR_Face_03_GasMask,34400301,3,4,602,0,0,5292,1600,0,0,1,0,0,0,0,0,0,0,0,0,0,0,0,4,0,604800,0,1,0,0,0,Gas Mask Full Set_Period_168,2,I_D_GEAR_Face_03_GasMask,,0,0,0,0,0,0,0,0,1,05,0,1,0,0,4
34400304,GEAR_Face_03_GasMask,34400301,3,4,602,0,0,15120,5300,0,0,1,0,0,0,0,0,0,0,0,0,0,0,0,4,0,2592000,0,1,0,0,0,Gas Mask Full Set_Period_720,3,I_D_GEAR_Face_03_GasMask,,0,0,0,0,0,0,0,0,1,05,0,1,0,0,4
34400401,GEAR_Face_04_Fullset01,34400401,3,4,104,0,0,0,0,0,0,0,0,0,0,0,0,0,0,0,0,0,0,0,4,0,0,0,1,0,0,0,Assault Full Set_Period_NoItem,,I_D_GEAR_Face_04_Fullset01,,0,0,0,0,0,0,0,0,1,06,0,1,0,0,4
34400402,GEAR_Face_04_Fullset01,34400401,3,4,104,0,0,1380,200,0,0,1,0,1,0,0,0,0,0,0,0,0,0,0,4,0,86400,0,1,0,0,0,Assault Full Set_Period_24,1,I_D_GEAR_Face_04_Fullset01,,0,0,0,0,0,0,0,0,1,06,0,1,0,0,4
34400403,GEAR_Face_04_Fullset01,34400401,3,4,104,0,0,5796,1100,0,0,1,0,0,0,0,0,0,0,0,0,0,0,0,4,0,604800,0,1,0,0,0,Assault Full Set_Period_168,2,I_D_GEAR_Face_04_Fullset01,,0,0,0,0,0,0,0,0,1,06,0,1,0,0,4
34400404,GEAR_Face_04_Fullset01,34400401,3,4,104,0,0,16560,3500,0,0,1,0,0,0,0,0,0,0,0,0,0,0,0,4,0,2592000,0,1,0,0,0,Assault Full Set_Period_720,3,I_D_GEAR_Face_04_Fullset01,,0,0,0,0,0,0,0,0,1,06,0,1,0,0,4
34200401,GEAR_Face_04_Fullset01,34200401,3,4,104,0,0,0,0,0,0,0,0,0,0,0,0,0,0,0,0,0,0,0,2,172800,0,0,1,0,23,0,Assault Full Set_Durability_NoItem,,I_D_GEAR_Face_04_Fullset01,,0,0,0,0,0,0,0,0,1,06,0,1,0,0,4
34200402,GEAR_Face_04_Fullset01,34200401,3,4,104,0,0,9600,5300,0,0,0,0,0,0,0,0,0,0,0,0,0,0,0,2,172800,0,0,1,0,23,0,Assault Full Set_Durability,,I_D_GEAR_Face_04_Fullset01,,0,0,0,0,0,0,0,0,1,06,0,1,0,0,4
34400501,GEAR_Mask_05_SWMS_M706,34400501,3,4,0,0,0,0,0,0,0,0,0,0,0,0,0,0,0,0,0,0,0,0,4,0,0,0,1,0,0,0,SWMS Full Set_Period_NoItem,,I_D_GEAR_Mask_05_SWMS_M706,,0,0,0,0,0,0,0,0,1,05,0,1,0,0,4
34400502,GEAR_Mask_05_SWMS_M706,34400501,3,4,0,0,0,840,300,0,0,1,0,1,0,0,0,0,0,0,0,0,0,0,4,0,86400,0,1,0,0,0,SWMS Full Set_Period_24,1,I_D_GEAR_Mask_05_SWMS_M706,,0,0,0,0,0,0,0,0,1,05,0,1,0,0,4
34400503,GEAR_Mask_05_SWMS_M706,34400501,3,4,0,0,0,3528,1600,0,0,1,0,0,0,0,0,0,0,0,0,0,0,0,4,0,604800,0,1,0,0,0,SWMS Full Set_Period_168,2,I_D_GEAR_Mask_05_SWMS_M706,,0,0,0,0,0,0,0,0,1,05,0,1,0,0,4
34400504,GEAR_Mask_05_SWMS_M706,34400501,3,4,0,0,0,10080,5300,0,0,1,0,0,0,0,0,0,0,0,0,0,0,0,4,0,2592000,0,1,0,0,0,SWMS Full Set_Period_720,3,I_D_GEAR_Mask_05_SWMS_M706,,0,0,0,0,0,0,0,0,1,05,0,1,0,0,4
34200501,GEAR_Mask_05_SWMS_M706,34200501,3,4,0,0,0,0,0,0,0,0,0,0,0,0,0,0,0,0,0,0,0,0,2,172800,0,0,1,0,15,0,SWMS Full Set_Durability_NoItem,,I_D_GEAR_Mask_05_SWMS_M706,,0,0,0,0,0,0,0,0,1,05,0,1,0,0,4
34200502,GEAR_Mask_05_SWMS_M706,34200501,3,4,0,0,0,14400,8000,0,0,0,0,0,0,0,0,0,0,0,0,0,0,0,2,172800,0,0,1,0,15,0,SWMS Full Set_Durability,,I_D_GEAR_Mask_05_SWMS_M706,,0,0,0,0,0,0,0,0,1,05,0,1,0,0,4
34400601,GEAR_Mask_03,34400601,3,4,207,0,0,0,0,0,0,0,0,0,0,0,0,0,0,0,0,0,0,0,4,0,0,0,1,0,0,0,Skull Full Set_Period_NoItem,,I_D_GEAR_Mask_03,,83,0,0,0,0,0,0,0,1,02,0,1,0,0,4
34400602,GEAR_Mask_03,34400601,3,4,207,0,0,780,200,0,0,1,0,1,0,0,0,0,0,0,0,0,0,0,4,0,86400,0,1,0,0,0,Skull Full Set_Period_24,1,I_D_GEAR_Mask_03,,84,0,0,0,0,0,0,0,1,02,0,1,0,0,4
34400603,GEAR_Mask_03,34400601,3,4,207,0,0,3276,1300,0,0,1,0,0,0,0,0,0,0,0,0,0,0,0,4,0,604800,0,1,0,0,0,Skull Full Set_Period_168,2,I_D_GEAR_Mask_03,,85,0,0,0,0,0,0,0,1,02,0,1,0,0,4
34400604,GEAR_Mask_03,34400601,3,4,207,0,0,9360,4400,0,0,1,0,0,0,0,0,0,0,0,0,0,0,0,4,0,2592000,0,1,0,0,0,Skull Full Set_Period_720,3,I_D_GEAR_Mask_03,,86,0,0,0,0,0,0,0,1,02,0,1,0,0,4
34200601,GEAR_Mask_03,34200601,3,4,207,0,0,0,0,0,0,0,0,0,0,0,0,0,0,0,0,0,0,0,2,172800,0,0,1,0,18,0,Skull Full Set_Durability_NoItem,,I_D_GEAR_Mask_03,,87,0,0,0,0,0,0,0,1,02,0,1,0,0,4
34200602,GEAR_Mask_03,34200601,3,4,207,0,0,12000,6700,0,0,0,0,0,0,0,0,0,0,0,0,0,0,0,2,172800,0,0,1,0,18,0,Skull Full Set_Durability,,I_D_GEAR_Mask_03,,88,0,0,0,0,0,0,0,1,02,0,1,0,0,4
34400701,GEAR_Mask_04_MK03,34400701,3,4,201,0,0,0,0,0,0,0,0,0,0,0,0,0,0,0,0,0,0,0,4,0,0,0,1,0,0,0,Metal Full Set_Period_NoItem,,I_D_GEAR_Mask_04_MK03,,89,0,0,0,0,0,0,0,1,03,0,1,0,0,4
34400702,GEAR_Mask_04_MK03,34400701,3,4,201,0,0,780,200,0,0,1,0,1,0,0,0,0,0,0,0,0,0,0,4,0,86400,0,1,0,0,0,Metal Full Set_Period_24,1,I_D_GEAR_Mask_04_MK03,,90,0,0,0,0,0,0,0,1,03,0,1,0,0,4
34400703,GEAR_Mask_04_MK03,34400701,3,4,201,0,0,3276,1300,0,0,1,0,0,0,0,0,0,0,0,0,0,0,0,4,0,604800,0,1,0,0,0,Metal Full Set_Period_168,2,I_D_GEAR_Mask_04_MK03,,91,0,0,0,0,0,0,0,1,03,0,1,0,0,4
34400704,GEAR_Mask_04_MK03,34400701,3,4,201,0,0,9360,4400,0,0,1,0,0,0,0,0,0,0,0,0,0,0,0,4,0,2592000,0,1,0,0,0,Metal Full Set_Period_720,3,I_D_GEAR_Mask_04_MK03,,92,0,0,0,0,0,0,0,1,03,0,1,0,0,4
34200701,GEAR_Mask_04_MK03,34200701,3,4,201,0,0,0,0,0,0,0,0,0,0,0,0,0,0,0,0,0,0,0,2,172800,0,0,1,0,18,0,Metal Full Set_Durability_NoItem,,I_D_GEAR_Mask_04_MK03,,93,0,0,0,0,0,0,0,1,03,0,1,0,0,4
34200702,GEAR_Mask_04_MK03,34200701,3,4,201,0,0,12000,6700,0,0,0,0,0,0,0,0,0,0,0,0,0,0,0,2,172800,0,0,1,0,18,0,Metal Full Set_Durability,,I_D_GEAR_Mask_04_MK03,,94,0,0,0,0,0,0,0,1,03,0,1,0,0,4
34401001,GEAR_H_Helmet_01_Pumpkin,34401001,3,4,205,0,0,0,0,0,0,0,0,0,0,0,0,0,0,0,0,0,0,0,4,0,0,0,1,0,0,0,Pumpkin Helmet_Period_NoItem,,I_D_GEAR_H_Helmet_01_Pumpkin,,0,0,0,0,0,0,0,0,1,00,0,1,0,0,3
34401002,GEAR_H_Helmet_01_Pumpkin,34401001,3,4,205,0,0,0,0,0,0,0,0,0,0,0,0,0,0,0,0,0,0,0,4,0,86400,0,1,0,0,0,Pumpkin Helmet_Period_24,1,I_D_GEAR_H_Helmet_01_Pumpkin,,0,0,0,0,0,0,0,0,1,00,0,1,0,0,3
34401003,GEAR_H_Helmet_01_Pumpkin,34401001,3,4,205,0,0,0,0,0,0,0,0,0,0,0,0,0,0,0,0,0,0,0,4,0,604800,0,1,0,0,0,Pumpkin Helmet_Period_168,2,I_D_GEAR_H_Helmet_01_Pumpkin,,0,0,0,0,0,0,0,0,1,00,0,1,0,0,3
34401004,GEAR_H_Helmet_01_Pumpkin,34401001,3,4,205,0,0,0,0,0,0,0,0,0,0,0,0,0,0,0,0,0,0,0,4,0,2592000,0,1,0,0,0,Pumpkin Helmet_Period_720,3,I_D_GEAR_H_Helmet_01_Pumpkin,,0,0,0,0,0,0,0,0,1,00,0,1,0,0,3
34201001,GEAR_H_Helmet_01_Pumpkin,34201001,3,4,205,0,0,0,0,0,0,0,0,0,0,0,0,0,0,0,0,0,0,0,2,172800,0,0,1,0,18,0,Pumpkin Helmet_Durability_NoItem,,I_D_GEAR_H_Helmet_01_Pumpkin,,0,0,0,0,0,0,0,0,1,00,0,1,0,0,3
34201002,GEAR_H_Helmet_01_Pumpkin,34201001,3,4,205,0,0,0,0,0,0,0,0,0,0,0,0,0,0,0,0,0,0,0,2,172800,0,0,1,0,18,0,Pumpkin Helmet_Durability,,I_D_GEAR_H_Helmet_01_Pumpkin,,0,0,0,0,0,0,0,0,1,00,0,1,0,0,3
48500101,Alma_Doll,48500101,4,8,0,0,0,0,0,0,0,0,0,0,0,0,0,0,0,0,0,0,0,0,5,0,0,0,1,0,0,0,Alma_Doll_Count_NoItem,,I_D_Alma_Doll,,0,0,0,0,0,0,0,0,1,00,0,1,0,0,0
48500102,Alma_Doll,48500101,4,8,0,0,0,0,0,0,0,0,0,0,0,0,0,0,0,0,0,0,0,0,5,0,0,1,1,0,0,0,Alma_Doll_Count_1,,I_D_Alma_Doll,,0,0,0,0,0,0,0,0,1,00,0,1,0,0,0
48500103,Alma_Doll,48500101,4,8,0,0,0,0,0,0,0,0,0,0,0,0,0,0,0,0,0,0,0,0,5,0,0,2,1,0,0,0,Alma_Doll_Count_2,,I_D_Alma_Doll,,0,0,0,0,0,0,0,0,1,00,0,1,0,0,0
48500201,Pumpkin_Doll,48500201,4,8,1601,1,100,0,20,0,1,0,0,0,0,0,0,0,0,0,0,0,0,0,5,0,0,0,1,0,0,0,Pumpkin Doll_Count_NoItem,,I_D_Pumpkin_Doll,,0,0,0,0,0,0,0,0,1,00,0,1,0,0,0
48500202,Pumpkin_Doll,48500201,4,8,1601,0,0,0,0,0,0,0,0,0,0,0,0,0,0,0,0,0,0,0,5,0,0,1,1,0,0,0,Pumpkin Doll_Count_1,,I_D_Pumpkin_Doll,,0,0,0,0,0,0,0,0,1,00,0,1,0,0,0
48500203,Pumpkin_Doll,48500201,4,8,1601,0,0,0,0,0,0,0,0,0,0,0,0,0,0,0,0,0,0,0,5,0,0,2,1,0,0,0,Pumpkin Doll_Count_2,,I_D_Pumpkin_Doll,,0,0,0,0,0,0,0,0,1,00,0,1,0,0,0
48500204,Pumpkin_Doll,48500201,4,8,1601,0,0,0,0,0,0,0,0,0,0,0,0,0,0,0,0,0,0,0,5,0,0,5,1,0,0,0,Pumpkin Doll_Count_5,,I_D_Pumpkin_Doll,,0,0,0,0,0,0,0,0,1,00,0,1,0,0,0
48500205,Pumpkin_Doll,48500201,4,8,1601,0,0,0,199,0,1,0,0,0,0,0,0,0,0,0,0,0,0,0,5,0,0,10,1,0,0,0,Pumpkin Doll_Count_10,1,I_D_Pumpkin_Doll,,0,0,0,0,0,0,0,0,1,00,0,1,0,0,0
48500206,Pumpkin_Doll,48500201,4,8,1601,0,0,0,928,0,1,0,0,0,0,0,0,0,0,0,0,0,0,0,5,0,0,50,1,0,0,0,Pumpkin Doll_Count_50,2,I_D_Pumpkin_Doll,,0,0,0,0,0,0,0,0,1,00,0,1,0,0,0
48500207,Pumpkin_Doll,48500201,4,8,1601,0,0,0,1456,0,1,0,0,0,0,0,0,0,0,0,0,0,0,0,5,0,0,100,1,0,0,0,Pumpkin Doll_Count_100,3,I_D_Pumpkin_Doll,,0,0,0,0,0,0,0,0,1,00,0,1,0,0,0
48500301,Christmas_Doll,48500301,4,8,1601,0,0,0,0,0,1,0,0,0,0,0,0,0,0,0,0,0,0,0,5,0,0,0,1,0,0,0,Christmas Doll_Count_NoItem,,I_D_Christmas_Doll,,0,0,0,0,0,0,0,0,1,00,0,1,0,0,0
48500302,Christmas_Doll,48500301,4,8,1601,0,0,0,25,0,1,1,0,1,0,0,0,0,0,0,0,0,0,0,5,0,0,1,1,1,0,0,Christmas Doll_Count_1,1,I_D_Christmas_Doll,,0,0,0,0,0,0,0,0,1,00,0,1,0,0,0
48500303,Christmas_Doll,48500301,4,8,1601,0,0,0,0,0,1,0,0,0,0,0,0,0,0,0,0,0,0,0,5,0,0,2,1,0,0,0,Christmas Doll_Count_2,,I_D_Christmas_Doll,,0,0,0,0,0,0,0,0,1,00,0,1,0,0,0
48500304,Christmas_Doll,48500301,4,8,1601,0,0,0,0,0,1,0,0,0,0,0,0,0,0,0,0,0,0,0,5,0,0,5,1,0,0,0,Christmas Doll_Count_5,,I_D_Christmas_Doll,,0,0,0,0,0,0,0,0,1,00,0,1,0,0,0
48500305,Christmas_Doll,48500301,4,8,1601,0,0,0,199,0,1,1,0,0,0,0,0,0,0,0,0,0,0,0,5,0,0,10,1,1,0,0,Christmas Doll_Count_10,2,I_D_Christmas_Doll,,0,0,0,0,0,0,0,0,1,00,0,1,0,0,0
48500306,Christmas_Doll,48500301,4,8,1601,0,0,0,0,0,1,0,0,0,0,0,0,0,0,0,0,0,0,0,5,0,0,20,1,0,0,0,Christmas Doll_Count_20,,I_D_Christmas_Doll,,0,0,0,0,0,0,0,0,1,00,0,1,0,0,0
48500307,Christmas_Doll,48500301,4,8,1601,0,0,0,928,0,1,1,0,0,0,0,0,0,0,0,0,0,0,0,5,0,0,50,1,1,0,0,Christmas Doll_Count_50,3,I_D_Christmas_Doll,,0,0,0,0,0,0,0,0,1,00,0,1,0,0,0
48500308,Christmas_Doll,48500301,4,8,1601,0,0,0,1456,0,1,1,0,0,0,0,0,0,0,0,0,0,0,0,5,0,0,100,1,1,0,0,Christmas Doll_Count_100,4,I_D_Christmas_Doll,,0,0,0,0,0,0,0,0,1,00,0,1,0,0,0
49500101,SHO_Series-3_Plan,49500101,4,9,0,0,0,0,0,0,0,0,0,0,0,0,0,0,0,0,0,0,0,0,5,0,0,0,1,0,0,0,SHO Series-3 Plan_Count_NoItem,,I_D_SHO_Series-3_Plan,,0,0,0,0,0,0,0,0,1,00,0,1,0,0,6
49500102,SHO_Series-3_Plan,49500101,4,9,0,0,0,1,0,0,0,0,0,0,0,0,0,0,0,0,0,0,0,0,5,0,0,1,1,0,0,0,SHO Series-3 Plan_Count_1,,I_D_SHO_Series-3_Plan,,0,0,0,0,0,0,0,0,1,00,0,1,0,0,6
49500103,SHO_Series-3_Plan,49500101,4,9,0,0,0,2,0,0,0,0,0,0,0,0,0,0,0,0,0,0,0,0,5,0,0,2,1,0,0,0,SHO Series-3 Plan_Count_2,,I_D_SHO_Series-3_Plan,,0,0,0,0,0,0,0,0,1,00,0,1,0,0,6
49500104,SHO_Series-3_Plan,49500101,4,9,0,0,0,3,0,0,0,0,0,0,0,0,0,0,0,0,0,0,0,0,5,0,0,3,1,0,0,0,SHO Series-3 Plan_Count_3,1,I_D_SHO_Series-3_Plan,,0,0,0,0,0,0,0,0,1,00,0,1,0,0,6
49500201,Patten_PK470_Plan,49500201,4,9,0,0,0,0,0,0,0,0,0,0,0,0,0,0,0,0,0,0,0,0,5,0,0,0,1,0,0,0,Patten PK470 Plan_Count_NoItem,,I_D_Patten_PK470_Plan,,0,0,0,0,0,0,0,0,1,00,0,1,0,0,6
49500202,Patten_PK470_Plan,49500201,4,9,0,0,0,1,0,0,0,0,0,0,0,0,0,0,0,0,0,0,0,0,5,0,0,1,1,0,0,0,Patten PK470 Plan_Count_1,,I_D_Patten_PK470_Plan,,0,0,0,0,0,0,0,0,1,00,0,1,0,0,6
49500203,Patten_PK470_Plan,49500201,4,9,0,0,0,2,0,0,0,0,0,0,0,0,0,0,0,0,0,0,0,0,5,0,0,2,1,0,0,0,Patten PK470 Plan_Count_2,,I_D_Patten_PK470_Plan,,0,0,0,0,0,0,0,0,1,00,0,1,0,0,6
49500204,Patten_PK470_Plan,49500201,4,9,0,0,0,3,0,0,0,0,0,0,0,0,0,0,0,0,0,0,0,0,5,0,0,3,1,0,0,0,Patten PK470 Plan_Count_3,1,I_D_Patten_PK470_Plan,,0,0,0,0,0,0,0,0,1,00,0,1,0,0,6
49500301,HV_Hammerhead_Plan,49500301,4,9,0,0,0,0,0,0,0,0,0,0,0,0,0,0,0,0,0,0,0,0,5,0,0,0,1,0,0,0,HV Hammerhead Plan_Count_NoItem,,I_D_HV_Hammerhead_Plan,,0,0,0,0,0,0,0,0,1,00,0,1,0,0,6
49500302,HV_Hammerhead_Plan,49500301,4,9,0,0,0,1,0,0,0,0,0,0,0,0,0,0,0,0,0,0,0,0,5,0,0,1,1,0,0,0,HV Hammerhead Plan_Count_1,,I_D_HV_Hammerhead_Plan,,0,0,0,0,0,0,0,0,1,00,0,1,0,0,6
49500303,HV_Hammerhead_Plan,49500301,4,9,0,0,0,2,0,0,0,0,0,0,0,0,0,0,0,0,0,0,0,0,5,0,0,2,1,0,0,0,HV Hammerhead Plan_Count_2,,I_D_HV_Hammerhead_Plan,,0,0,0,0,0,0,0,0,1,00,0,1,0,0,6
49500304,HV_Hammerhead_Plan,49500301,4,9,0,0,0,3,0,0,0,0,0,0,0,0,0,0,0,0,0,0,0,0,5,0,0,3,1,0,0,0,HV Hammerhead Plan_Count_3,1,I_D_HV_Hammerhead_Plan,,0,0,0,0,0,0,0,0,1,00,0,1,0,0,6
49500401,HV_IH_Plan,49500401,4,9,0,0,0,0,0,0,0,0,0,0,0,0,0,0,0,0,0,0,0,0,5,0,0,0,1,0,0,0,HV Impact Hammer Plan_Count_NoItem,,I_D_HV_IH_Plan,,0,0,0,0,0,0,0,0,1,00,0,1,0,0,6
49500402,HV_IH_Plan,49500401,4,9,0,0,0,1,0,0,0,0,0,0,0,0,0,0,0,0,0,0,0,0,5,0,0,1,1,0,0,0,HV Impact Hammer Plan_Count_1,,I_D_HV_IH_Plan,,0,0,0,0,0,0,0,0,1,00,0,1,0,0,6
49500403,HV_IH_Plan,49500401,4,9,0,0,0,2,0,0,0,0,0,0,0,0,0,0,0,0,0,0,0,0,5,0,0,2,1,0,0,0,HV Impact Hammer Plan_Count_2,,I_D_HV_IH_Plan,,0,0,0,0,0,0,0,0,1,00,0,1,0,0,6
49500404,HV_IH_Plan,49500401,4,9,0,0,0,3,0,0,0,0,0,0,0,0,0,0,0,0,0,0,0,0,5,0,0,3,1,0,0,0,HV Impact Hammer Plan_Count_3,1,I_D_HV_IH_Plan,,0,0,0,0,0,0,0,0,1,00,0,1,0,0,6
49500501,Special_Butt_Plate,49500501,4,9,0,0,0,0,0,0,0,0,0,0,0,0,0,0,0,0,0,0,0,0,5,0,0,0,1,0,0,0,Custom Stock_Count_NoItem,,I_D_Special_Butt_Plate,,0,0,0,0,0,0,0,0,1,00,0,1,0,0,6
49500502,Special_Butt_Plate,49500501,4,9,0,0,0,1,0,0,0,0,0,0,0,0,0,0,0,0,0,0,0,0,5,0,0,1,1,0,0,0,Custom Stock_Count_1,,I_D_Special_Butt_Plate,,0,0,0,0,0,0,0,0,1,00,0,1,0,0,6
49500503,Special_Butt_Plate,49500501,4,9,0,0,0,2,0,0,0,0,0,0,0,0,0,0,0,0,0,0,0,0,5,0,0,2,1,0,0,0,Custom Stock_Count_2,,I_D_Special_Butt_Plate,,0,0,0,0,0,0,0,0,1,00,0,1,0,0,6
49500504,Special_Butt_Plate,49500501,4,9,0,0,0,3,0,0,0,0,0,0,0,0,0,0,0,0,0,0,0,0,5,0,0,3,1,0,0,0,Custom Stock_Count_3,1,I_D_Special_Butt_Plate,,0,0,0,0,0,0,0,0,1,00,0,1,0,0,6
49500601,ATC_Vision_Device,49500601,4,9,0,0,0,0,0,0,0,0,0,0,0,0,0,0,0,0,0,0,0,0,5,0,0,0,1,0,0,0,Modular Scope_Count_NoItem,,I_D_ATC_Vision_Device,,0,0,0,0,0,0,0,0,1,00,0,1,0,0,6
49500602,ATC_Vision_Device,49500601,4,9,0,0,0,1,0,0,0,0,0,0,0,0,0,0,0,0,0,0,0,0,5,0,0,1,1,0,0,0,Modular Scope_Count_1,,I_D_ATC_Vision_Device,,0,0,0,0,0,0,0,0,1,00,0,1,0,0,6
49500603,ATC_Vision_Device,49500601,4,9,0,0,0,2,0,0,0,0,0,0,0,0,0,0,0,0,0,0,0,0,5,0,0,2,1,0,0,0,Modular Scope_Count_2,,I_D_ATC_Vision_Device,,0,0,0,0,0,0,0,0,1,00,0,1,0,0,6
49500604,ATC_Vision_Device,49500601,4,9,0,0,0,3,0,0,0,0,0,0,0,0,0,0,0,0,0,0,0,0,5,0,0,3,1,0,0,0,Modular Scope_Count_3,1,I_D_ATC_Vision_Device,,0,0,0,0,0,0,0,0,1,00,0,1,0,0,6
49500701,Em_Control_Unit,49500701,4,9,0,0,0,0,0,0,0,0,0,0,0,0,0,0,0,0,0,0,0,0,5,0,0,0,1,0,0,0,Emission Control Unit_Count_NoItem,,I_D_Em_Control_Unit,,0,0,0,0,0,0,0,0,1,00,0,1,0,0,6
49500702,Em_Control_Unit,49500701,4,9,0,0,0,1,0,0,0,0,0,0,0,0,0,0,0,0,0,0,0,0,5,0,0,1,1,0,0,0,Emission Control Unit_Count_1,,I_D_Em_Control_Unit,,0,0,0,0,0,0,0,0,1,00,0,1,0,0,6
49500703,Em_Control_Unit,49500701,4,9,0,0,0,2,0,0,0,0,0,0,0,0,0,0,0,0,0,0,0,0,5,0,0,2,1,0,0,0,Emission Control Unit_Count_2,,I_D_Em_Control_Unit,,0,0,0,0,0,0,0,0,1,00,0,1,0,0,6
49500704,Em_Control_Unit,49500701,4,9,0,0,0,3,0,0,0,0,0,0,0,0,0,0,0,0,0,0,0,0,5,0,0,3,1,0,0,0,Emission Control Unit_Count_3,1,I_D_Em_Control_Unit,,0,0,0,0,0,0,0,0,1,00,0,1,0,0,6
49500801,DE_Control_Unit,49500801,4,9,0,0,0,0,0,0,0,0,0,0,0,0,0,0,0,0,0,0,0,0,5,0,0,0,1,0,0,0,Detailed Emission Control Unit_Count_NoItem,,I_D_DE_Control_Unit,,0,0,0,0,0,0,0,0,1,00,0,1,0,0,6
49500802,DE_Control_Unit,49500801,4,9,0,0,0,1,0,0,0,0,0,0,0,0,0,0,0,0,0,0,0,0,5,0,0,1,1,0,0,0,Detailed Emission Control Unit_Count_1,,I_D_DE_Control_Unit,,0,0,0,0,0,0,0,0,1,00,0,1,0,0,6
49500803,DE_Control_Unit,49500801,4,9,0,0,0,2,0,0,0,0,0,0,0,0,0,0,0,0,0,0,0,0,5,0,0,2,1,0,0,0,Detailed Emission Control Unit_Count_2,,I_D_DE_Control_Unit,,0,0,0,0,0,0,0,0,1,00,0,1,0,0,6
49500804,DE_Control_Unit,49500801,4,9,0,0,0,3,0,0,0,0,0,0,0,0,0,0,0,0,0,0,0,0,5,0,0,3,1,0,0,0,Detailed Emission Control Unit_Count_3,1,I_D_DE_Control_Unit,,0,0,0,0,0,0,0,0,1,00,0,1,0,0,6
49500901,Solid_Barrel,49500901,4,9,0,0,0,0,0,0,0,0,0,0,0,0,0,0,0,0,0,0,0,0,5,0,0,0,1,0,0,0,Precision Barrel_Count_NoItem,,I_D_Solid_Barrel,,0,0,0,0,0,0,0,0,1,00,0,1,0,0,6
49500902,Solid_Barrel,49500901,4,9,0,0,0,1,0,0,0,0,0,0,0,0,0,0,0,0,0,0,0,0,5,0,0,1,1,0,0,0,Precision Barrel_Count_1,,I_D_Solid_Barrel,,0,0,0,0,0,0,0,0,1,00,0,1,0,0,6
49500903,Solid_Barrel,49500901,4,9,0,0,0,2,0,0,0,0,0,0,0,0,0,0,0,0,0,0,0,0,5,0,0,2,1,0,0,0,Precision Barrel_Count_2,,I_D_Solid_Barrel,,0,0,0,0,0,0,0,0,1,00,0,1,0,0,6
49500904,Solid_Barrel,49500901,4,9,0,0,0,3,0,0,0,0,0,0,0,0,0,0,0,0,0,0,0,0,5,0,0,3,1,0,0,0,Precision Barrel_Count_3,1,I_D_Solid_Barrel,,0,0,0,0,0,0,0,0,1,00,0,1,0,0,6
49501001,IP_Unit,49501001,4,9,0,0,0,0,0,0,0,0,0,0,0,0,0,0,0,0,0,0,0,0,5,0,0,0,1,0,0,0,Imporoved Percussion Unit_Count_NoItem,,I_D_IP_Unit,,0,0,0,0,0,0,0,0,1,00,0,1,0,0,6
49501002,IP_Unit,49501001,4,9,0,0,0,1,0,0,0,0,0,0,0,0,0,0,0,0,0,0,0,0,5,0,0,1,1,0,0,0,Imporoved Percussion Unit_Count_1,,I_D_IP_Unit,,0,0,0,0,0,0,0,0,1,00,0,1,0,0,6
49501003,IP_Unit,49501001,4,9,0,0,0,2,0,0,0,0,0,0,0,0,0,0,0,0,0,0,0,0,5,0,0,2,1,0,0,0,Imporoved Percussion Unit_Count_2,,I_D_IP_Unit,,0,0,0,0,0,0,0,0,1,00,0,1,0,0,6
49501004,IP_Unit,49501001,4,9,0,0,0,3,0,0,0,0,0,0,0,0,0,0,0,0,0,0,0,0,5,0,0,3,1,0,0,0,Imporoved Percussion Unit_Count_3,1,I_D_IP_Unit,,0,0,0,0,0,0,0,0,1,00,0,1,0,0,6
49501101,El_Control_Unit,49501101,4,9,0,0,0,0,0,0,0,0,0,0,0,0,0,0,0,0,0,0,0,0,5,0,0,0,1,0,0,0,Electronic Control Unit_Count_NoItem,,I_D_El_Control_Unit,,0,0,0,0,0,0,0,0,1,00,0,1,0,0,6
49501102,El_Control_Unit,49501101,4,9,0,0,0,1,0,0,0,0,0,0,0,0,0,0,0,0,0,0,0,0,5,0,0,1,1,0,0,0,Electronic Control Unit_Count_1,,I_D_El_Control_Unit,,0,0,0,0,0,0,0,0,1,00,0,1,0,0,6
49501103,El_Control_Unit,49501101,4,9,0,0,0,2,0,0,0,0,0,0,0,0,0,0,0,0,0,0,0,0,5,0,0,2,1,0,0,0,Electronic Control Unit_Count_2,,I_D_El_Control_Unit,,0,0,0,0,0,0,0,0,1,00,0,1,0,0,6
49501104,El_Control_Unit,49501101,4,9,0,0,0,3,0,0,0,0,0,0,0,0,0,0,0,0,0,0,0,0,5,0,0,3,1,0,0,0,Electronic Control Unit_Count_3,1,I_D_El_Control_Unit,,0,0,0,0,0,0,0,0,1,00,0,1,0,0,6
49501201,P_of_A_Steel,49501201,4,9,0,0,0,0,0,0,0,0,0,0,0,0,0,0,0,0,0,0,0,0,5,0,0,0,1,0,0,0,Hardened Steel_Count_NoItem,,I_D_P_of_A_Steel,,0,0,0,0,0,0,0,0,1,00,0,1,0,0,6
49501202,P_of_A_Steel,49501201,4,9,0,0,0,1,0,0,0,0,0,0,0,0,0,0,0,0,0,0,0,0,5,0,0,1,1,0,0,0,Hardened Steel_Count_1,,I_D_P_of_A_Steel,,0,0,0,0,0,0,0,0,1,00,0,1,0,0,6
49501203,P_of_A_Steel,49501201,4,9,0,0,0,2,0,0,0,0,0,0,0,0,0,0,0,0,0,0,0,0,5,0,0,5,1,0,0,0,Hardened Steel_Count_5,,I_D_P_of_A_Steel,,0,0,0,0,0,0,0,0,1,00,0,1,0,0,6
49501204,P_of_A_Steel,49501201,4,9,0,0,0,3,0,0,0,0,0,0,0,0,0,0,0,0,0,0,0,0,5,0,0,10,1,0,0,0,Hardened Steel_Count_10,1,I_D_P_of_A_Steel,,0,0,0,0,0,0,0,0,1,00,0,1,0,0,6
49501205,P_of_A_Steel,49501201,4,9,0,0,0,4,0,0,0,0,0,0,0,0,0,0,0,0,0,0,0,0,5,0,0,2,1,0,0,0,Hardened Steel_Count_2,,I_D_P_of_A_Steel,,0,0,0,0,0,0,0,0,1,00,0,1,0,0,6
49501206,P_of_A_Steel,49501201,4,9,0,0,0,5,0,0,0,0,0,0,0,0,0,0,0,0,0,0,0,0,5,0,0,3,1,0,0,0,Hardened Steel_Count_3,,I_D_P_of_A_Steel,,0,0,0,0,0,0,0,0,1,00,0,1,0,0,6
49501207,P_of_A_Steel,49501201,4,9,0,0,0,6,0,0,0,0,0,0,0,0,0,0,0,0,0,0,0,0,5,0,0,7,1,0,0,0,Hardened Steel_Count_7,,I_D_P_of_A_Steel,,0,0,0,0,0,0,0,0,1,00,0,1,0,0,6
49501301,FD99_Plan,49501301,4,9,0,0,0,0,0,0,0,0,0,0,0,0,0,0,0,0,0,0,0,0,5,0,0,0,1,0,0,0,FD99 Plan_Count_NoItem,,I_D_FD99_Plan,,0,0,0,0,0,0,0,0,1,00,0,1,0,0,6
49501302,FD99_Plan,49501301,4,9,0,0,0,1,0,0,0,0,0,0,0,0,0,0,0,0,0,0,0,0,5,0,0,1,1,0,0,0,FD99 Plan_Count_1,,I_D_FD99_Plan,,0,0,0,0,0,0,0,0,1,00,0,1,0,0,6
49501303,FD99_Plan,49501301,4,9,0,0,0,2,0,0,0,0,0,0,0,0,0,0,0,0,0,0,0,0,5,0,0,2,1,0,0,0,FD99 Plan_Count_2,,I_D_FD99_Plan,,0,0,0,0,0,0,0,0,1,00,0,1,0,0,6
49501304,FD99_Plan,49501301,4,9,0,0,0,3,0,0,0,0,0,0,0,0,0,0,0,0,0,0,0,0,5,0,0,3,1,0,0,0,FD99 Plan_Count_3,1,I_D_FD99_Plan,,0,0,0,0,0,0,0,0,1,00,0,1,0,0,6
49501401,Grenade_Bow_Plan,49501401,4,9,0,0,0,0,0,0,0,0,0,0,0,0,0,0,0,0,0,0,0,0,5,0,0,0,1,0,0,0,Grenade Bow Plan_Count_NoItem,,I_D_Grenade_Bow_Plan,,0,0,0,0,0,0,0,0,1,00,0,1,0,0,6
49501402,Grenade_Bow_Plan,49501401,4,9,0,0,0,1,0,0,0,0,0,0,0,0,0,0,0,0,0,0,0,0,5,0,0,1,1,0,0,0,Grenade Bow Plan_Count_1,,I_D_Grenade_Bow_Plan,,0,0,0,0,0,0,0,0,1,00,0,1,0,0,6
49501403,Grenade_Bow_Plan,49501401,4,9,0,0,0,2,0,0,0,0,0,0,0,0,0,0,0,0,0,0,0,0,5,0,0,2,1,0,0,0,Grenade Bow Plan_Count_2,,I_D_Grenade_Bow_Plan,,0,0,0,0,0,0,0,0,1,00,0,1,0,0,6
49501404,Grenade_Bow_Plan,49501401,4,9,0,0,0,3,0,0,0,0,0,0,0,0,0,0,0,0,0,0,0,0,5,0,0,3,1,0,0,0,Grenade Bow Plan_Count_3,1,I_D_Grenade_Bow_Plan,,0,0,0,0,0,0,0,0,1,00,0,1,0,0,6
49501501,HV_Orca_Plan,49501501,4,9,0,0,0,0,0,0,0,0,0,0,0,0,0,0,0,0,0,0,0,0,5,0,0,0,1,0,0,0,HV Orca Plan_Count_NoItem,,I_D_HV_Orca_Plan,,0,0,0,0,0,0,0,0,1,00,0,1,0,0,6
49501502,HV_Orca_Plan,49501501,4,9,0,0,0,1,0,0,0,0,0,0,0,0,0,0,0,0,0,0,0,0,5,0,0,1,1,0,0,0,HV Orca Plan_Count_1,,I_D_HV_Orca_Plan,,0,0,0,0,0,0,0,0,1,00,0,1,0,0,6
49501503,HV_Orca_Plan,49501501,4,9,0,0,0,2,0,0,0,0,0,0,0,0,0,0,0,0,0,0,0,0,5,0,0,2,1,0,0,0,HV Orca Plan_Count_2,,I_D_HV_Orca_Plan,,0,0,0,0,0,0,0,0,1,00,0,1,0,0,6
49501504,HV_Orca_Plan,49501501,4,9,0,0,0,3,0,0,0,0,0,0,0,0,0,0,0,0,0,0,0,0,5,0,0,3,1,0,0,0,HV Orca Plan_Count_3,1,I_D_HV_Orca_Plan,,0,0,0,0,0,0,0,0,1,00,0,1,0,0,6
49501601,Laser_FL-3_Plan,49501601,4,9,0,0,0,0,0,0,0,0,0,0,0,0,0,0,0,0,0,0,0,0,5,0,0,0,1,0,0,0,Laser_FL-3_Plan_Count_NoItem,,I_D_Laser_FL-3_Plan,,0,0,0,0,0,0,0,0,1,00,0,1,0,0,6
49501602,Laser_FL-3_Plan,49501601,4,9,0,0,0,1,0,0,0,0,0,0,0,0,0,0,0,0,0,0,0,0,5,0,0,1,1,0,0,0,Laser_FL-3_Plan_Count_1,,I_D_Laser_FL-3_Plan,,0,0,0,0,0,0,0,0,1,00,0,1,0,0,6
49501603,Laser_FL-3_Plan,49501601,4,9,0,0,0,2,0,0,0,0,0,0,0,0,0,0,0,0,0,0,0,0,5,0,0,2,1,0,0,0,Laser_FL-3_Plan_Count_2,,I_D_Laser_FL-3_Plan,,0,0,0,0,0,0,0,0,1,00,0,1,0,0,6
49501604,Laser_FL-3_Plan,49501601,4,9,0,0,0,3,0,0,0,0,0,0,0,0,0,0,0,0,0,0,0,0,5,0,0,3,1,0,0,0,Laser_FL-3_Plan_Count_3,1,I_D_Laser_FL-3_Plan,,0,0,0,0,0,0,0,0,1,00,0,1,0,0,6
49501701,Missle_Launcher_Plan,49501701,4,9,0,0,0,0,0,0,0,0,0,0,0,0,0,0,0,0,0,0,0,0,5,0,0,0,1,0,0,0,Missle Launcher Plan_Count_NoItem,,I_D_Missle_Launcher_Plan,,0,0,0,0,0,0,0,0,1,00,0,1,0,0,6
49501702,Missle_Launcher_Plan,49501701,4,9,0,0,0,1,0,0,0,0,0,0,0,0,0,0,0,0,0,0,0,0,5,0,0,1,1,0,0,0,Missle Launcher Plan_Count_1,,I_D_Missle_Launcher_Plan,,0,0,0,0,0,0,0,0,1,00,0,1,0,0,6
49501703,Missle_Launcher_Plan,49501701,4,9,0,0,0,2,0,0,0,0,0,0,0,0,0,0,0,0,0,0,0,0,5,0,0,2,1,0,0,0,Missle Launcher Plan_Count_2,,I_D_Missle_Launcher_Plan,,0,0,0,0,0,0,0,0,1,00,0,1,0,0,6
49501704,Missle_Launcher_Plan,49501701,4,9,0,0,0,3,0,0,0,0,0,0,0,0,0,0,0,0,0,0,0,0,5,0,0,3,1,0,0,0,Missle Launcher Plan_Count_3,1,I_D_Missle_Launcher_Plan,,0,0,0,0,0,0,0,0,1,00,0,1,0,0,6
49502001,N3_Plan,49502001,4,9,0,0,0,0,0,0,0,0,0,0,0,0,0,0,0,0,0,0,0,0,5,0,0,0,1,0,0,0,N3_Plan_Count_NoItem,,I_D_N3_Plan,,0,0,0,0,0,0,0,0,1,00,0,1,0,0,6
49502002,N3_Plan,49502001,4,9,0,0,0,1,0,0,0,0,0,0,0,0,0,0,0,0,0,0,0,0,5,0,0,1,1,0,0,0,N3_Plan_Count_1,,I_D_N3_Plan,,0,0,0,0,0,0,0,0,1,00,0,1,0,0,6
49502003,N3_Plan,49502001,4,9,0,0,0,2,0,0,0,0,0,0,0,0,0,0,0,0,0,0,0,0,5,0,0,2,1,0,0,0,N3_Plan_Count_2,,I_D_N3_Plan,,0,0,0,0,0,0,0,0,1,00,0,1,0,0,6
49502004,N3_Plan,49502001,4,9,0,0,0,3,0,0,0,0,0,0,0,0,0,0,0,0,0,0,0,0,5,0,0,3,1,0,0,0,N3_Plan_Count_3,1,I_D_N3_Plan,,0,0,0,0,0,0,0,0,1,00,0,1,0,0,6
49501801,Bakelite_A,49501801,4,9,0,0,0,0,0,0,0,0,0,0,0,0,0,0,0,0,0,0,0,0,5,0,0,0,1,0,0,0,Bakelite A_Count_NoItem,,I_D_Bakelite_A,,0,0,0,0,0,0,0,0,1,00,0,1,0,0,6
49501802,Bakelite_A,49501801,4,9,0,0,0,1,0,0,0,0,0,0,0,0,0,0,0,0,0,0,0,0,5,0,0,1,1,0,0,0,Bakelite A_Count_1,,I_D_Bakelite_A,,0,0,0,0,0,0,0,0,1,00,0,1,0,0,6
49501803,Bakelite_A,49501801,4,9,0,0,0,2,0,0,0,0,0,0,0,0,0,0,0,0,0,0,0,0,5,0,0,5,1,0,0,0,Bakelite A_Count_5,,I_D_Bakelite_A,,0,0,0,0,0,0,0,0,1,00,0,1,0,0,6
49501804,Bakelite_A,49501801,4,9,0,0,0,3,0,0,0,0,0,0,0,0,0,0,0,0,0,0,0,0,5,0,0,10,1,0,0,0,Bakelite A_Count_10,1,I_D_Bakelite_A,,0,0,0,0,0,0,0,0,1,00,0,1,0,0,6
49501805,Bakelite_A,49501801,4,9,0,0,0,4,0,0,0,0,0,0,0,0,0,0,0,0,0,0,0,0,5,0,0,2,1,0,0,0,Bakelite A_Count_2,,I_D_Bakelite_A,,0,0,0,0,0,0,0,0,1,00,0,1,0,0,6
49501806,Bakelite_A,49501801,4,9,0,0,0,5,0,0,0,0,0,0,0,0,0,0,0,0,0,0,0,0,5,0,0,3,1,0,0,0,Bakelite A_Count_3,,I_D_Bakelite_A,,0,0,0,0,0,0,0,0,1,00,0,1,0,0,6
49501807,Bakelite_A,49501801,4,9,0,0,0,6,0,0,0,0,0,0,0,0,0,0,0,0,0,0,0,0,5,0,0,7,1,0,0,0,Bakelite A_Count_7,,I_D_Bakelite_A,,0,0,0,0,0,0,0,0,1,00,0,1,0,0,6
49501901,Blank_Barrel,49501901,4,9,0,0,0,0,0,0,0,0,0,0,0,0,0,0,0,0,0,0,0,0,5,0,0,0,1,0,0,0,Blank Barrel_Count_NoItem,,I_D_Blank_Barrel,,0,0,0,0,0,0,0,0,1,00,0,1,0,0,6
49501902,Blank_Barrel,49501901,4,9,0,0,0,1,0,0,0,0,0,0,0,0,0,0,0,0,0,0,0,0,5,0,0,1,1,0,0,0,Blank Barrel_Count_1,,I_D_Blank_Barrel,,0,0,0,0,0,0,0,0,1,00,0,1,0,0,6
49501903,Blank_Barrel,49501901,4,9,0,0,0,2,0,0,0,0,0,0,0,0,0,0,0,0,0,0,0,0,5,0,0,2,1,0,0,0,Blank Barrel_Count_2,,I_D_Blank_Barrel,,0,0,0,0,0,0,0,0,1,00,0,1,0,0,6
49501904,Blank_Barrel,49501901,4,9,0,0,0,3,0,0,0,0,0,0,0,0,0,0,0,0,0,0,0,0,5,0,0,3,1,0,0,0,Blank Barrel_Count_3,1,I_D_Blank_Barrel,,0,0,0,0,0,0,0,0,1,00,0,1,0,0,6
49502101,Vollmer_Ultra92_Plan,49502101,4,9,0,0,0,0,0,0,0,0,0,0,0,0,0,0,0,0,0,0,0,0,5,0,0,0,1,0,0,0,Vollmer Ultra92 Plan_Count_NoItem,,I_D_Vollmer_Ultra92_Plan,,0,0,0,0,0,0,0,0,1,00,0,1,0,0,6
49502102,Vollmer_Ultra92_Plan,49502101,4,9,0,0,0,1,0,0,0,0,0,0,0,0,0,0,0,0,0,0,0,0,5,0,0,1,1,0,0,0,Vollmer Ultra92 Plan_Count_1,,I_D_Vollmer_Ultra92_Plan,,0,0,0,0,0,0,0,0,1,00,0,1,0,0,6
49502103,Vollmer_Ultra92_Plan,49502101,4,9,0,0,0,2,0,0,0,0,0,0,0,0,0,0,0,0,0,0,0,0,5,0,0,2,1,0,0,0,Vollmer Ultra92 Plan_Count_2,,I_D_Vollmer_Ultra92_Plan,,0,0,0,0,0,0,0,0,1,00,0,1,0,0,6
49502104,Vollmer_Ultra92_Plan,49502101,4,9,0,0,0,3,0,0,0,0,0,0,0,0,0,0,0,0,0,0,0,0,5,0,0,3,1,0,0,0,Vollmer Ultra92 Plan_Count_3,1,I_D_Vollmer_Ultra92_Plan,,0,0,0,0,0,0,0,0,1,00,0,1,0,0,6
42400101,EXP_Up_30,42400101,4,2,202,0,0,0,0,0,1,0,0,0,0,0,0,0,0,0,0,0,0,0,4,0,0,0,1,0,0,0,EXP Up 30_Period_NoItem,,I_D_EXP_Up_30,,0,0,0,0,0,0,0,0,1,00,0,1,0,0,6
42400102,EXP_Up_30,42400101,4,2,202,0,0,900,49,0,1,1,0,1,0,0,0,0,0,0,0,0,0,0,4,0,86400,0,1,1,0,0,EXP Up 30_Period_24,1,I_D_EXP_Up_30,,0,0,0,0,0,0,0,0,1,00,0,1,0,0,6
42400103,EXP_Up_30,42400101,4,2,202,0,0,5100,149,0,1,1,0,0,0,0,0,0,0,0,0,0,0,0,4,0,604800,0,1,1,0,0,EXP Up 30_Period_168,2,I_D_EXP_Up_30,,0,0,0,0,0,0,0,0,1,00,0,1,0,0,6
42400104,EXP_Up_30,42400101,4,2,202,0,0,17100,499,0,1,1,0,0,0,0,0,0,0,0,0,0,0,0,4,0,2592000,0,1,1,0,0,EXP Up 30_Period_720,3,I_D_EXP_Up_30,,0,0,0,0,0,0,0,0,1,00,0,1,0,0,6
42400105,EXP_Up_30,42400101,4,2,202,0,0,0,0,0,1,0,0,0,0,0,0,0,0,0,0,0,0,0,4,0,3600,0,1,0,0,0,EXP Up 30_Period_1,,I_D_EXP_Up_30,,0,0,0,0,0,0,0,0,1,00,0,1,0,0,6
42400201,EXP_Up_100,42400201,4,2,203,0,0,0,0,0,1,0,0,0,0,0,0,0,0,0,0,0,0,0,4,0,0,0,1,0,0,0,EXP Up 100_Period_NoItem,,I_D_EXP_Up_100,,0,0,0,0,0,0,0,0,1,00,0,1,0,0,6
42400202,EXP_Up_100,42400201,4,2,203,0,0,1300,89,0,1,1,0,1,0,0,0,0,0,0,0,0,0,0,4,0,86400,0,1,1,0,0,EXP Up 100_Period_24,1,I_D_EXP_Up_100,,0,0,0,0,0,0,0,0,1,00,0,1,0,0,6
42400203,EXP_Up_100,42400201,4,2,203,0,0,7700,299,0,1,1,0,0,0,0,0,0,0,0,0,0,0,0,4,0,604800,0,1,1,0,0,EXP Up 100_Period_168,2,I_D_EXP_Up_100,,0,0,0,0,0,0,0,0,1,00,0,1,0,0,6
42400204,EXP_Up_100,42400201,4,2,203,0,0,25700,999,0,1,1,0,0,0,0,0,0,0,0,0,0,0,0,4,0,2592000,0,1,1,0,0,EXP Up 100_Period_720,3,I_D_EXP_Up_100,,0,0,0,0,0,0,0,0,1,00,0,1,0,0,6
42400205,EXP_Up_100,42400201,4,2,203,0,0,0,0,0,1,0,0,0,0,0,0,0,0,0,0,0,0,0,4,0,3600,0,1,0,0,0,EXP Up 100_Period_1,,I_D_EXP_Up_100,,0,0,0,0,0,0,0,0,1,00,0,1,0,0,6
42400301,Point_Up_30,42400301,4,2,102,0,0,0,0,0,1,0,0,0,0,0,0,0,0,0,0,0,0,0,4,0,0,0,1,0,0,0,Point Up 30_Period_NoItem,,I_D_Point_Up_30,,0,0,0,0,0,0,0,0,1,00,0,1,0,0,6
42400302,Point_Up_30,42400301,4,2,102,0,0,900,59,0,1,1,0,1,0,0,0,0,0,0,0,0,0,0,4,0,86400,0,1,1,0,0,Point Up 30_Period_24,1,I_D_Point_Up_30,,0,0,0,0,0,0,0,0,1,00,0,1,0,0,6
42400303,Point_Up_30,42400301,4,2,102,0,0,5100,179,0,1,1,0,0,0,0,0,0,0,0,0,0,0,0,4,0,604800,0,1,1,0,0,Point Up 30_Period_168,2,I_D_Point_Up_30,,0,0,0,0,0,0,0,0,1,00,0,1,0,0,6
42400304,Point_Up_30,42400301,4,2,102,0,0,17100,599,0,1,1,0,0,0,0,0,0,0,0,0,0,0,0,4,0,2592000,0,1,1,0,0,Point Up 30_Period_720,3,I_D_Point_Up_30,,0,0,0,0,0,0,0,0,1,00,0,1,0,0,6
42400305,Point_Up_30,42400301,4,2,102,0,0,0,0,0,1,0,0,0,0,0,0,0,0,0,0,0,0,0,4,0,3600,0,1,0,0,0,Point Up 30_Period_1,,I_D_Point_Up_30,,0,0,0,0,0,0,0,0,1,00,0,1,0,0,6
42400401,Point_Up_100,42400401,4,2,103,0,0,0,0,0,1,0,0,0,0,0,0,0,0,0,0,0,0,0,4,0,0,0,1,0,0,0,Point Up 100_Period_NoItem,,I_D_Point_Up_100,,0,0,0,0,0,0,0,0,1,00,0,1,0,0,6
42400402,Point_Up_100,42400401,4,2,103,0,0,1300,109,0,1,1,0,1,0,0,0,0,0,0,0,0,0,0,4,0,86400,0,1,1,0,0,Point Up 100_Period_24,1,I_D_Point_Up_100,,0,0,0,0,0,0,0,0,1,00,0,1,0,0,6
42400403,Point_Up_100,42400401,4,2,103,0,0,7700,349,0,1,1,0,0,0,0,0,0,0,0,0,0,0,0,4,0,604800,0,1,1,0,0,Point Up 100_Period_168,2,I_D_Point_Up_100,,0,0,0,0,0,0,0,0,1,00,0,1,0,0,6
42400404,Point_Up_100,42400401,4,2,103,0,0,25700,1199,0,1,1,0,0,0,0,0,0,0,0,0,0,0,0,4,0,2592000,0,1,1,0,0,Point Up 100_Period_720,3,I_D_Point_Up_100,,0,0,0,0,0,0,0,0,1,00,0,1,0,0,6
42400405,Point_Up_100,42400401,4,2,103,0,0,0,0,0,1,0,0,0,0,0,0,0,0,0,0,0,0,0,4,0,3600,0,1,0,0,0,Point Up 100_Period_1,,I_D_Point_Up_100,,0,0,0,0,0,0,0,0,1,00,0,1,0,0,6
42400501,Double_Up,42400501,4,2,601,0,0,0,0,0,1,0,0,0,0,0,0,0,0,0,0,0,0,0,4,0,0,0,1,0,0,0,Double Up_Period_NoItem,,I_D_Double_Up,,0,0,0,0,0,0,0,0,1,00,0,1,0,0,6
42400502,Double_Up,42400501,4,2,601,0,0,1300,169,0,1,1,0,1,0,0,0,0,0,0,0,0,0,0,4,0,86400,0,1,1,0,0,Double Up_Period_24,1,I_D_Double_Up,,0,0,0,0,0,0,0,0,1,00,0,1,0,0,6
42400503,Double_Up,42400501,4,2,601,0,0,7700,599,0,1,1,0,0,0,0,0,0,0,0,0,0,0,0,4,0,604800,0,1,1,0,0,Double Up_Period_168,2,I_D_Double_Up,,0,0,0,0,0,0,0,0,1,00,0,1,0,0,6
42400504,Double_Up,42400501,4,2,601,0,0,25700,1999,0,1,1,0,0,0,0,0,0,0,0,0,0,0,0,4,0,2592000,0,1,1,0,0,Double Up_Period_720,3,I_D_Double_Up,,0,0,0,0,0,0,0,0,1,00,0,1,0,0,6
42400505,Double_Up,42400501,4,2,601,0,0,0,0,0,1,0,0,0,0,0,0,0,0,0,0,0,0,0,4,0,3600,0,1,0,0,0,Double Up_Period_1,,I_D_Double_Up,,0,0,0,0,0,0,0,0,1,00,0,1,0,0,6
42400601,Headshot_Point_Up_30,42400601,4,2,501,0,0,0,0,0,1,0,0,0,0,0,0,0,0,0,0,0,0,0,4,0,0,0,1,0,0,0,Headshot Point Up 30_Period_NoItem,,I_D_Headshot_Point_Up_30,,0,0,0,0,0,0,0,0,1,00,0,1,0,0,6
42400602,Headshot_Point_Up_30,42400601,4,2,501,0,0,900,89,0,1,1,0,1,0,0,0,0,0,0,0,0,0,0,4,0,86400,0,1,1,0,0,Headshot Point Up 30_Period_24,1,I_D_Headshot_Point_Up_30,,0,0,0,0,0,0,0,0,1,00,0,1,0,0,6
42400603,Headshot_Point_Up_30,42400601,4,2,501,0,0,5100,299,0,1,1,0,0,0,0,0,0,0,0,0,0,0,0,4,0,604800,0,1,1,0,0,Headshot Point Up 30_Period_168,2,I_D_Headshot_Point_Up_30,,0,0,0,0,0,0,0,0,1,00,0,1,0,0,6
42400604,Headshot_Point_Up_30,42400601,4,2,501,0,0,17100,999,0,1,1,0,0,0,0,0,0,0,0,0,0,0,0,4,0,2592000,0,1,1,0,0,Headshot Point Up 30_Period_720,3,I_D_Headshot_Point_Up_30,,0,0,0,0,0,0,0,0,1,00,0,1,0,0,6
42400605,Headshot_Point_Up_30,42400601,4,2,501,0,0,0,0,0,1,0,0,0,0,0,0,0,0,0,0,0,0,0,4,0,3600,0,1,0,0,0,Headshot Point Up 30_Period_1,,I_D_Headshot_Point_Up_30,,0,0,0,0,0,0,0,0,1,00,0,1,0,0,6
42400701,Ammunition_Percent,42400701,4,2,1201,0,0,0,0,0,0,0,0,0,0,0,0,0,0,0,0,0,0,0,4,0,0,0,1,0,0,0,Ammunition Percent_Period_NoItem,,I_D_Ammunition_Percent,,0,0,0,0,0,0,0,0,1,00,0,1,0,0,6
42400702,Ammunition_Percent,42400701,4,2,1201,0,0,1300,700,0,0,0,0,0,0,0,0,0,0,0,0,0,0,0,4,0,86400,0,1,0,0,0,Ammunition Percent_Period_24,1,I_D_Ammunition_Percent,,0,0,0,0,0,0,0,0,1,00,0,1,0,0,6
42400703,Ammunition_Percent,42400701,4,2,1201,0,0,7700,4300,0,0,0,0,0,0,0,0,0,0,0,0,0,0,0,4,0,604800,0,1,0,0,0,Ammunition Percent_Period_168,2,I_D_Ammunition_Percent,,0,0,0,0,0,0,0,0,1,00,0,1,0,0,6
42400704,Ammunition_Percent,42400701,4,2,1201,0,0,25700,14300,0,0,0,0,0,0,0,0,0,0,0,0,0,0,0,4,0,2592000,0,1,0,0,0,Ammunition Percent_Period_720,3,I_D_Ammunition_Percent,,0,0,0,0,0,0,0,0,1,00,0,1,0,0,6
42400705,Ammunition_Percent,42400701,4,2,1201,0,0,0,0,0,0,0,0,0,0,0,0,0,0,0,0,0,0,0,4,0,3600,0,1,0,0,0,Ammunition Percent_Period_1,,I_D_Ammunition_Percent,,0,0,0,0,0,0,0,0,1,00,0,1,0,0,6
44510101,Record_Reset,44510101,4,4,701,0,0,0,0,0,0,0,0,0,0,0,0,0,0,0,0,0,0,0,5,0,0,1,1,0,0,0,Record Reset_Count_NoItem,,I_D_Record_Reset,,0,0,0,0,0,0,0,0,1,00,0,1,0,0,6
44510102,Record_Reset,44510101,4,4,701,0,0,3600,2000,0,0,0,0,0,0,0,0,0,0,0,0,0,0,0,5,0,0,1,1,0,0,0,Record Reset_Count_1,1,I_D_Record_Reset,,0,0,0,0,0,0,0,0,1,00,0,1,0,0,6
44510201,Nickname_Change,44510201,4,4,801,0,0,0,0,0,0,0,0,0,0,0,0,0,0,0,0,0,0,0,5,0,0,1,1,0,0,0,Nickname Change_Count_NoItem,,I_D_Nickname_Change,,0,0,0,0,0,0,0,0,1,00,0,1,0,0,6
44510202,Nickname_Change,44510201,4,4,801,0,0,3600,2000,0,0,0,0,0,0,0,0,0,0,0,0,0,0,0,5,0,0,1,1,0,0,0,Nickname Change_Count_1,1,I_D_Nickname_Change,,0,0,0,0,0,0,0,0,1,00,0,1,0,0,6
44510301,Clan_Name_Change,44510301,4,4,901,0,0,0,0,0,0,0,0,0,0,0,0,0,0,0,0,0,0,0,5,0,0,1,1,0,0,0,Clanname Change_Count_NoItem,,I_D_Clan_Name_Change,,0,0,0,0,0,0,0,0,1,00,0,1,0,0,6
44510302,Clan_Name_Change,44510301,4,4,901,0,0,3600,2000,0,0,0,0,0,0,0,0,0,0,0,0,0,0,0,5,0,0,1,1,0,0,0,Clanname Change_Count_1,1,I_D_Clan_Name_Change,,0,0,0,0,0,0,0,0,1,00,0,1,0,0,6
44510401,KD_Reset,44510401,4,4,401,0,0,0,0,0,0,0,0,0,0,0,0,0,0,0,0,0,0,0,5,0,0,1,1,0,0,0,K/D Reset_Count_NoItem,,I_D_KD_Reset,,0,0,0,0,0,0,0,0,1,00,0,1,0,0,6
44510402,KD_Reset,44510401,4,4,401,0,0,3600,2000,0,0,0,0,0,0,0,0,0,0,0,0,0,0,0,5,0,0,1,1,0,0,0,K/D Reset_Count_1,1,I_D_KD_Reset,,0,0,0,0,0,0,0,0,1,00,0,1,0,0,6
42400801,Penalty_Zero,42400801,4,2,1001,0,0,0,0,0,0,0,0,0,0,0,0,0,0,0,0,0,0,0,4,0,3600,0,1,0,0,0,Penalty Zero_Period_NoItem,,I_D_Penalty_Zero,,0,0,0,0,0,0,0,0,1,00,0,2,0,0,6
42400802,Penalty_Zero,42400801,4,2,1001,0,0,17100,9500,0,0,0,0,0,0,0,0,0,0,0,0,0,0,0,4,0,2592000,0,1,0,0,0,Penalty Zero_Period_720,1,I_D_Penalty_Zero,,0,0,0,0,0,0,0,0,1,00,0,2,0,0,6
44510501,Clan_Mark_Change,44510501,4,4,1901,0,0,0,0,0,0,0,0,0,0,0,0,0,0,0,0,0,0,0,5,0,0,1,1,0,0,0,Clan Mark Change_Count_NoItem,,I_D_Clan_Mark_Change,,0,0,0,0,0,0,0,0,1,00,0,1,0,0,6
44510502,Clan_Mark_Change,44510501,4,4,1901,0,0,0,499,0,1,1,0,1,0,0,0,0,0,0,0,0,0,0,5,0,0,1,1,1,0,0,Clan Mark Change_Count_1,1,I_D_Clan_Mark_Change,,0,0,0,0,0,0,0,0,1,00,0,1,0,0,6
42500901,Point_Item_1000,42500901,4,2,1801,0,0,0,0,1000,1,0,0,0,0,0,0,0,0,0,0,0,0,0,5,0,0,1,1,0,0,0,Point Item 1000_Count_NoItem,,I_D_Point_Item_1000,,0,0,0,0,0,0,0,0,1,00,0,1,0,0,6
42501001,Point_Item_5000,42501001,4,2,1801,0,0,0,0,5000,1,0,0,0,0,0,0,0,0,0,0,0,0,0,5,0,0,1,1,0,0,0,Point Item 5000_Count_NoItem,,I_D_Point_Item_5000,,0,0,0,0,0,0,0,0,1,00,0,1,0,0,6
42501101,Point_Item_10000,42501101,4,2,1801,0,0,0,0,10000,1,0,0,0,0,0,0,0,0,0,0,0,0,0,5,0,0,1,1,0,0,0,Point Item 10000_Count_NoItem,,I_D_Point_Item_10000,,0,0,0,0,0,0,0,0,1,00,0,1,0,0,6
42501201,Point_Item_25000,42501201,4,2,1801,0,0,0,0,25000,1,0,0,0,0,0,0,0,0,0,0,0,0,0,5,0,0,1,1,0,0,0,Point Item 25000_Count_NoItem,,I_D_Point_Item_25000,,0,0,0,0,0,0,0,0,1,00,0,1,0,0,6
42501301,Point_Item_50000,42501301,4,2,1801,0,0,0,0,50000,1,0,0,0,0,0,0,0,0,0,0,0,0,0,5,0,0,1,1,0,0,0,Point Item 50000_Count_NoItem,,I_D_Point_Item_50000,,0,0,0,0,0,0,0,0,1,00,0,1,0,0,6
43510501,Instant_Respawn,43510501,4,3,1101,0,0,0,0,0,1,0,0,0,0,0,0,1,0,0,0,0,0,0,5,0,0,1,1,0,0,0,Instant Respawn_Count_NoItem,,I_D_Instant_Respawn,,0,0,0,0,0,0,0,0,1,00,0,2,0,0,6
43510502,Instant_Respawn,43510501,4,3,1101,0,0,0,49,0,1,1,0,1,0,0,0,1,0,0,0,0,0,0,5,0,0,10,1,1,0,0,Instant Respawn_Count_10,1,I_D_Instant_Respawn,,0,0,0,0,0,0,0,0,1,00,0,2,0,0,6
43510503,Instant_Respawn,43510501,4,3,1101,0,0,0,79,0,1,1,0,0,0,0,0,1,0,0,0,0,0,0,5,0,0,20,1,1,0,0,Instant Respawn_Count_20,2,I_D_Instant_Respawn,,0,0,0,0,0,0,0,0,1,00,0,2,0,0,6
43510504,Instant_Respawn,43510501,4,3,1101,0,0,0,99,0,1,1,0,0,0,0,0,1,0,0,0,0,0,0,5,0,0,30,1,1,0,0,Instant Respawn_Count_30,3,I_D_Instant_Respawn,,0,0,0,0,0,0,0,0,1,00,0,2,0,0,6
43510505,Instant_Respawn,43510501,4,3,1101,0,0,0,0,0,1,0,0,0,0,0,0,1,0,0,0,0,0,0,5,0,0,3,1,0,0,0,Instant Respawn_Count_3,,I_D_Instant_Respawn,,0,0,0,0,0,0,0,0,1,00,0,2,0,0,6
43410601,5_Equip_Cutter,43410601,4,3,1201,0,0,0,0,0,0,0,0,0,0,0,0,1,0,0,0,0,0,0,4,0,0,0,1,0,0,0,Defuse Kit_Period_NoItem,,I_D_5_Equip_Cutter,,0,0,0,0,0,0,0,0,1,00,0,2,0,0,0
43410602,5_Equip_Cutter,43410601,4,3,1201,0,0,270,0,0,0,1,0,1,0,0,0,1,0,0,0,0,0,0,4,0,86400,0,1,0,0,0,Defuse Kit_Period_24,1,I_D_5_Equip_Cutter,,0,0,0,0,0,0,0,0,1,00,0,2,0,0,0
43410603,5_Equip_Cutter,43410601,4,3,1201,0,0,1134,200,0,0,1,0,0,0,0,0,1,0,0,0,0,0,0,4,0,604800,0,1,0,0,0,Defuse Kit_Period_168,2,I_D_5_Equip_Cutter,,0,0,0,0,0,0,0,0,1,00,0,2,0,0,0
43410604,5_Equip_Cutter,43410601,4,3,1201,0,0,3240,700,0,0,1,0,0,0,0,0,1,0,0,0,0,0,0,4,0,2592000,0,1,0,0,0,Defuse Kit_Period_720,3,I_D_5_Equip_Cutter,,0,0,0,0,0,0,0,0,1,00,0,2,0,0,0
43410605,5_Equip_Cutter,43410601,4,3,1201,0,0,0,0,0,0,0,0,0,0,0,0,1,0,0,0,0,0,0,4,0,3600,0,1,0,0,0,Defuse Kit_Period_1,,I_D_5_Equip_Cutter,,0,0,0,0,0,0,0,0,1,00,0,2,0,0,0
43510701,PVE_Ticket,43510701,4,3,1701,0,0,0,0,0,1,0,0,0,0,0,0,0,0,0,0,0,0,0,5,0,0,1,1,0,0,0,Operation Plan_Count_NoItem,,I_D_PVE_Ticket,,0,0,0,0,0,0,0,0,1,00,0,2,0,0,0
43510702,PVE_Ticket,43510701,4,3,1701,0,0,1350,499,0,1,1,0,1,0,0,0,0,0,0,0,0,0,0,5,0,0,5,1,1,0,0,Operation Plan_Count_5,1,I_D_PVE_Ticket,,0,0,0,0,0,0,0,0,1,00,0,2,0,0,0
43510703,PVE_Ticket,43510701,4,3,1701,0,0,2160,849,0,1,1,0,0,0,0,0,0,0,0,0,0,0,0,5,0,0,10,1,1,0,0,Operation Plan_Count_10,2,I_D_PVE_Ticket,,0,0,0,0,0,0,0,0,1,00,0,2,0,0,0
43510704,PVE_Ticket,43510701,4,3,1701,0,0,4050,1399,0,1,1,0,0,0,0,0,0,0,0,0,0,0,0,5,0,0,20,1,1,0,0,Operation Plan_Count_20,3,I_D_PVE_Ticket,,0,0,0,0,0,0,0,0,1,00,0,2,0,0,0
43510705,PVE_Ticket,43510701,4,3,1701,0,0,0,0,0,1,0,0,0,0,0,0,0,0,0,0,0,0,0,5,0,0,3,1,0,0,0,Operation Plan_Count_3,,I_D_PVE_Ticket,,0,0,0,0,0,0,0,0,1,00,0,2,0,0,0
45500101,Capsule_Key_1,45500101,4,5,1601,0,0,0,0,0,1,0,0,0,0,0,0,0,0,0,0,0,0,0,5,0,0,0,1,0,0,0,Capsule Chip_Count_NoItem,,I_D_Capsule_Key_1,,0,0,0,0,0,0,0,0,1,00,0,1,0,0,0
45500102,Capsule_Key_1,45500101,4,5,1601,0,0,100,149,0,1,1,0,1,0,0,0,0,0,0,0,0,0,0,5,0,0,1,1,1,0,0,Capsule Chip_Count_1,1,I_D_Capsule_Key_1,,0,0,0,0,0,0,0,0,1,00,0,1,0,0,0
45500103,Capsule_Key_1,45500101,4,5,1601,0,0,400,695,0,1,1,0,0,0,0,0,0,0,0,0,0,0,0,5,0,0,5,1,1,0,0,Capsule Chip_Count_5,2,I_D_Capsule_Key_1,,0,0,0,0,0,0,0,0,1,00,0,1,0,0,0
45500104,Capsule_Key_1,45500101,4,5,1601,0,0,600,1090,0,1,1,0,0,0,0,0,0,0,0,0,0,0,0,5,0,0,10,1,1,0,0,Capsule Chip_Count_10,3,I_D_Capsule_Key_1,,0,0,0,0,0,0,0,0,1,00,0,1,0,0,0
81400101,Light_Feather,81400101,8,1,0,0,0,0,0,0,0,0,0,0,0,0,0,0,0,0,0,0,0,0,4,0,3600,0,1,0,0,0,Featherfall_Period_NoItem,,I_D_Light_Feather,,0,CYOV_Psy_B,0,0,0,0,0,0,1,00,0,1,0,0,5
81400102,Light_Feather,81400101,8,1,0,0,0,700,700,0,0,1,0,1,0,0,0,0,0,0,0,0,0,0,4,0,86400,0,1,0,0,0,Featherfall_Period_24,1,I_D_Light_Feather,,0,CYOV_Psy_B,0,0,0,0,0,0,1,00,0,1,0,0,5
81400103,Light_Feather,81400101,8,1,0,0,0,2940,4000,0,0,1,0,0,0,0,0,0,0,0,0,0,0,0,4,0,604800,0,1,0,0,0,Featherfall_Period_168,2,I_D_Light_Feather,,0,CYOV_Psy_B,0,0,0,0,0,0,1,00,0,1,0,0,5
81400104,Light_Feather,81400101,8,1,0,0,0,8400,13200,0,0,1,0,0,0,0,0,0,0,0,0,0,0,0,4,0,2592000,0,1,0,0,0,Featherfall_Period_720,3,I_D_Light_Feather,,0,CYOV_Psy_B,0,0,0,0,0,0,1,00,0,1,0,0,5
81400501,Tightwad,81400501,8,1,0,0,0,0,0,0,0,0,0,0,0,0,0,0,0,0,0,0,0,0,4,0,3600,0,1,0,0,0,Deathgrip_Period_NoItem,,I_D_Tightwad,,0,CYOV_Psy_Y,0,0,0,0,0,0,1,00,0,1,0,0,5
81400502,Tightwad,81400501,8,1,0,0,0,665,700,0,0,1,0,1,0,0,0,0,0,0,0,0,0,0,4,0,86400,0,1,0,0,0,Deathgrip_Period_24,1,I_D_Tightwad,,0,CYOV_Psy_Y,0,0,0,0,0,0,1,00,0,1,0,0,5
81400503,Tightwad,81400501,8,1,0,0,0,2793,4000,0,0,1,0,0,0,0,0,0,0,0,0,0,0,0,4,0,604800,0,1,0,0,0,Deathgrip_Period_168,2,I_D_Tightwad,,0,CYOV_Psy_Y,0,0,0,0,0,0,1,00,0,1,0,0,5
81400504,Tightwad,81400501,8,1,0,0,0,7980,13200,0,0,1,0,0,0,0,0,0,0,0,0,0,0,0,4,0,2592000,0,1,0,0,0,Deathgrip_Period_720,3,I_D_Tightwad,,0,CYOV_Psy_Y,0,0,0,0,0,0,1,00,0,1,0,0,5
81400801,BatsAuditoryS,81400801,8,1,0,0,0,0,0,0,0,0,0,0,0,0,0,0,0,0,0,0,0,0,4,0,3600,0,1,0,0,0,Echolocation_Period_NoItem,,I_D_BatsAuditoryS,,0,CYOV_Psy_R,0,0,0,0,0,0,1,00,0,1,0,0,5
81400802,BatsAuditoryS,81400801,8,1,0,0,0,840,700,0,0,1,0,1,0,0,0,0,0,0,0,0,0,0,4,0,86400,0,1,0,0,0,Echolocation_Period_24,1,I_D_BatsAuditoryS,,0,CYOV_Psy_R,0,0,0,0,0,0,1,00,0,1,0,0,5
81400803,BatsAuditoryS,81400801,8,1,0,0,0,3528,4000,0,0,1,0,0,0,0,0,0,0,0,0,0,0,0,4,0,604800,0,1,0,0,0,Echolocation_Period_168,2,I_D_BatsAuditoryS,,0,CYOV_Psy_R,0,0,0,0,0,0,1,00,0,1,0,0,5
81400804,BatsAuditoryS,81400801,8,1,0,0,0,10080,13200,0,0,1,0,0,0,0,0,0,0,0,0,0,0,0,4,0,2592000,0,1,0,0,0,Echolocation_Period_720,3,I_D_BatsAuditoryS,,0,CYOV_Psy_R,0,0,0,0,0,0,1,00,0,1,0,0,5
81400901,Tanker,81400901,8,1,0,0,0,0,0,0,0,0,0,0,0,0,0,0,0,0,0,0,0,0,4,0,3600,0,1,0,0,0,Beefcake_Period_NoItem,,I_D_Tanker,,0,CYOV_Psy_G,0,0,0,0,0,0,1,00,0,1,0,0,5
81400902,Tanker,81400901,8,1,0,0,0,735,700,0,0,1,0,1,0,0,0,0,0,0,0,0,0,0,4,0,86400,0,1,0,0,0,Beefcake_Period_24,1,I_D_Tanker,,0,CYOV_Psy_G,0,0,0,0,0,0,1,00,0,1,0,0,5
81400903,Tanker,81400901,8,1,0,0,0,3087,4000,0,0,1,0,0,0,0,0,0,0,0,0,0,0,0,4,0,604800,0,1,0,0,0,Beefcake_Period_168,2,I_D_Tanker,,0,CYOV_Psy_G,0,0,0,0,0,0,1,00,0,1,0,0,5
81400904,Tanker,81400901,8,1,0,0,0,8820,13200,0,0,1,0,0,0,0,0,0,0,0,0,0,0,0,4,0,2592000,0,1,0,0,0,Beefcake_Period_720,3,I_D_Tanker,,0,CYOV_Psy_G,0,0,0,0,0,0,1,00,0,1,0,0,5
81401001,MultipleBloodClots,81401001,8,1,0,0,0,0,0,0,0,0,0,0,0,0,0,0,0,0,0,0,0,0,4,0,3600,0,1,0,0,0,Swift Vengeance_Period_NoItem,,I_D_MultipleBloodClots,,0,CYOV_Psy_R,0,0,0,0,0,0,1,00,0,1,0,0,5
81401002,MultipleBloodClots,81401001,8,1,0,0,0,735,700,0,0,1,0,1,0,0,0,0,0,0,0,0,0,0,4,0,86400,0,1,0,0,0,Swift Vengeance_Period_24,1,I_D_MultipleBloodClots,,0,CYOV_Psy_R,0,0,0,0,0,0,1,00,0,1,0,0,5
81401003,MultipleBloodClots,81401001,8,1,0,0,0,3087,4000,0,0,1,0,0,0,0,0,0,0,0,0,0,0,0,4,0,604800,0,1,0,0,0,Swift Vengeance_Period_168,2,I_D_MultipleBloodClots,,0,CYOV_Psy_R,0,0,0,0,0,0,1,00,0,1,0,0,5
81401004,MultipleBloodClots,81401001,8,1,0,0,0,8820,13200,0,0,1,0,0,0,0,0,0,0,0,0,0,0,0,4,0,2592000,0,1,0,0,0,Swift Vengeance_Period_720,3,I_D_MultipleBloodClots,,0,CYOV_Psy_R,0,0,0,0,0,0,1,00,0,1,0,0,5
81401101,MasterOfRaids,81401101,8,1,0,0,0,0,0,0,0,0,0,0,0,0,0,0,0,0,0,0,0,0,4,0,3600,0,1,0,0,0,Phantom Hand_Period_NoItem,,I_D_MasterOfRaids,,0,CYOV_Psy_R,0,0,0,0,0,0,1,00,0,1,0,0,5
81401102,MasterOfRaids,81401101,8,1,0,0,0,735,700,0,0,1,0,1,0,0,0,0,0,0,0,0,0,0,4,0,86400,0,1,0,0,0,Phantom Hand_Period_24,1,I_D_MasterOfRaids,,0,CYOV_Psy_R,0,0,0,0,0,0,1,00,0,1,0,0,5
81401103,MasterOfRaids,81401101,8,1,0,0,0,3087,4000,0,0,1,0,0,0,0,0,0,0,0,0,0,0,0,4,0,604800,0,1,0,0,0,Phantom Hand_Period_168,2,I_D_MasterOfRaids,,0,CYOV_Psy_R,0,0,0,0,0,0,1,00,0,1,0,0,5
81401104,MasterOfRaids,81401101,8,1,0,0,0,8820,13200,0,0,1,0,0,0,0,0,0,0,0,0,0,0,0,4,0,2592000,0,1,0,0,0,Phantom Hand_Period_720,3,I_D_MasterOfRaids,,0,CYOV_Psy_R,0,0,0,0,0,0,1,00,0,1,0,0,5
81401801,Repairman,81401801,8,1,0,0,0,0,0,0,0,0,0,0,0,0,0,0,0,0,0,0,0,0,4,0,3600,0,1,0,0,0,Icepack_Period_NoItem,,I_D_Repairman,,0,CYOV_Psy_W,0,0,0,0,0,0,1,00,0,1,0,0,5
81401802,Repairman,81401801,8,1,0,0,0,665,700,0,0,1,0,1,0,0,0,0,0,0,0,0,0,0,4,0,86400,0,1,0,0,0,Icepack_Period_24,1,I_D_Repairman,,0,CYOV_Psy_W,0,0,0,0,0,0,1,00,0,1,0,0,5
81401803,Repairman,81401801,8,1,0,0,0,2793,4000,0,0,1,0,0,0,0,0,0,0,0,0,0,0,0,4,0,604800,0,1,0,0,0,Icepack_Period_168,2,I_D_Repairman,,0,CYOV_Psy_W,0,0,0,0,0,0,1,00,0,1,0,0,5
81401804,Repairman,81401801,8,1,0,0,0,7980,13200,0,0,1,0,0,0,0,0,0,0,0,0,0,0,0,4,0,2592000,0,1,0,0,0,Icepack_Period_720,3,I_D_Repairman,,0,CYOV_Psy_W,0,0,0,0,0,0,1,00,0,1,0,0,5
81402101,Endurance,81402101,8,1,0,0,0,0,0,0,0,0,0,0,0,0,0,0,0,0,0,0,0,0,4,0,3600,0,1,0,0,0,Bottled Rage_Period_NoItem,,I_D_Endurance,,0,CYOV_Psy_W,0,0,0,0,0,0,1,00,0,1,0,0,5
81402102,Endurance,81402101,8,1,0,0,0,735,700,0,0,1,0,1,0,0,0,0,0,0,0,0,0,0,4,0,86400,0,1,0,0,0,Bottled Rage_Period_24,1,I_D_Endurance,,0,CYOV_Psy_W,0,0,0,0,0,0,1,00,0,1,0,0,5
81402103,Endurance,81402101,8,1,0,0,0,3087,4000,0,0,1,0,0,0,0,0,0,0,0,0,0,0,0,4,0,604800,0,1,0,0,0,Bottled Rage_Period_168,2,I_D_Endurance,,0,CYOV_Psy_W,0,0,0,0,0,0,1,00,0,1,0,0,5
81402104,Endurance,81402101,8,1,0,0,0,8820,13200,0,0,1,0,0,0,0,0,0,0,0,0,0,0,0,4,0,2592000,0,1,0,0,0,Bottled Rage_Period_720,3,I_D_Endurance,,0,CYOV_Psy_W,0,0,0,0,0,0,1,00,0,1,0,0,5
81402201,QuickTrancformation,81402201,8,1,0,0,0,0,0,0,0,0,0,0,0,0,0,0,0,0,0,0,0,0,4,0,3600,0,1,0,0,0,Amplified Rage_Period_NoItem,,I_D_QuickTrancformation,,0,CYOV_Psy_Y,0,0,0,0,0,0,1,00,0,1,0,0,5
81402202,QuickTrancformation,81402201,8,1,0,0,0,735,700,0,0,1,0,1,0,0,0,0,0,0,0,0,0,0,4,0,86400,0,1,0,0,0,Amplified Rage_Period_24,1,I_D_QuickTrancformation,,0,CYOV_Psy_Y,0,0,0,0,0,0,1,00,0,1,0,0,5
81402203,QuickTrancformation,81402201,8,1,0,0,0,3087,4000,0,0,1,0,0,0,0,0,0,0,0,0,0,0,0,4,0,604800,0,1,0,0,0,Amplified Rage_Period_168,2,I_D_QuickTrancformation,,0,CYOV_Psy_Y,0,0,0,0,0,0,1,00,0,1,0,0,5
81402204,QuickTrancformation,81402201,8,1,0,0,0,8820,13200,0,0,1,0,0,0,0,0,0,0,0,0,0,0,0,4,0,2592000,0,1,0,0,0,Amplified Rage_Period_720,3,I_D_QuickTrancformation,,0,CYOV_Psy_Y,0,0,0,0,0,0,1,00,0,1,0,0,5
81402301,FlameGrenade,81402301,8,1,0,0,0,0,0,0,0,0,0,0,0,0,0,0,0,0,0,0,0,0,4,0,3600,0,1,0,0,0,Hydra Venom_Period_NoItem,,I_D_FlameGrenade,,0,CYOV_Psy_R,0,0,0,0,0,0,1,00,0,1,0,0,5
81402302,FlameGrenade,81402301,8,1,0,0,0,735,700,0,0,1,0,1,0,0,0,0,0,0,0,0,0,0,4,0,86400,0,1,0,0,0,Hydra Venom_Period_24,1,I_D_FlameGrenade,,0,CYOV_Psy_R,0,0,0,0,0,0,1,00,0,1,0,0,5
81402303,FlameGrenade,81402301,8,1,0,0,0,3087,4000,0,0,1,0,0,0,0,0,0,0,0,0,0,0,0,4,0,604800,0,1,0,0,0,Hydra Venom_Period_168,2,I_D_FlameGrenade,,0,CYOV_Psy_R,0,0,0,0,0,0,1,00,0,1,0,0,5
81402304,FlameGrenade,81402301,8,1,0,0,0,8820,13200,0,0,1,0,0,0,0,0,0,0,0,0,0,0,0,4,0,2592000,0,1,0,0,0,Hydra Venom_Period_720,3,I_D_FlameGrenade,,0,CYOV_Psy_R,0,0,0,0,0,0,1,00,0,1,0,0,5
81402401,TrancformationGrenade,81402401,8,1,0,0,0,0,0,0,0,0,0,0,0,0,0,0,0,0,0,0,0,0,4,0,3600,0,1,0,0,0,Mutation Suppressor_Period_NoItem,,I_D_TrancformationGrenade,,0,CYOV_Psy_R,0,0,0,0,0,0,1,00,0,1,0,0,5
81402402,TrancformationGrenade,81402401,8,1,0,0,0,770,700,0,0,1,0,1,0,0,0,0,0,0,0,0,0,0,4,0,86400,0,1,0,0,0,Mutation Suppressor_Period_24,1,I_D_TrancformationGrenade,,0,CYOV_Psy_R,0,0,0,0,0,0,1,00,0,1,0,0,5
81402403,TrancformationGrenade,81402401,8,1,0,0,0,3234,4000,0,0,1,0,0,0,0,0,0,0,0,0,0,0,0,4,0,604800,0,1,0,0,0,Mutation Suppressor_Period_168,2,I_D_TrancformationGrenade,,0,CYOV_Psy_R,0,0,0,0,0,0,1,00,0,1,0,0,5
81402404,TrancformationGrenade,81402401,8,1,0,0,0,9240,13200,0,0,1,0,0,0,0,0,0,0,0,0,0,0,0,4,0,2592000,0,1,0,0,0,Mutation Suppressor_Period_720,3,I_D_TrancformationGrenade,,0,CYOV_Psy_R,0,0,0,0,0,0,1,00,0,1,0,0,5
81402501,FastMoveInMainWep,81402501,8,1,0,0,0,0,0,0,0,0,0,0,0,0,0,0,0,0,0,0,0,0,4,0,3600,0,1,0,0,0,Fleet foot_Period_NoItem,,I_D_FastMoveInMainWep,,0,CYOV_Psy_B,0,0,0,0,0,0,1,00,0,1,0,0,5
81402502,FastMoveInMainWep,81402501,8,1,0,0,0,840,700,0,0,1,0,1,0,0,0,0,0,0,0,0,0,0,4,0,86400,0,1,0,0,0,Fleet foot_Period_24,1,I_D_FastMoveInMainWep,,0,CYOV_Psy_B,0,0,0,0,0,0,1,00,0,1,0,0,5
81402503,FastMoveInMainWep,81402501,8,1,0,0,0,3528,4000,0,0,1,0,0,0,0,0,0,0,0,0,0,0,0,4,0,604800,0,1,0,0,0,Fleet foot_Period_168,2,I_D_FastMoveInMainWep,,0,CYOV_Psy_B,0,0,0,0,0,0,1,00,0,1,0,0,5
81402504,FastMoveInMainWep,81402501,8,1,0,0,0,10080,13200,0,0,1,0,0,0,0,0,0,0,0,0,0,0,0,4,0,2592000,0,1,0,0,0,Fleet foot_Period_720,3,I_D_FastMoveInMainWep,,0,CYOV_Psy_B,0,0,0,0,0,0,1,00,0,1,0,0,5
81402601,AutoHealing,81402601,8,1,0,0,0,0,0,0,0,0,0,0,0,0,0,0,0,0,0,0,0,0,4,0,3600,0,1,0,0,0,Deathproof_Period_NoItem,,I_D_AutoHealing,,0,CYOV_Psy_W,0,0,0,0,0,0,1,00,0,1,0,0,5
81402602,AutoHealing,81402601,8,1,0,0,0,805,700,0,0,1,0,1,0,0,0,0,0,0,0,0,0,0,4,0,86400,0,1,0,0,0,Deathproof_Period_24,1,I_D_AutoHealing,,0,CYOV_Psy_W,0,0,0,0,0,0,1,00,0,1,0,0,5
81402603,AutoHealing,81402601,8,1,0,0,0,3381,4000,0,0,1,0,0,0,0,0,0,0,0,0,0,0,0,4,0,604800,0,1,0,0,0,Deathproof_Period_168,2,I_D_AutoHealing,,0,CYOV_Psy_W,0,0,0,0,0,0,1,00,0,1,0,0,5
81402604,AutoHealing,81402601,8,1,0,0,0,9660,13200,0,0,1,0,0,0,0,0,0,0,0,0,0,0,0,4,0,2592000,0,1,0,0,0,Deathproof_Period_720,3,I_D_AutoHealing,,0,CYOV_Psy_W,0,0,0,0,0,0,1,00,0,1,0,0,5
81402701,CannotBombSuicide,81402701,8,1,0,0,0,0,0,0,0,0,0,0,0,0,0,0,0,0,0,0,0,0,4,0,3600,0,1,0,0,0,Fragproof_Period_NoItem,,I_D_CannotBombSuicide,,0,CYOV_Psy_W,0,0,0,0,0,0,1,00,0,1,0,0,5
81402702,CannotBombSuicide,81402701,8,1,0,0,0,770,700,0,0,1,0,1,0,0,0,0,0,0,0,0,0,0,4,0,86400,0,1,0,0,0,Fragproof_Period_24,1,I_D_CannotBombSuicide,,0,CYOV_Psy_W,0,0,0,0,0,0,1,00,0,1,0,0,5
81402703,CannotBombSuicide,81402701,8,1,0,0,0,3234,4000,0,0,1,0,0,0,0,0,0,0,0,0,0,0,0,4,0,604800,0,1,0,0,0,Fragproof_Period_168,2,I_D_CannotBombSuicide,,0,CYOV_Psy_W,0,0,0,0,0,0,1,00,0,1,0,0,5
81402704,CannotBombSuicide,81402701,8,1,0,0,0,9240,13200,0,0,1,0,0,0,0,0,0,0,0,0,0,0,0,4,0,2592000,0,1,0,0,0,Fragproof_Period_720,3,I_D_CannotBombSuicide,,0,CYOV_Psy_W,0,0,0,0,0,0,1,00,0,1,0,0,5
81402801,PickPocketInFinishblow,81402801,8,1,0,0,0,0,0,0,0,0,0,0,0,0,0,0,0,0,0,0,0,0,4,0,3600,0,1,0,0,0,Snatching_Period_NoItem,,I_D_PickPocketInFinishblow,,0,CYOV_Psy_R,0,0,0,0,0,0,1,00,0,1,0,0,5
81402802,PickPocketInFinishblow,81402801,8,1,0,0,0,1200,700,0,0,1,0,1,0,0,0,0,0,0,0,0,0,0,4,0,86400,0,1,0,0,0,Snatching_Period_24,1,I_D_PickPocketInFinishblow,,0,CYOV_Psy_R,0,0,0,0,0,0,1,00,0,1,0,0,5
81402803,PickPocketInFinishblow,81402801,8,1,0,0,0,7100,4000,0,0,1,0,0,0,0,0,0,0,0,0,0,0,0,4,0,604800,0,1,0,0,0,Snatching_Period_168,2,I_D_PickPocketInFinishblow,,0,CYOV_Psy_R,0,0,0,0,0,0,1,00,0,1,0,0,5
81402804,PickPocketInFinishblow,81402801,8,1,0,0,0,23800,13200,0,0,1,0,0,0,0,0,0,0,0,0,0,0,0,4,0,2592000,0,1,0,0,0,Snatching_Period_720,3,I_D_PickPocketInFinishblow,,0,CYOV_Psy_R,0,0,0,0,0,0,1,00,0,1,0,0,5
81402901,Curse,81402901,8,1,0,0,0,0,0,0,0,0,0,0,0,0,0,0,0,0,0,0,0,0,4,0,3600,0,1,0,0,0,Curse_Period_NoItem,,I_D_Curse,,0,CYOV_Psy_R,0,0,0,0,0,0,1,00,0,1,0,0,5
81402902,Curse,81402901,8,1,0,0,0,1200,700,0,0,1,0,1,0,0,0,0,0,0,0,0,0,0,4,0,86400,0,1,0,0,0,Curse_Period_24,1,I_D_Curse,,0,CYOV_Psy_R,0,0,0,0,0,0,1,00,0,1,0,0,5
81402903,Curse,81402901,8,1,0,0,0,7100,4000,0,0,1,0,0,0,0,0,0,0,0,0,0,0,0,4,0,604800,0,1,0,0,0,Curse_Period_168,2,I_D_Curse,,0,CYOV_Psy_R,0,0,0,0,0,0,1,00,0,1,0,0,5
81402904,Curse,81402901,8,1,0,0,0,23800,13200,0,0,1,0,0,0,0,0,0,0,0,0,0,0,0,4,0,2592000,0,1,0,0,0,Curse_Period_720,3,I_D_Curse,,0,CYOV_Psy_R,0,0,0,0,0,0,1,00,0,1,0,0,5
81403001,MeleeMaster,81403001,8,1,0,0,0,0,0,0,0,0,0,0,0,0,0,0,0,0,0,0,0,0,4,0,3600,0,1,0,0,0,MeleeMaster_Period_NoItem,,I_D_MeleeMaster,,0,CYOV_Psy_B,0,0,0,0,0,0,1,00,0,1,0,0,5
81403002,MeleeMaster,81403001,8,1,0,0,0,1200,700,0,0,1,0,1,0,0,0,0,0,0,0,0,0,0,4,0,86400,0,1,0,0,0,MeleeMaster_Period_24,1,I_D_MeleeMaster,,0,CYOV_Psy_B,0,0,0,0,0,0,1,00,0,1,0,0,5
81403003,MeleeMaster,81403001,8,1,0,0,0,7100,4000,0,0,1,0,0,0,0,0,0,0,0,0,0,0,0,4,0,604800,0,1,0,0,0,MeleeMaster_Period_168,2,I_D_MeleeMaster,,0,CYOV_Psy_B,0,0,0,0,0,0,1,00,0,1,0,0,5
81403004,MeleeMaster,81403001,8,1,0,0,0,23800,13200,0,0,1,0,0,0,0,0,0,0,0,0,0,0,0,4,0,2592000,0,1,0,0,0,MeleeMaster_Period_720,3,I_D_MeleeMaster,,0,CYOV_Psy_B,0,0,0,0,0,0,1,00,0,1,0,0,5
81403101,Silent,81403101,8,1,0,0,0,0,0,0,0,0,0,0,0,0,0,0,0,0,0,0,0,0,4,0,3600,0,1,0,0,0,Silent_Period_NoItem,,I_D_Silent,,0,CYOV_Psy_B,0,0,0,0,0,0,1,00,0,1,0,0,5
81403102,Silent,81403101,8,1,0,0,0,1200,700,0,0,1,0,1,0,0,0,0,0,0,0,0,0,0,4,0,86400,0,1,0,0,0,Silent_Period_24,1,I_D_Silent,,0,CYOV_Psy_B,0,0,0,0,0,0,1,00,0,1,0,0,5
81403103,Silent,81403101,8,1,0,0,0,7100,4000,0,0,1,0,0,0,0,0,0,0,0,0,0,0,0,4,0,604800,0,1,0,0,0,Silent_Period_168,2,I_D_Silent,,0,CYOV_Psy_B,0,0,0,0,0,0,1,00,0,1,0,0,5
81403104,Silent,81403101,8,1,0,0,0,23800,13200,0,0,1,0,0,0,0,0,0,0,0,0,0,0,0,4,0,2592000,0,1,0,0,0,Silent_Period_720,3,I_D_Silent,,0,CYOV_Psy_B,0,0,0,0,0,0,1,00,0,1,0,0,5
74500701,Capsule_X-Mas1,74500701,7,4,0,0,0,0,0,0,3,1,0,1,0,0,0,0,0,0,0,0,0,0,5,0,0,1,1,0,0,0,X-Mas AK47 Capsule_Count_NoItem,,I_D_Capsule_X-Mas1,,0,0,0,0,0,0,0,0,0,00,0,1,0,0,0
74500801,Capsule_X-Mas2,74500801,7,4,0,0,0,0,0,0,3,1,0,1,0,0,0,0,0,0,0,0,0,0,5,0,0,1,1,0,0,0,X-Mas Glock17C Capsule_Count_NoItem,,I_D_Capsule_X-Mas2,,0,0,0,0,0,0,0,0,0,00,0,1,0,0,0
74500901,Capsule_X-Mas3,74500901,7,4,0,0,0,0,0,0,3,1,0,1,0,0,0,0,0,0,0,0,0,0,5,0,0,1,1,0,0,0,X-Mas Scythe Capsule_Count_NoItem,,I_D_Capsule_X-Mas3,,0,0,0,0,0,0,0,0,0,00,0,1,0,0,0
73500701,Capsule_Chip7,73500701,7,3,0,0,0,0,0,0,2,1,0,1,0,0,0,0,0,0,0,0,0,0,5,0,0,1,1,0,0,0,M4A1 SAS Capsule_Count_NoItem,,I_D_Capsule_Chip7,,0,0,0,0,0,0,0,0,0,00,0,1,0,0,0
73500501,Capsule_Chip5,73500501,7,3,0,0,0,0,0,0,2,0,0,1,0,0,0,0,0,0,0,0,0,0,5,0,0,1,1,0,0,0,FD99 Skull Capsule_Count_NoItem,,I_D_Capsule_Chip5,,0,0,0,0,0,0,0,0,0,00,0,1,0,0,0
73500601,Capsule_Chip6,73500601,7,3,0,0,0,0,0,0,2,1,0,1,0,0,0,0,0,0,0,0,0,0,5,0,0,1,1,0,0,0,PattenPk470 Skull Capsule_Count_NoItem,,I_D_Capsule_Chip6,,0,0,0,0,0,0,0,0,0,00,0,1,0,0,0
73500201,Capsule_Chip2,73500201,7,3,0,0,0,0,0,0,2,1,0,1,0,0,0,0,0,0,0,0,0,0,5,0,0,1,1,0,0,0,M40A3 Skull Capsule_Count_NoItem,,I_D_Capsule_Chip2,,0,0,0,0,0,0,0,0,0,00,0,1,0,0,0
73500101,Capsule_Chip1,73500101,7,3,0,0,0,0,0,0,2,1,0,1,0,0,0,0,0,0,0,0,0,0,5,0,0,1,1,0,0,0,Game Point Capsule_Count_NoItem,,I_D_Capsule_Chip1,,0,0,0,0,0,0,0,0,0,00,0,1,0,0,0
73500301,Capsule_Chip3,73500301,7,3,0,0,0,0,0,0,2,1,0,1,0,0,0,0,0,0,0,0,0,0,5,0,0,1,1,0,0,0,Desert Eagle Skull Capsule_Count_NoItem,,I_D_Capsule_Chip3,,0,0,0,0,0,0,0,0,0,00,0,1,0,0,0
73500401,Capsule_Chip4,73500401,7,3,0,0,0,0,0,0,2,1,0,1,0,0,0,0,0,0,0,0,0,0,5,0,0,1,1,0,0,0,Axe Skull Capsule_Count_NoItem,,I_D_Capsule_Chip4,,0,0,0,0,0,0,0,0,0,00,0,1,0,0,0
71500101,Capsule_Point1,71500101,7,1,0,0,0,0,0,0,0,1,0,1,0,0,0,0,0,0,0,0,0,0,5,0,0,1,1,0,0,0,N3 Plan Capsule_Count_NoItem,,I_D_Capsule_Point1,,0,0,0,0,0,0,0,0,0,04,0,1,0,0,0
71500201,Capsule_Point2,71500201,7,1,0,0,0,0,0,0,0,1,0,1,0,0,0,0,0,0,0,0,0,0,5,0,0,1,1,0,0,0,Impact Hammer Plan Capsule_Count_NoItem,,I_D_Capsule_Point2,,0,0,0,0,0,0,0,0,0,04,0,1,0,0,0
71500301,Capsule_Point3,71500301,7,1,0,0,0,0,0,0,0,1,0,1,0,0,0,0,0,0,0,0,0,0,5,0,0,1,1,0,0,0,Grenade Bow Plan Capsule_Count_NoItem,,I_D_Capsule_Point3,,0,0,0,0,0,0,0,0,0,04,0,1,0,0,0
